# Blender 4.5.9 LTS
# www.blender.org
o GEO_Robot_Goal
v 4.534304 -0.941998 1.438016
v 4.539352 -0.935694 1.436533
v 4.539433 -0.935694 1.436908
v 4.541243 -0.928231 1.436523
v 4.539631 -0.935694 1.437265
v 4.535032 -0.941998 1.439380
v 4.536178 -0.941998 1.440566
v 4.539939 -0.935694 1.437561
v 4.537667 -0.941998 1.441456
v 4.540334 -0.935694 1.437798
v 4.539404 -0.941998 1.442010
v 4.540779 -0.935694 1.437937
v 4.539433 -0.920769 1.436908
v 4.539631 -0.920769 1.437265
v 4.539939 -0.920769 1.437561
v 4.540334 -0.920769 1.437798
v 4.536178 -0.914464 1.440566
v 4.537667 -0.914464 1.441456
v 4.540779 -0.920769 1.437937
v 4.539404 -0.914464 1.442010
v 4.535032 -0.914464 1.439380
v 4.534304 -0.914464 1.438016
v 4.534053 -0.914464 1.436533
v 4.539352 -0.920769 1.436533
v 4.534053 -0.914464 0.008265
v 4.539352 -0.920769 0.008265
v 4.541228 -0.928231 0.008265
v 4.539352 -0.935694 0.008265
v 4.534053 -0.941998 1.436533
v 4.534053 -0.941999 0.008265
v 4.541256 -0.935694 1.437976
v 4.952700 -0.935694 1.437976
v 4.952700 -0.941999 1.442208
v 4.953739 -0.941999 1.442128
v 4.952980 -0.935694 1.437957
v 4.954750 -0.941999 1.441950
v 4.953235 -0.935694 1.437897
v 4.955699 -0.941999 1.441634
v 4.953485 -0.935694 1.437818
v 4.956626 -0.941999 1.441239
v 4.953711 -0.935694 1.437700
v 4.957439 -0.941999 1.440724
v 4.953906 -0.935694 1.437561
v 4.958142 -0.941999 1.440112
v 4.954071 -0.935694 1.437403
v 5.468260 -0.941999 0.025842
v 5.464193 -0.935694 0.023133
v 5.464336 -0.935694 0.022955
v 5.468821 -0.941999 0.025229
v 5.464448 -0.935694 0.022797
v 5.469271 -0.941999 0.024557
v 5.464531 -0.935694 0.022599
v 5.469607 -0.941999 0.023865
v 5.464589 -0.935694 0.022422
v 5.469803 -0.941999 0.023133
v 4.541256 -0.941998 1.442208
v 5.462761 -0.928231 0.022165
v 4.952672 -0.928231 1.436454
v 4.952700 -0.928231 1.436474
v 4.541256 -0.920769 1.437976
v 4.952700 -0.920769 1.437976
v 4.541256 -0.914464 1.442208
v 4.952700 -0.914464 1.442208
v 4.952980 -0.920769 1.437957
v 4.953739 -0.914464 1.442128
v 4.953235 -0.920769 1.437897
v 4.954750 -0.914464 1.441950
v 4.953485 -0.920769 1.437818
v 4.955699 -0.914464 1.441634
v 4.953711 -0.920769 1.437700
v 4.956626 -0.914464 1.441239
v 4.953906 -0.920769 1.437561
v 4.957439 -0.914464 1.440724
v 4.954071 -0.920769 1.437403
v 4.958142 -0.914464 1.440112
v 5.464193 -0.920769 0.023133
v 5.468260 -0.914464 0.025842
v 5.468821 -0.914464 0.025229
v 5.464336 -0.920769 0.022955
v 5.469271 -0.914464 0.024557
v 5.464448 -0.920769 0.022797
v 5.469607 -0.914464 0.023865
v 5.464531 -0.920769 0.022599
v 5.469803 -0.914464 0.023133
v 5.464589 -0.920769 0.022422
v 4.523535 -0.928289 1.429682
v 4.515117 -0.928289 1.431262
v 4.508022 -0.928289 1.435791
v 4.503252 -0.928289 1.442560
v 4.501599 -0.928289 1.450532
v 4.545437 -0.928289 1.450532
v 4.543778 -0.928289 1.442560
v 4.539012 -0.928289 1.435791
v 4.531918 -0.928289 1.431262
v 4.503252 -0.928289 1.458504
v 4.508022 -0.928289 1.465273
v 4.515117 -0.928289 1.469801
v 4.523535 -0.928289 1.471381
v 4.531918 -0.928289 1.469801
v 4.539012 -0.928289 1.465273
v 4.543778 -0.928289 1.458504
v 4.499469 -0.941998 1.436533
v 4.494170 -0.935694 1.436533
v 4.499470 -0.941999 0.008265
v 4.494170 -0.935694 0.008265
v 4.495795 -0.935694 1.446241
v 4.500929 -0.941998 1.445153
v 4.500508 -0.935694 1.455276
v 4.505104 -0.941998 1.453161
v 4.507994 -0.935694 1.463047
v 4.511726 -0.941998 1.460061
v 4.517728 -0.935694 1.468998
v 4.520388 -0.941998 1.465340
v 4.529084 -0.935694 1.472734
v 4.530459 -0.941998 1.468642
v 4.528607 -0.928231 1.474158
v 4.516803 -0.928231 1.470283
v 4.506677 -0.928231 1.464095
v 4.498878 -0.928231 1.456028
v 4.494000 -0.928231 1.446617
v 4.492318 -0.928231 1.436533
v 4.492318 -0.928231 0.008265
v 4.494170 -0.920769 1.436533
v 4.494170 -0.920769 0.008265
v 4.499469 -0.914464 1.436533
v 4.499470 -0.914464 0.008265
v 4.529084 -0.920769 1.472734
v 4.500929 -0.914464 1.445153
v 4.495795 -0.920769 1.446241
v 4.500508 -0.920769 1.455276
v 4.507994 -0.920769 1.463047
v 4.517728 -0.920769 1.468998
v 4.530459 -0.914464 1.468642
v 4.520388 -0.914464 1.465340
v 4.511726 -0.914464 1.460061
v 4.505104 -0.914464 1.453161
v 4.526113 -0.910241 0.008265
v 4.526113 -0.910241 1.436533
v 4.526648 -0.910241 1.439657
v 4.528158 -0.910241 1.442544
v 4.516775 -0.908737 0.008265
v 4.516775 -0.908737 1.436533
v 4.507405 -0.910241 0.008265
v 4.507405 -0.910241 1.436533
v 4.508585 -0.910241 1.443513
v 4.517616 -0.908737 1.441575
v 4.520053 -0.908737 1.446280
v 4.511976 -0.910241 1.449997
v 4.517333 -0.910241 1.455573
v 4.524347 -0.910241 1.459863
v 4.532507 -0.910241 1.462533
v 4.541256 -0.910241 1.463442
v 4.541256 -0.914464 1.469769
v 4.952700 -0.910241 1.463442
v 4.952700 -0.914464 1.469769
v 4.957609 -0.910241 1.463145
v 4.958756 -0.914464 1.469413
v 4.962378 -0.910241 1.462295
v 4.964675 -0.914464 1.468365
v 4.966975 -0.910241 1.460891
v 4.970342 -0.914464 1.466625
v 4.971268 -0.910241 1.458974
v 4.975613 -0.914464 1.464272
v 4.975135 -0.910241 1.456581
v 4.980409 -0.914464 1.461307
v 4.978387 -0.910242 1.454173
v 4.984643 -0.914464 1.457847
v 5.488509 -0.910242 0.039903
v 5.494765 -0.914464 0.043557
v 5.497988 -0.914464 0.040018
v 5.491313 -0.910241 0.036618
v 5.500628 -0.914464 0.036163
v 5.481499 -0.908737 0.034700
v 4.971406 -0.908737 1.448989
v 4.968939 -0.908737 1.451025
v 4.966106 -0.908737 1.452746
v 4.963021 -0.908737 1.454130
v 4.959711 -0.908737 1.455158
v 4.956234 -0.908737 1.455770
v 4.952700 -0.908737 1.455988
v 4.541256 -0.908737 1.455988
v 4.534918 -0.908737 1.455336
v 4.529027 -0.908737 1.453398
v 4.523955 -0.908737 1.450314
v 4.530572 -0.910241 1.445035
v 4.533713 -0.910241 1.446933
v 4.537360 -0.910241 1.448119
v 4.541256 -0.910241 1.448534
v 4.952700 -0.910241 1.448534
v 4.954889 -0.910241 1.448396
v 4.957018 -0.910241 1.448000
v 4.959068 -0.910241 1.447368
v 4.960975 -0.910241 1.446518
v 4.962714 -0.910241 1.445450
v 4.964226 -0.910241 1.444185
v 5.474347 -0.910241 0.029915
v 5.483406 -0.908737 0.032624
v 5.493447 -0.910241 0.033494
v 5.502617 -0.914464 0.032070
v 5.495044 -0.910241 0.030192
v 5.503879 -0.914464 0.027799
v 5.484947 -0.908737 0.030370
v 5.475495 -0.910241 0.028630
v 5.476451 -0.910241 0.027226
v 5.486098 -0.908737 0.027958
v 5.496084 -0.910241 0.026732
v 5.504831 -0.914464 0.007652
v 5.496896 -0.910241 0.007474
v 5.486854 -0.908737 0.025467
v 5.487529 -0.908737 0.007277
v 5.477180 -0.910241 0.025743
v 5.477627 -0.910241 0.024201
v 5.478189 -0.910241 0.007079
v 5.470252 -0.914464 0.006921
v 4.526113 -0.946221 1.436533
v 4.526113 -0.946221 0.008265
v 4.516775 -0.947725 1.436533
v 4.526648 -0.946221 1.439657
v 4.528158 -0.946221 1.442544
v 4.530572 -0.946221 1.445035
v 4.533713 -0.946221 1.446933
v 4.537360 -0.946221 1.448119
v 4.541256 -0.946221 1.448534
v 4.952700 -0.946221 1.448534
v 4.954889 -0.946221 1.448396
v 4.957018 -0.946221 1.448000
v 4.959068 -0.946221 1.447368
v 4.960975 -0.946221 1.446518
v 4.962714 -0.946221 1.445450
v 4.964226 -0.946221 1.444185
v 5.474347 -0.946221 0.029915
v 5.475495 -0.946221 0.028630
v 5.481499 -0.947725 0.034700
v 4.971406 -0.947725 1.448989
v 4.968939 -0.947725 1.451025
v 4.966106 -0.947725 1.452746
v 4.963021 -0.947725 1.454130
v 4.959711 -0.947725 1.455158
v 4.956234 -0.947725 1.455770
v 4.952700 -0.947725 1.455988
v 4.541256 -0.947725 1.455988
v 4.534918 -0.947725 1.455336
v 4.529027 -0.947725 1.453398
v 4.523955 -0.947725 1.450314
v 4.520053 -0.947725 1.446280
v 4.517616 -0.947725 1.441575
v 4.508585 -0.946221 1.443513
v 4.511976 -0.946221 1.449997
v 4.517333 -0.946221 1.455573
v 4.524347 -0.946221 1.459863
v 4.532507 -0.946221 1.462533
v 4.541256 -0.946221 1.463442
v 4.952700 -0.946221 1.463442
v 4.957609 -0.946221 1.463145
v 4.962378 -0.946221 1.462295
v 4.966975 -0.946221 1.460891
v 4.971268 -0.946221 1.458974
v 4.975135 -0.946221 1.456581
v 4.978557 -0.946221 1.453774
v 5.488679 -0.946221 0.039504
v 5.483406 -0.947725 0.032624
v 5.476451 -0.946221 0.027226
v 5.477180 -0.946221 0.025743
v 5.484947 -0.947725 0.030370
v 5.491313 -0.946221 0.036618
v 5.494765 -0.941999 0.043557
v 4.984643 -0.941999 1.457847
v 4.980409 -0.941999 1.461307
v 4.975613 -0.941999 1.464272
v 4.970342 -0.941999 1.466625
v 4.964675 -0.941999 1.468365
v 4.958756 -0.941999 1.469413
v 4.952700 -0.941999 1.469769
v 4.541256 -0.941998 1.469769
v 4.507405 -0.946221 1.436533
v 4.507405 -0.946221 0.008265
v 4.516775 -0.947725 0.008265
v 4.541256 -0.920769 1.474000
v 4.541256 -0.928231 1.475482
v 4.541256 -0.935694 1.474000
v 4.952700 -0.935694 1.474000
v 4.959515 -0.935694 1.473585
v 4.966190 -0.935694 1.472399
v 4.972556 -0.935694 1.470461
v 4.978528 -0.935694 1.467792
v 4.983940 -0.935694 1.464470
v 4.988711 -0.935694 1.460555
v 5.498801 -0.935694 0.046286
v 5.497988 -0.941999 0.040018
v 5.502477 -0.935694 0.042292
v 5.500628 -0.941999 0.036163
v 5.500232 -0.928231 0.047235
v 4.990113 -0.928231 1.461504
v 4.985178 -0.928231 1.465577
v 4.979538 -0.928231 1.469037
v 4.973342 -0.928231 1.471805
v 4.966725 -0.928231 1.473822
v 4.959796 -0.928231 1.475067
v 4.952700 -0.928231 1.475482
v 4.952700 -0.920769 1.474000
v 4.959515 -0.920769 1.473585
v 4.966190 -0.920769 1.472399
v 4.972556 -0.920769 1.470461
v 4.978528 -0.920769 1.467792
v 4.983940 -0.920769 1.464470
v 4.988711 -0.920769 1.460555
v 5.498801 -0.920769 0.046286
v 5.504048 -0.928231 0.043083
v 5.505450 -0.935694 0.037942
v 5.502617 -0.941999 0.032070
v 5.507665 -0.935694 0.033316
v 5.503879 -0.941999 0.027799
v 5.509122 -0.935694 0.028511
v 5.509431 -0.928231 0.033770
v 5.510945 -0.928231 0.028768
v 5.507133 -0.928231 0.038575
v 5.502477 -0.920769 0.042292
v 5.505450 -0.920769 0.037942
v 5.507665 -0.920769 0.033316
v 5.509122 -0.920769 0.028511
v 5.463435 -0.924818 0.030645
v 5.465090 -0.924818 0.038647
v 5.469746 -0.924818 0.045423
v 5.476758 -0.924818 0.049940
v 5.485000 -0.924818 0.051526
v 5.493249 -0.924818 0.049940
v 5.500229 -0.924818 0.045423
v 5.504912 -0.924818 0.038647
v 5.506538 -0.924818 0.030645
v 5.465090 -0.924818 0.022668
v 5.469746 -0.924818 0.015892
v 5.476758 -0.924818 0.011351
v 5.485000 -0.924818 0.009765
v 5.493249 -0.924818 0.011351
v 5.500229 -0.924818 0.015892
v 5.504912 -0.924818 0.022668
v 5.488484 -0.941536 0.042727
v 5.488484 -0.935694 0.046622
v 5.462539 -0.935694 0.046622
v 5.462539 -0.928810 0.047986
v 4.524205 -0.935694 0.046622
v 4.524205 -0.928810 0.047986
v 5.462539 -0.921926 0.046622
v 4.524205 -0.921926 0.046622
v 5.462539 -0.941536 0.042727
v 4.524205 -0.941536 0.042727
v 5.488484 -0.928810 0.047986
v 5.488484 -0.921926 0.046622
v 5.462539 -0.916084 0.042727
v 5.488484 -0.916084 0.042727
v 4.524205 -0.916083 0.042727
v 5.488484 -0.945412 0.036874
v 5.462539 -0.945412 0.036874
v 5.488484 -0.946800 0.029994
v 5.462539 -0.946800 0.029994
v 5.488484 -0.945412 0.023114
v 5.462539 -0.945412 0.023114
v 4.524205 -0.945412 0.023114
v 4.524205 -0.941536 0.017281
v 5.462539 -0.941536 0.017281
v 5.488484 -0.941536 0.017281
v 4.524205 -0.945412 0.036874
v 4.524205 -0.946800 0.029994
v 5.488484 -0.935694 0.013386
v 5.462539 -0.935694 0.013386
v 5.488484 -0.928810 0.012002
v 5.462539 -0.928810 0.012002
v 5.488484 -0.921926 0.013386
v 5.462539 -0.921926 0.013386
v 4.524205 -0.921926 0.013386
v 4.524205 -0.916083 0.017281
v 5.462539 -0.916084 0.017281
v 5.488484 -0.916084 0.017281
v 4.524205 -0.935694 0.013386
v 4.524205 -0.928810 0.012002
v 5.488484 -0.912208 0.023114
v 5.462539 -0.912208 0.023114
v 5.488484 -0.910819 0.029994
v 5.462539 -0.910819 0.029994
v 5.488484 -0.912208 0.036874
v 5.462539 -0.912208 0.036874
v 4.524205 -0.912208 0.036874
v 4.524205 -0.912208 0.023114
v 4.524205 -0.910819 0.029994
v 5.493447 -0.946221 0.033494
v 5.486098 -0.947725 0.027958
v 5.477627 -0.946221 0.024201
v 5.470252 -0.941999 0.006921
v 5.478189 -0.946221 0.007079
v 5.486854 -0.947725 0.025467
v 5.487529 -0.947725 0.007277
v 5.495044 -0.946221 0.030192
v 5.496084 -0.946221 0.026732
v 5.496896 -0.946221 0.007474
v 5.504831 -0.941999 0.007652
v 5.464950 -0.935694 0.006802
v 5.463102 -0.928231 0.006763
v 5.464950 -0.920769 0.006802
v 5.510133 -0.920769 0.007751
v 5.511982 -0.928231 0.007791
v 5.510133 -0.935694 0.007751
v 4.523535 -0.000000 1.471381
v 4.508022 -0.000000 1.465273
v 4.515117 -0.000000 1.431262
v 4.539012 -0.000000 1.435791
v 4.543778 -0.000000 1.442560
v 4.545437 -0.000000 1.450532
v 4.534304 0.941998 1.438016
v 4.539352 0.935693 1.436533
v 4.539433 0.935693 1.436909
v 4.541243 0.928231 1.436523
v 4.539631 0.935693 1.437265
v 4.535032 0.941998 1.439380
v 4.536178 0.941998 1.440567
v 4.539939 0.935693 1.437561
v 4.537667 0.941998 1.441456
v 4.540334 0.935693 1.437799
v 4.539404 0.941998 1.442010
v 4.540779 0.935693 1.437937
v 4.539433 0.920769 1.436909
v 4.539631 0.920769 1.437265
v 4.539939 0.920769 1.437561
v 4.540334 0.920769 1.437799
v 4.536178 0.914464 1.440567
v 4.537667 0.914464 1.441456
v 4.540779 0.920769 1.437937
v 4.539404 0.914464 1.442010
v 4.535032 0.914464 1.439380
v 4.534304 0.914464 1.438016
v 4.534053 0.914464 1.436533
v 4.539352 0.920769 1.436533
v 4.534053 0.914464 0.008265
v 4.539352 0.920769 0.008265
v 4.541228 0.928231 0.008265
v 4.539352 0.935694 0.008265
v 4.534053 0.941998 1.436533
v 4.534053 0.941998 0.008265
v 4.541256 0.935693 1.437976
v 4.952700 0.935694 1.437976
v 4.952700 0.941998 1.442208
v 4.953739 0.941998 1.442128
v 4.952980 0.935694 1.437957
v 4.954750 0.941998 1.441950
v 4.953235 0.935694 1.437897
v 4.955699 0.941998 1.441634
v 4.953485 0.935694 1.437818
v 4.956626 0.941998 1.441239
v 4.953711 0.935694 1.437700
v 4.957439 0.941998 1.440725
v 4.953906 0.935694 1.437561
v 4.958142 0.941998 1.440112
v 4.954071 0.935694 1.437403
v 5.468260 0.941999 0.025842
v 5.464193 0.935694 0.023134
v 5.464336 0.935694 0.022956
v 5.468821 0.941999 0.025229
v 5.464448 0.935694 0.022797
v 5.469271 0.941999 0.024557
v 5.464531 0.935694 0.022600
v 5.469607 0.941999 0.023865
v 5.464589 0.935694 0.022422
v 5.469803 0.941999 0.023134
v 4.541256 0.941998 1.442208
v 5.462761 0.928231 0.022165
v 4.952672 0.928231 1.436454
v 4.952700 0.928231 1.436474
v 4.541256 0.920769 1.437976
v 4.952700 0.920769 1.437976
v 4.541256 0.914464 1.442208
v 4.952700 0.914464 1.442208
v 4.952980 0.920769 1.437957
v 4.953739 0.914464 1.442128
v 4.953235 0.920769 1.437897
v 4.954750 0.914464 1.441950
v 4.953485 0.920769 1.437818
v 4.955699 0.914464 1.441634
v 4.953711 0.920769 1.437700
v 4.956626 0.914464 1.441239
v 4.953906 0.920769 1.437561
v 4.957439 0.914464 1.440725
v 4.954071 0.920769 1.437403
v 4.958142 0.914464 1.440112
v 5.464193 0.920769 0.023134
v 5.468260 0.914464 0.025842
v 5.468821 0.914464 0.025229
v 5.464336 0.920769 0.022956
v 5.469271 0.914464 0.024557
v 5.464448 0.920769 0.022797
v 5.469607 0.914464 0.023865
v 5.464531 0.920769 0.022600
v 5.469803 0.914464 0.023134
v 5.464589 0.920769 0.022422
v 4.523535 0.928289 1.429682
v 4.515117 0.928289 1.431262
v 4.508022 0.928289 1.435791
v 4.503252 0.928289 1.442560
v 4.501599 0.928289 1.450532
v 4.545437 0.928289 1.450532
v 4.543778 0.928289 1.442560
v 4.539012 0.928289 1.435791
v 4.531918 0.928289 1.431262
v 4.503252 0.928289 1.458504
v 4.508022 0.928289 1.465273
v 4.515117 0.928289 1.469801
v 4.523535 0.928289 1.471382
v 4.531918 0.928289 1.469801
v 4.539012 0.928289 1.465273
v 4.543778 0.928289 1.458504
v 4.499469 0.941998 1.436533
v 4.494170 0.935693 1.436533
v 4.499470 0.941998 0.008265
v 4.494170 0.935694 0.008265
v 4.495795 0.935693 1.446241
v 4.500929 0.941998 1.445153
v 4.500508 0.935693 1.455276
v 4.505104 0.941998 1.453161
v 4.507994 0.935693 1.463047
v 4.511726 0.941998 1.460061
v 4.517728 0.935693 1.468998
v 4.520388 0.941998 1.465340
v 4.529084 0.935693 1.472734
v 4.530459 0.941998 1.468642
v 4.528607 0.928231 1.474158
v 4.516803 0.928231 1.470283
v 4.506677 0.928231 1.464095
v 4.498878 0.928231 1.456028
v 4.494000 0.928231 1.446617
v 4.492318 0.928231 1.436533
v 4.492318 0.928231 0.008265
v 4.494170 0.920769 1.436533
v 4.494170 0.920769 0.008265
v 4.499469 0.914464 1.436533
v 4.499470 0.914464 0.008265
v 4.529084 0.920769 1.472734
v 4.500929 0.914464 1.445153
v 4.495795 0.920769 1.446241
v 4.500508 0.920769 1.455276
v 4.507994 0.920769 1.463047
v 4.517728 0.920769 1.468998
v 4.530459 0.914464 1.468642
v 4.520388 0.914464 1.465340
v 4.511726 0.914464 1.460061
v 4.505104 0.914464 1.453161
v 4.526113 0.910241 0.008265
v 4.526113 0.910241 1.436533
v 4.526648 0.910241 1.439657
v 4.528158 0.910241 1.442544
v 4.516775 0.908737 0.008265
v 4.516775 0.908737 1.436533
v 4.507405 0.910241 0.008265
v 4.507405 0.910241 1.436533
v 4.508585 0.910241 1.443513
v 4.517616 0.908737 1.441575
v 4.520053 0.908737 1.446281
v 4.511976 0.910241 1.449997
v 4.517333 0.910241 1.455573
v 4.524347 0.910241 1.459863
v 4.532507 0.910241 1.462533
v 4.541256 0.910241 1.463442
v 4.541256 0.914464 1.469769
v 4.952700 0.910241 1.463442
v 4.952700 0.914464 1.469769
v 4.957609 0.910241 1.463145
v 4.958756 0.914464 1.469413
v 4.962378 0.910241 1.462295
v 4.964675 0.914464 1.468365
v 4.966975 0.910241 1.460891
v 4.970342 0.914464 1.466625
v 4.971268 0.910241 1.458974
v 4.975613 0.914464 1.464272
v 4.975135 0.910241 1.456582
v 4.980409 0.914464 1.461307
v 4.978387 0.910242 1.454173
v 4.984643 0.914464 1.457847
v 5.488509 0.910242 0.039903
v 5.494765 0.914464 0.043557
v 5.497988 0.914464 0.040018
v 5.491313 0.910241 0.036618
v 5.500628 0.914464 0.036163
v 5.481499 0.908737 0.034700
v 4.971406 0.908737 1.448989
v 4.968939 0.908737 1.451025
v 4.966106 0.908737 1.452746
v 4.963021 0.908737 1.454130
v 4.959711 0.908737 1.455158
v 4.956234 0.908737 1.455771
v 4.952700 0.908737 1.455988
v 4.541256 0.908737 1.455988
v 4.534918 0.908737 1.455336
v 4.529027 0.908737 1.453398
v 4.523955 0.908737 1.450314
v 4.530572 0.910241 1.445035
v 4.533713 0.910241 1.446933
v 4.537360 0.910241 1.448119
v 4.541256 0.910241 1.448534
v 4.952700 0.910241 1.448534
v 4.954889 0.910241 1.448396
v 4.957018 0.910241 1.448000
v 4.959068 0.910241 1.447368
v 4.960975 0.910241 1.446518
v 4.962714 0.910241 1.445450
v 4.964226 0.910241 1.444185
v 5.474347 0.910241 0.029915
v 5.483406 0.908737 0.032624
v 5.493447 0.910241 0.033494
v 5.502617 0.914464 0.032070
v 5.495044 0.910241 0.030192
v 5.503879 0.914464 0.027799
v 5.484947 0.908737 0.030370
v 5.475495 0.910241 0.028630
v 5.476451 0.910241 0.027226
v 5.486098 0.908737 0.027958
v 5.496084 0.910241 0.026732
v 5.504831 0.914464 0.007653
v 5.496896 0.910241 0.007475
v 5.486854 0.908737 0.025467
v 5.487529 0.908737 0.007277
v 5.477180 0.910241 0.025743
v 5.477627 0.910241 0.024201
v 5.478189 0.910241 0.007079
v 5.470252 0.914464 0.006921
v 4.526113 0.946221 1.436533
v 4.526113 0.946221 0.008265
v 4.516775 0.947725 1.436533
v 4.526648 0.946221 1.439657
v 4.528158 0.946221 1.442544
v 4.530572 0.946221 1.445035
v 4.533713 0.946221 1.446933
v 4.537360 0.946221 1.448119
v 4.541256 0.946221 1.448534
v 4.952700 0.946221 1.448534
v 4.954889 0.946221 1.448396
v 4.957018 0.946221 1.448000
v 4.959068 0.946221 1.447368
v 4.960975 0.946221 1.446518
v 4.962714 0.946221 1.445450
v 4.964226 0.946221 1.444185
v 5.474347 0.946221 0.029915
v 5.475495 0.946221 0.028630
v 5.481499 0.947725 0.034700
v 4.971406 0.947725 1.448989
v 4.968939 0.947725 1.451025
v 4.966106 0.947725 1.452746
v 4.963021 0.947725 1.454130
v 4.959711 0.947725 1.455158
v 4.956234 0.947725 1.455771
v 4.952700 0.947725 1.455988
v 4.541256 0.947725 1.455988
v 4.534918 0.947725 1.455336
v 4.529027 0.947725 1.453398
v 4.523955 0.947725 1.450314
v 4.520053 0.947725 1.446281
v 4.517616 0.947725 1.441575
v 4.508585 0.946221 1.443513
v 4.511976 0.946221 1.449997
v 4.517333 0.946221 1.455573
v 4.524347 0.946221 1.459863
v 4.532507 0.946221 1.462533
v 4.541256 0.946221 1.463442
v 4.952700 0.946221 1.463442
v 4.957609 0.946221 1.463145
v 4.962378 0.946221 1.462295
v 4.966975 0.946221 1.460891
v 4.971268 0.946221 1.458974
v 4.975135 0.946221 1.456582
v 4.978557 0.946221 1.453774
v 5.488679 0.946221 0.039504
v 5.483406 0.947725 0.032624
v 5.476451 0.946221 0.027226
v 5.477180 0.946221 0.025743
v 5.484947 0.947725 0.030370
v 5.491313 0.946221 0.036618
v 5.494765 0.941999 0.043557
v 4.984643 0.941998 1.457847
v 4.980409 0.941998 1.461307
v 4.975613 0.941998 1.464272
v 4.970342 0.941998 1.466625
v 4.964675 0.941998 1.468365
v 4.958756 0.941998 1.469413
v 4.952700 0.941998 1.469769
v 4.541256 0.941998 1.469769
v 4.507405 0.946221 1.436533
v 4.507405 0.946221 0.008265
v 4.516775 0.947725 0.008265
v 4.541256 0.920769 1.474000
v 4.541256 0.928231 1.475483
v 4.541256 0.935693 1.474000
v 4.952700 0.935694 1.474000
v 4.959515 0.935694 1.473585
v 4.966190 0.935694 1.472399
v 4.972556 0.935694 1.470461
v 4.978528 0.935694 1.467792
v 4.983940 0.935694 1.464470
v 4.988711 0.935694 1.460556
v 5.498801 0.935694 0.046286
v 5.497988 0.941999 0.040018
v 5.502477 0.935694 0.042292
v 5.500628 0.941999 0.036163
v 5.500232 0.928231 0.047235
v 4.990113 0.928231 1.461504
v 4.985178 0.928231 1.465577
v 4.979538 0.928231 1.469037
v 4.973342 0.928231 1.471805
v 4.966725 0.928231 1.473822
v 4.959796 0.928231 1.475068
v 4.952700 0.928231 1.475483
v 4.952700 0.920769 1.474000
v 4.959515 0.920769 1.473585
v 4.966190 0.920769 1.472399
v 4.972556 0.920769 1.470461
v 4.978528 0.920769 1.467792
v 4.983940 0.920769 1.464470
v 4.988711 0.920769 1.460556
v 5.498801 0.920769 0.046286
v 5.504048 0.928231 0.043083
v 5.505450 0.935694 0.037942
v 5.502617 0.941999 0.032070
v 5.507665 0.935694 0.033316
v 5.503879 0.941999 0.027799
v 5.509122 0.935694 0.028511
v 5.509431 0.928231 0.033771
v 5.510945 0.928231 0.028768
v 5.507133 0.928231 0.038575
v 5.502477 0.920769 0.042292
v 5.505450 0.920769 0.037942
v 5.507665 0.920769 0.033316
v 5.509122 0.920769 0.028511
v 5.463435 0.924818 0.030645
v 5.465090 0.924818 0.038647
v 5.469746 0.924818 0.045423
v 5.476758 0.924818 0.049940
v 5.485000 0.924818 0.051526
v 5.493249 0.924818 0.049940
v 5.500229 0.924818 0.045423
v 5.504912 0.924818 0.038647
v 5.506538 0.924818 0.030645
v 5.465090 0.924818 0.022668
v 5.469746 0.924818 0.015892
v 5.476758 0.924818 0.011351
v 5.485000 0.924818 0.009765
v 5.493249 0.924818 0.011351
v 5.500229 0.924818 0.015892
v 5.504912 0.924818 0.022668
v 5.488484 0.941536 0.042727
v 5.488484 0.935694 0.046622
v 5.462539 0.935694 0.046622
v 5.462539 0.928810 0.047986
v 4.524205 0.935693 0.046622
v 4.524205 0.928809 0.047986
v 5.462539 0.921926 0.046622
v 4.524205 0.921926 0.046622
v 5.462539 0.941536 0.042727
v 4.524205 0.941536 0.042727
v 5.488484 0.928810 0.047986
v 5.488484 0.921926 0.046622
v 5.462539 0.916084 0.042727
v 5.488484 0.916084 0.042727
v 4.524205 0.916083 0.042727
v 5.488484 0.945412 0.036875
v 5.462539 0.945412 0.036875
v 5.488484 0.946800 0.029994
v 5.462539 0.946800 0.029994
v 5.488484 0.945412 0.023114
v 5.462539 0.945412 0.023114
v 4.524205 0.945412 0.023114
v 4.524205 0.941536 0.017281
v 5.462539 0.941536 0.017281
v 5.488484 0.941536 0.017281
v 4.524205 0.945412 0.036875
v 4.524205 0.946800 0.029994
v 5.488484 0.935694 0.013386
v 5.462539 0.935694 0.013386
v 5.488484 0.928810 0.012002
v 5.462539 0.928810 0.012002
v 5.488484 0.921926 0.013386
v 5.462539 0.921926 0.013386
v 4.524205 0.921926 0.013386
v 4.524205 0.916083 0.017281
v 5.462539 0.916084 0.017281
v 5.488484 0.916084 0.017281
v 4.524205 0.935693 0.013386
v 4.524205 0.928809 0.012002
v 5.488484 0.912208 0.023114
v 5.462539 0.912208 0.023114
v 5.488484 0.910819 0.029994
v 5.462539 0.910819 0.029994
v 5.488484 0.912208 0.036875
v 5.462539 0.912208 0.036875
v 4.524205 0.912208 0.036875
v 4.524205 0.912208 0.023114
v 4.524205 0.910819 0.029994
v 5.493447 0.946221 0.033494
v 5.486098 0.947725 0.027958
v 5.477627 0.946221 0.024201
v 5.470252 0.941999 0.006921
v 5.478189 0.946221 0.007079
v 5.486854 0.947725 0.025467
v 5.487529 0.947725 0.007277
v 5.495044 0.946221 0.030192
v 5.496084 0.946221 0.026732
v 5.496896 0.946221 0.007475
v 5.504831 0.941999 0.007653
v 5.464950 0.935694 0.006802
v 5.463102 0.928231 0.006763
v 5.464950 0.920769 0.006802
v 5.510133 0.920769 0.007751
v 5.511982 0.928231 0.007791
v 5.510133 0.935694 0.007751
v 4.523535 -0.000000 1.429682
v 4.515117 -0.000000 1.469801
v 4.503252 -0.000000 1.458504
v 4.501599 -0.000000 1.450532
v 4.503252 -0.000000 1.442560
v 4.508022 -0.000000 1.435791
v 4.531918 -0.000000 1.431262
v 4.543778 -0.000000 1.458504
v 4.539012 -0.000000 1.465273
v 4.531918 -0.000000 1.469801
v 5.485000 0.000000 0.051526
v 5.493249 0.000000 0.049940
v 5.500229 0.000000 0.045423
v 5.504912 0.000000 0.038647
v 5.476758 0.000000 0.049940
v 5.469746 0.000000 0.045423
v 5.465090 0.000000 0.038647
v 5.463435 0.000000 0.030645
v 5.465090 0.000000 0.022668
v 5.469746 0.000000 0.015892
v 5.476758 0.000000 0.011351
v 5.485000 0.000000 0.009765
v 5.493249 0.000000 0.011351
v 5.500229 0.000000 0.015892
v 5.504912 0.000000 0.022668
v 5.506538 0.000000 0.030645
v -4.534304 -0.941998 1.438016
v -4.539352 -0.935694 1.436533
v -4.539433 -0.935694 1.436908
v -4.541243 -0.928231 1.436523
v -4.539631 -0.935694 1.437265
v -4.535032 -0.941998 1.439380
v -4.536178 -0.941998 1.440566
v -4.539939 -0.935694 1.437561
v -4.537667 -0.941998 1.441456
v -4.540334 -0.935694 1.437798
v -4.539404 -0.941998 1.442010
v -4.540779 -0.935694 1.437937
v -4.539433 -0.920769 1.436908
v -4.539631 -0.920769 1.437265
v -4.539939 -0.920769 1.437561
v -4.540334 -0.920769 1.437798
v -4.536178 -0.914464 1.440566
v -4.537667 -0.914464 1.441456
v -4.540779 -0.920769 1.437937
v -4.539404 -0.914464 1.442010
v -4.535032 -0.914464 1.439380
v -4.534304 -0.914464 1.438016
v -4.534053 -0.914464 1.436533
v -4.539352 -0.920769 1.436533
v -4.534053 -0.914464 0.008265
v -4.539352 -0.920769 0.008265
v -4.541228 -0.928231 0.008265
v -4.539352 -0.935694 0.008265
v -4.534053 -0.941998 1.436533
v -4.534053 -0.941999 0.008265
v -4.541256 -0.935694 1.437976
v -4.952700 -0.935694 1.437976
v -4.952700 -0.941999 1.442208
v -4.953739 -0.941999 1.442128
v -4.952980 -0.935694 1.437957
v -4.954750 -0.941999 1.441950
v -4.953235 -0.935694 1.437897
v -4.955699 -0.941999 1.441634
v -4.953485 -0.935694 1.437818
v -4.956626 -0.941999 1.441239
v -4.953711 -0.935694 1.437700
v -4.957439 -0.941999 1.440724
v -4.953906 -0.935694 1.437561
v -4.958142 -0.941999 1.440112
v -4.954071 -0.935694 1.437403
v -5.468260 -0.941999 0.025842
v -5.464193 -0.935694 0.023133
v -5.464336 -0.935694 0.022955
v -5.468821 -0.941999 0.025229
v -5.464448 -0.935694 0.022797
v -5.469271 -0.941999 0.024557
v -5.464531 -0.935694 0.022599
v -5.469607 -0.941999 0.023865
v -5.464589 -0.935694 0.022422
v -5.469803 -0.941999 0.023133
v -4.541256 -0.941998 1.442208
v -5.462761 -0.928231 0.022165
v -4.952672 -0.928231 1.436454
v -4.952700 -0.928231 1.436474
v -4.541256 -0.920769 1.437976
v -4.952700 -0.920769 1.437976
v -4.541256 -0.914464 1.442208
v -4.952700 -0.914464 1.442208
v -4.952980 -0.920769 1.437957
v -4.953739 -0.914464 1.442128
v -4.953235 -0.920769 1.437897
v -4.954750 -0.914464 1.441950
v -4.953485 -0.920769 1.437818
v -4.955699 -0.914464 1.441634
v -4.953711 -0.920769 1.437700
v -4.956626 -0.914464 1.441239
v -4.953906 -0.920769 1.437561
v -4.957439 -0.914464 1.440724
v -4.954071 -0.920769 1.437403
v -4.958142 -0.914464 1.440112
v -5.464193 -0.920769 0.023133
v -5.468260 -0.914464 0.025842
v -5.468821 -0.914464 0.025229
v -5.464336 -0.920769 0.022955
v -5.469271 -0.914464 0.024557
v -5.464448 -0.920769 0.022797
v -5.469607 -0.914464 0.023865
v -5.464531 -0.920769 0.022599
v -5.469803 -0.914464 0.023133
v -5.464589 -0.920769 0.022422
v -4.523535 -0.928289 1.429682
v -4.515117 -0.928289 1.431262
v -4.508022 -0.928289 1.435791
v -4.503252 -0.928289 1.442560
v -4.501599 -0.928289 1.450532
v -4.545437 -0.928289 1.450532
v -4.543778 -0.928289 1.442560
v -4.539012 -0.928289 1.435791
v -4.531918 -0.928289 1.431262
v -4.503252 -0.928289 1.458504
v -4.508022 -0.928289 1.465273
v -4.515117 -0.928289 1.469801
v -4.523535 -0.928289 1.471381
v -4.531918 -0.928289 1.469801
v -4.539012 -0.928289 1.465273
v -4.543778 -0.928289 1.458504
v -4.499469 -0.941998 1.436533
v -4.494170 -0.935694 1.436533
v -4.499470 -0.941999 0.008265
v -4.494170 -0.935694 0.008265
v -4.495795 -0.935694 1.446241
v -4.500929 -0.941998 1.445153
v -4.500508 -0.935694 1.455276
v -4.505104 -0.941998 1.453161
v -4.507994 -0.935694 1.463047
v -4.511726 -0.941998 1.460061
v -4.517728 -0.935694 1.468998
v -4.520388 -0.941998 1.465340
v -4.529084 -0.935694 1.472734
v -4.530459 -0.941998 1.468642
v -4.528607 -0.928231 1.474158
v -4.516803 -0.928231 1.470283
v -4.506677 -0.928231 1.464095
v -4.498878 -0.928231 1.456028
v -4.494000 -0.928231 1.446617
v -4.492318 -0.928231 1.436533
v -4.492318 -0.928231 0.008265
v -4.494170 -0.920769 1.436533
v -4.494170 -0.920769 0.008265
v -4.499469 -0.914464 1.436533
v -4.499470 -0.914464 0.008265
v -4.529084 -0.920769 1.472734
v -4.500929 -0.914464 1.445153
v -4.495795 -0.920769 1.446241
v -4.500508 -0.920769 1.455276
v -4.507994 -0.920769 1.463047
v -4.517728 -0.920769 1.468998
v -4.530459 -0.914464 1.468642
v -4.520388 -0.914464 1.465340
v -4.511726 -0.914464 1.460061
v -4.505104 -0.914464 1.453161
v -4.526113 -0.910241 0.008265
v -4.526113 -0.910241 1.436533
v -4.526648 -0.910241 1.439657
v -4.528158 -0.910241 1.442544
v -4.516775 -0.908737 0.008265
v -4.516775 -0.908737 1.436533
v -4.507405 -0.910241 0.008265
v -4.507405 -0.910241 1.436533
v -4.508585 -0.910241 1.443513
v -4.517616 -0.908737 1.441575
v -4.520053 -0.908737 1.446280
v -4.511976 -0.910241 1.449997
v -4.517333 -0.910241 1.455573
v -4.524347 -0.910241 1.459863
v -4.532507 -0.910241 1.462533
v -4.541256 -0.910241 1.463442
v -4.541256 -0.914464 1.469769
v -4.952700 -0.910241 1.463442
v -4.952700 -0.914464 1.469769
v -4.957609 -0.910241 1.463145
v -4.958756 -0.914464 1.469413
v -4.962378 -0.910241 1.462295
v -4.964675 -0.914464 1.468365
v -4.966975 -0.910241 1.460891
v -4.970342 -0.914464 1.466625
v -4.971268 -0.910241 1.458974
v -4.975613 -0.914464 1.464272
v -4.975135 -0.910241 1.456581
v -4.980409 -0.914464 1.461307
v -4.978387 -0.910242 1.454173
v -4.984643 -0.914464 1.457847
v -5.488509 -0.910242 0.039903
v -5.494765 -0.914464 0.043557
v -5.497988 -0.914464 0.040018
v -5.491313 -0.910241 0.036618
v -5.500628 -0.914464 0.036163
v -5.481499 -0.908737 0.034700
v -4.971406 -0.908737 1.448989
v -4.968939 -0.908737 1.451025
v -4.966106 -0.908737 1.452746
v -4.963021 -0.908737 1.454130
v -4.959711 -0.908737 1.455158
v -4.956234 -0.908737 1.455770
v -4.952700 -0.908737 1.455988
v -4.541256 -0.908737 1.455988
v -4.534918 -0.908737 1.455336
v -4.529027 -0.908737 1.453398
v -4.523955 -0.908737 1.450314
v -4.530572 -0.910241 1.445035
v -4.533713 -0.910241 1.446933
v -4.537360 -0.910241 1.448119
v -4.541256 -0.910241 1.448534
v -4.952700 -0.910241 1.448534
v -4.954889 -0.910241 1.448396
v -4.957018 -0.910241 1.448000
v -4.959068 -0.910241 1.447368
v -4.960975 -0.910241 1.446518
v -4.962714 -0.910241 1.445450
v -4.964226 -0.910241 1.444185
v -5.474347 -0.910241 0.029915
v -5.483406 -0.908737 0.032624
v -5.493447 -0.910241 0.033494
v -5.502617 -0.914464 0.032070
v -5.495044 -0.910241 0.030192
v -5.503879 -0.914464 0.027799
v -5.484947 -0.908737 0.030370
v -5.475495 -0.910241 0.028630
v -5.476451 -0.910241 0.027226
v -5.486098 -0.908737 0.027958
v -5.496084 -0.910241 0.026732
v -5.504831 -0.914464 0.007652
v -5.496896 -0.910241 0.007474
v -5.486854 -0.908737 0.025467
v -5.487529 -0.908737 0.007277
v -5.477180 -0.910241 0.025743
v -5.477627 -0.910241 0.024201
v -5.478189 -0.910241 0.007079
v -5.470252 -0.914464 0.006921
v -4.526113 -0.946221 1.436533
v -4.526113 -0.946221 0.008265
v -4.516775 -0.947725 1.436533
v -4.526648 -0.946221 1.439657
v -4.528158 -0.946221 1.442544
v -4.530572 -0.946221 1.445035
v -4.533713 -0.946221 1.446933
v -4.537360 -0.946221 1.448119
v -4.541256 -0.946221 1.448534
v -4.952700 -0.946221 1.448534
v -4.954889 -0.946221 1.448396
v -4.957018 -0.946221 1.448000
v -4.959068 -0.946221 1.447368
v -4.960975 -0.946221 1.446518
v -4.962714 -0.946221 1.445450
v -4.964226 -0.946221 1.444185
v -5.474347 -0.946221 0.029915
v -5.475495 -0.946221 0.028630
v -5.481499 -0.947725 0.034700
v -4.971406 -0.947725 1.448989
v -4.968939 -0.947725 1.451025
v -4.966106 -0.947725 1.452746
v -4.963021 -0.947725 1.454130
v -4.959711 -0.947725 1.455158
v -4.956234 -0.947725 1.455770
v -4.952700 -0.947725 1.455988
v -4.541256 -0.947725 1.455988
v -4.534918 -0.947725 1.455336
v -4.529027 -0.947725 1.453398
v -4.523955 -0.947725 1.450314
v -4.520053 -0.947725 1.446280
v -4.517616 -0.947725 1.441575
v -4.508585 -0.946221 1.443513
v -4.511976 -0.946221 1.449997
v -4.517333 -0.946221 1.455573
v -4.524347 -0.946221 1.459863
v -4.532507 -0.946221 1.462533
v -4.541256 -0.946221 1.463442
v -4.952700 -0.946221 1.463442
v -4.957609 -0.946221 1.463145
v -4.962378 -0.946221 1.462295
v -4.966975 -0.946221 1.460891
v -4.971268 -0.946221 1.458974
v -4.975135 -0.946221 1.456581
v -4.978557 -0.946221 1.453774
v -5.488679 -0.946221 0.039504
v -5.483406 -0.947725 0.032624
v -5.476451 -0.946221 0.027226
v -5.477180 -0.946221 0.025743
v -5.484947 -0.947725 0.030370
v -5.491313 -0.946221 0.036618
v -5.494765 -0.941999 0.043557
v -4.984643 -0.941999 1.457847
v -4.980409 -0.941999 1.461307
v -4.975613 -0.941999 1.464272
v -4.970342 -0.941999 1.466625
v -4.964675 -0.941999 1.468365
v -4.958756 -0.941999 1.469413
v -4.952700 -0.941999 1.469769
v -4.541256 -0.941998 1.469769
v -4.507405 -0.946221 1.436533
v -4.507405 -0.946221 0.008265
v -4.516775 -0.947725 0.008265
v -4.541256 -0.920769 1.474000
v -4.541256 -0.928231 1.475482
v -4.541256 -0.935694 1.474000
v -4.952700 -0.935694 1.474000
v -4.959515 -0.935694 1.473585
v -4.966190 -0.935694 1.472399
v -4.972556 -0.935694 1.470461
v -4.978528 -0.935694 1.467792
v -4.983940 -0.935694 1.464470
v -4.988711 -0.935694 1.460555
v -5.498801 -0.935694 0.046286
v -5.497988 -0.941999 0.040018
v -5.502477 -0.935694 0.042292
v -5.500628 -0.941999 0.036163
v -5.500232 -0.928231 0.047235
v -4.990113 -0.928231 1.461504
v -4.985178 -0.928231 1.465577
v -4.979538 -0.928231 1.469037
v -4.973342 -0.928231 1.471805
v -4.966725 -0.928231 1.473822
v -4.959796 -0.928231 1.475067
v -4.952700 -0.928231 1.475482
v -4.952700 -0.920769 1.474000
v -4.959515 -0.920769 1.473585
v -4.966190 -0.920769 1.472399
v -4.972556 -0.920769 1.470461
v -4.978528 -0.920769 1.467792
v -4.983940 -0.920769 1.464470
v -4.988711 -0.920769 1.460555
v -5.498801 -0.920769 0.046286
v -5.504048 -0.928231 0.043083
v -5.505450 -0.935694 0.037942
v -5.502617 -0.941999 0.032070
v -5.507665 -0.935694 0.033316
v -5.503879 -0.941999 0.027799
v -5.509122 -0.935694 0.028511
v -5.509431 -0.928231 0.033770
v -5.510945 -0.928231 0.028768
v -5.507133 -0.928231 0.038575
v -5.502477 -0.920769 0.042292
v -5.505450 -0.920769 0.037942
v -5.507665 -0.920769 0.033316
v -5.509122 -0.920769 0.028511
v -5.463435 -0.924818 0.030645
v -5.465090 -0.924818 0.038647
v -5.469746 -0.924818 0.045423
v -5.476758 -0.924818 0.049940
v -5.485000 -0.924818 0.051526
v -5.493249 -0.924818 0.049940
v -5.500229 -0.924818 0.045423
v -5.504912 -0.924818 0.038647
v -5.506538 -0.924818 0.030645
v -5.465090 -0.924818 0.022668
v -5.469746 -0.924818 0.015892
v -5.476758 -0.924818 0.011351
v -5.485000 -0.924818 0.009765
v -5.493249 -0.924818 0.011351
v -5.500229 -0.924818 0.015892
v -5.504912 -0.924818 0.022668
v -5.488484 -0.941536 0.042727
v -5.488484 -0.935694 0.046622
v -5.462539 -0.935694 0.046622
v -5.462539 -0.928810 0.047986
v -4.524205 -0.935694 0.046622
v -4.524205 -0.928810 0.047986
v -5.462539 -0.921926 0.046622
v -4.524205 -0.921926 0.046622
v -5.462539 -0.941536 0.042727
v -4.524205 -0.941536 0.042727
v -5.488484 -0.928810 0.047986
v -5.488484 -0.921926 0.046622
v -5.462539 -0.916084 0.042727
v -5.488484 -0.916084 0.042727
v -4.524205 -0.916083 0.042727
v -5.488484 -0.945412 0.036874
v -5.462539 -0.945412 0.036874
v -5.488484 -0.946800 0.029994
v -5.462539 -0.946800 0.029994
v -5.488484 -0.945412 0.023114
v -5.462539 -0.945412 0.023114
v -4.524205 -0.945412 0.023114
v -4.524205 -0.941536 0.017281
v -5.462539 -0.941536 0.017281
v -5.488484 -0.941536 0.017281
v -4.524205 -0.945412 0.036874
v -4.524205 -0.946800 0.029994
v -5.488484 -0.935694 0.013386
v -5.462539 -0.935694 0.013386
v -5.488484 -0.928810 0.012002
v -5.462539 -0.928810 0.012002
v -5.488484 -0.921926 0.013386
v -5.462539 -0.921926 0.013386
v -4.524205 -0.921926 0.013386
v -4.524205 -0.916083 0.017281
v -5.462539 -0.916084 0.017281
v -5.488484 -0.916084 0.017281
v -4.524205 -0.935694 0.013386
v -4.524205 -0.928810 0.012002
v -5.488484 -0.912208 0.023114
v -5.462539 -0.912208 0.023114
v -5.488484 -0.910819 0.029994
v -5.462539 -0.910819 0.029994
v -5.488484 -0.912208 0.036874
v -5.462539 -0.912208 0.036874
v -4.524205 -0.912208 0.036874
v -4.524205 -0.912208 0.023114
v -4.524205 -0.910819 0.029994
v -5.493447 -0.946221 0.033494
v -5.486098 -0.947725 0.027958
v -5.477627 -0.946221 0.024201
v -5.470252 -0.941999 0.006921
v -5.478189 -0.946221 0.007079
v -5.486854 -0.947725 0.025467
v -5.487529 -0.947725 0.007277
v -5.495044 -0.946221 0.030192
v -5.496084 -0.946221 0.026732
v -5.496896 -0.946221 0.007474
v -5.504831 -0.941999 0.007652
v -5.464950 -0.935694 0.006802
v -5.463102 -0.928231 0.006763
v -5.464950 -0.920769 0.006802
v -5.510133 -0.920769 0.007751
v -5.511982 -0.928231 0.007791
v -5.510133 -0.935694 0.007751
v -4.523535 -0.000000 1.471381
v -4.508022 -0.000000 1.465273
v -4.515117 -0.000000 1.431262
v -4.539012 -0.000000 1.435791
v -4.543778 -0.000000 1.442560
v -4.545437 -0.000000 1.450532
v -4.534304 0.941998 1.438016
v -4.539352 0.935693 1.436533
v -4.539433 0.935693 1.436909
v -4.541243 0.928231 1.436523
v -4.539631 0.935693 1.437265
v -4.535032 0.941998 1.439380
v -4.536178 0.941998 1.440567
v -4.539939 0.935693 1.437561
v -4.537667 0.941998 1.441456
v -4.540334 0.935693 1.437799
v -4.539404 0.941998 1.442010
v -4.540779 0.935693 1.437937
v -4.539433 0.920769 1.436909
v -4.539631 0.920769 1.437265
v -4.539939 0.920769 1.437561
v -4.540334 0.920769 1.437799
v -4.536178 0.914464 1.440567
v -4.537667 0.914464 1.441456
v -4.540779 0.920769 1.437937
v -4.539404 0.914464 1.442010
v -4.535032 0.914464 1.439380
v -4.534304 0.914464 1.438016
v -4.534053 0.914464 1.436533
v -4.539352 0.920769 1.436533
v -4.534053 0.914464 0.008265
v -4.539352 0.920769 0.008265
v -4.541228 0.928231 0.008265
v -4.539352 0.935694 0.008265
v -4.534053 0.941998 1.436533
v -4.534053 0.941998 0.008265
v -4.541256 0.935693 1.437976
v -4.952700 0.935694 1.437976
v -4.952700 0.941998 1.442208
v -4.953739 0.941998 1.442128
v -4.952980 0.935694 1.437957
v -4.954750 0.941998 1.441950
v -4.953235 0.935694 1.437897
v -4.955699 0.941998 1.441634
v -4.953485 0.935694 1.437818
v -4.956626 0.941998 1.441239
v -4.953711 0.935694 1.437700
v -4.957439 0.941998 1.440725
v -4.953906 0.935694 1.437561
v -4.958142 0.941998 1.440112
v -4.954071 0.935694 1.437403
v -5.468260 0.941999 0.025842
v -5.464193 0.935694 0.023134
v -5.464336 0.935694 0.022956
v -5.468821 0.941999 0.025229
v -5.464448 0.935694 0.022797
v -5.469271 0.941999 0.024557
v -5.464531 0.935694 0.022600
v -5.469607 0.941999 0.023865
v -5.464589 0.935694 0.022422
v -5.469803 0.941999 0.023134
v -4.541256 0.941998 1.442208
v -5.462761 0.928231 0.022165
v -4.952672 0.928231 1.436454
v -4.952700 0.928231 1.436474
v -4.541256 0.920769 1.437976
v -4.952700 0.920769 1.437976
v -4.541256 0.914464 1.442208
v -4.952700 0.914464 1.442208
v -4.952980 0.920769 1.437957
v -4.953739 0.914464 1.442128
v -4.953235 0.920769 1.437897
v -4.954750 0.914464 1.441950
v -4.953485 0.920769 1.437818
v -4.955699 0.914464 1.441634
v -4.953711 0.920769 1.437700
v -4.956626 0.914464 1.441239
v -4.953906 0.920769 1.437561
v -4.957439 0.914464 1.440725
v -4.954071 0.920769 1.437403
v -4.958142 0.914464 1.440112
v -5.464193 0.920769 0.023134
v -5.468260 0.914464 0.025842
v -5.468821 0.914464 0.025229
v -5.464336 0.920769 0.022956
v -5.469271 0.914464 0.024557
v -5.464448 0.920769 0.022797
v -5.469607 0.914464 0.023865
v -5.464531 0.920769 0.022600
v -5.469803 0.914464 0.023134
v -5.464589 0.920769 0.022422
v -4.523535 0.928289 1.429682
v -4.515117 0.928289 1.431262
v -4.508022 0.928289 1.435791
v -4.503252 0.928289 1.442560
v -4.501599 0.928289 1.450532
v -4.545437 0.928289 1.450532
v -4.543778 0.928289 1.442560
v -4.539012 0.928289 1.435791
v -4.531918 0.928289 1.431262
v -4.503252 0.928289 1.458504
v -4.508022 0.928289 1.465273
v -4.515117 0.928289 1.469801
v -4.523535 0.928289 1.471382
v -4.531918 0.928289 1.469801
v -4.539012 0.928289 1.465273
v -4.543778 0.928289 1.458504
v -4.499469 0.941998 1.436533
v -4.494170 0.935693 1.436533
v -4.499470 0.941998 0.008265
v -4.494170 0.935694 0.008265
v -4.495795 0.935693 1.446241
v -4.500929 0.941998 1.445153
v -4.500508 0.935693 1.455276
v -4.505104 0.941998 1.453161
v -4.507994 0.935693 1.463047
v -4.511726 0.941998 1.460061
v -4.517728 0.935693 1.468998
v -4.520388 0.941998 1.465340
v -4.529084 0.935693 1.472734
v -4.530459 0.941998 1.468642
v -4.528607 0.928231 1.474158
v -4.516803 0.928231 1.470283
v -4.506677 0.928231 1.464095
v -4.498878 0.928231 1.456028
v -4.494000 0.928231 1.446617
v -4.492318 0.928231 1.436533
v -4.492318 0.928231 0.008265
v -4.494170 0.920769 1.436533
v -4.494170 0.920769 0.008265
v -4.499469 0.914464 1.436533
v -4.499470 0.914464 0.008265
v -4.529084 0.920769 1.472734
v -4.500929 0.914464 1.445153
v -4.495795 0.920769 1.446241
v -4.500508 0.920769 1.455276
v -4.507994 0.920769 1.463047
v -4.517728 0.920769 1.468998
v -4.530459 0.914464 1.468642
v -4.520388 0.914464 1.465340
v -4.511726 0.914464 1.460061
v -4.505104 0.914464 1.453161
v -4.526113 0.910241 0.008265
v -4.526113 0.910241 1.436533
v -4.526648 0.910241 1.439657
v -4.528158 0.910241 1.442544
v -4.516775 0.908737 0.008265
v -4.516775 0.908737 1.436533
v -4.507405 0.910241 0.008265
v -4.507405 0.910241 1.436533
v -4.508585 0.910241 1.443513
v -4.517616 0.908737 1.441575
v -4.520053 0.908737 1.446281
v -4.511976 0.910241 1.449997
v -4.517333 0.910241 1.455573
v -4.524347 0.910241 1.459863
v -4.532507 0.910241 1.462533
v -4.541256 0.910241 1.463442
v -4.541256 0.914464 1.469769
v -4.952700 0.910241 1.463442
v -4.952700 0.914464 1.469769
v -4.957609 0.910241 1.463145
v -4.958756 0.914464 1.469413
v -4.962378 0.910241 1.462295
v -4.964675 0.914464 1.468365
v -4.966975 0.910241 1.460891
v -4.970342 0.914464 1.466625
v -4.971268 0.910241 1.458974
v -4.975613 0.914464 1.464272
v -4.975135 0.910241 1.456582
v -4.980409 0.914464 1.461307
v -4.978387 0.910242 1.454173
v -4.984643 0.914464 1.457847
v -5.488509 0.910242 0.039903
v -5.494765 0.914464 0.043557
v -5.497988 0.914464 0.040018
v -5.491313 0.910241 0.036618
v -5.500628 0.914464 0.036163
v -5.481499 0.908737 0.034700
v -4.971406 0.908737 1.448989
v -4.968939 0.908737 1.451025
v -4.966106 0.908737 1.452746
v -4.963021 0.908737 1.454130
v -4.959711 0.908737 1.455158
v -4.956234 0.908737 1.455771
v -4.952700 0.908737 1.455988
v -4.541256 0.908737 1.455988
v -4.534918 0.908737 1.455336
v -4.529027 0.908737 1.453398
v -4.523955 0.908737 1.450314
v -4.530572 0.910241 1.445035
v -4.533713 0.910241 1.446933
v -4.537360 0.910241 1.448119
v -4.541256 0.910241 1.448534
v -4.952700 0.910241 1.448534
v -4.954889 0.910241 1.448396
v -4.957018 0.910241 1.448000
v -4.959068 0.910241 1.447368
v -4.960975 0.910241 1.446518
v -4.962714 0.910241 1.445450
v -4.964226 0.910241 1.444185
v -5.474347 0.910241 0.029915
v -5.483406 0.908737 0.032624
v -5.493447 0.910241 0.033494
v -5.502617 0.914464 0.032070
v -5.495044 0.910241 0.030192
v -5.503879 0.914464 0.027799
v -5.484947 0.908737 0.030370
v -5.475495 0.910241 0.028630
v -5.476451 0.910241 0.027226
v -5.486098 0.908737 0.027958
v -5.496084 0.910241 0.026732
v -5.504831 0.914464 0.007653
v -5.496896 0.910241 0.007475
v -5.486854 0.908737 0.025467
v -5.487529 0.908737 0.007277
v -5.477180 0.910241 0.025743
v -5.477627 0.910241 0.024201
v -5.478189 0.910241 0.007079
v -5.470252 0.914464 0.006921
v -4.526113 0.946221 1.436533
v -4.526113 0.946221 0.008265
v -4.516775 0.947725 1.436533
v -4.526648 0.946221 1.439657
v -4.528158 0.946221 1.442544
v -4.530572 0.946221 1.445035
v -4.533713 0.946221 1.446933
v -4.537360 0.946221 1.448119
v -4.541256 0.946221 1.448534
v -4.952700 0.946221 1.448534
v -4.954889 0.946221 1.448396
v -4.957018 0.946221 1.448000
v -4.959068 0.946221 1.447368
v -4.960975 0.946221 1.446518
v -4.962714 0.946221 1.445450
v -4.964226 0.946221 1.444185
v -5.474347 0.946221 0.029915
v -5.475495 0.946221 0.028630
v -5.481499 0.947725 0.034700
v -4.971406 0.947725 1.448989
v -4.968939 0.947725 1.451025
v -4.966106 0.947725 1.452746
v -4.963021 0.947725 1.454130
v -4.959711 0.947725 1.455158
v -4.956234 0.947725 1.455771
v -4.952700 0.947725 1.455988
v -4.541256 0.947725 1.455988
v -4.534918 0.947725 1.455336
v -4.529027 0.947725 1.453398
v -4.523955 0.947725 1.450314
v -4.520053 0.947725 1.446281
v -4.517616 0.947725 1.441575
v -4.508585 0.946221 1.443513
v -4.511976 0.946221 1.449997
v -4.517333 0.946221 1.455573
v -4.524347 0.946221 1.459863
v -4.532507 0.946221 1.462533
v -4.541256 0.946221 1.463442
v -4.952700 0.946221 1.463442
v -4.957609 0.946221 1.463145
v -4.962378 0.946221 1.462295
v -4.966975 0.946221 1.460891
v -4.971268 0.946221 1.458974
v -4.975135 0.946221 1.456582
v -4.978557 0.946221 1.453774
v -5.488679 0.946221 0.039504
v -5.483406 0.947725 0.032624
v -5.476451 0.946221 0.027226
v -5.477180 0.946221 0.025743
v -5.484947 0.947725 0.030370
v -5.491313 0.946221 0.036618
v -5.494765 0.941999 0.043557
v -4.984643 0.941998 1.457847
v -4.980409 0.941998 1.461307
v -4.975613 0.941998 1.464272
v -4.970342 0.941998 1.466625
v -4.964675 0.941998 1.468365
v -4.958756 0.941998 1.469413
v -4.952700 0.941998 1.469769
v -4.541256 0.941998 1.469769
v -4.507405 0.946221 1.436533
v -4.507405 0.946221 0.008265
v -4.516775 0.947725 0.008265
v -4.541256 0.920769 1.474000
v -4.541256 0.928231 1.475483
v -4.541256 0.935693 1.474000
v -4.952700 0.935694 1.474000
v -4.959515 0.935694 1.473585
v -4.966190 0.935694 1.472399
v -4.972556 0.935694 1.470461
v -4.978528 0.935694 1.467792
v -4.983940 0.935694 1.464470
v -4.988711 0.935694 1.460556
v -5.498801 0.935694 0.046286
v -5.497988 0.941999 0.040018
v -5.502477 0.935694 0.042292
v -5.500628 0.941999 0.036163
v -5.500232 0.928231 0.047235
v -4.990113 0.928231 1.461504
v -4.985178 0.928231 1.465577
v -4.979538 0.928231 1.469037
v -4.973342 0.928231 1.471805
v -4.966725 0.928231 1.473822
v -4.959796 0.928231 1.475068
v -4.952700 0.928231 1.475483
v -4.952700 0.920769 1.474000
v -4.959515 0.920769 1.473585
v -4.966190 0.920769 1.472399
v -4.972556 0.920769 1.470461
v -4.978528 0.920769 1.467792
v -4.983940 0.920769 1.464470
v -4.988711 0.920769 1.460556
v -5.498801 0.920769 0.046286
v -5.504048 0.928231 0.043083
v -5.505450 0.935694 0.037942
v -5.502617 0.941999 0.032070
v -5.507665 0.935694 0.033316
v -5.503879 0.941999 0.027799
v -5.509122 0.935694 0.028511
v -5.509431 0.928231 0.033771
v -5.510945 0.928231 0.028768
v -5.507133 0.928231 0.038575
v -5.502477 0.920769 0.042292
v -5.505450 0.920769 0.037942
v -5.507665 0.920769 0.033316
v -5.509122 0.920769 0.028511
v -5.463435 0.924818 0.030645
v -5.465090 0.924818 0.038647
v -5.469746 0.924818 0.045423
v -5.476758 0.924818 0.049940
v -5.485000 0.924818 0.051526
v -5.493249 0.924818 0.049940
v -5.500229 0.924818 0.045423
v -5.504912 0.924818 0.038647
v -5.506538 0.924818 0.030645
v -5.465090 0.924818 0.022668
v -5.469746 0.924818 0.015892
v -5.476758 0.924818 0.011351
v -5.485000 0.924818 0.009765
v -5.493249 0.924818 0.011351
v -5.500229 0.924818 0.015892
v -5.504912 0.924818 0.022668
v -5.488484 0.941536 0.042727
v -5.488484 0.935694 0.046622
v -5.462539 0.935694 0.046622
v -5.462539 0.928810 0.047986
v -4.524205 0.935693 0.046622
v -4.524205 0.928809 0.047986
v -5.462539 0.921926 0.046622
v -4.524205 0.921926 0.046622
v -5.462539 0.941536 0.042727
v -4.524205 0.941536 0.042727
v -5.488484 0.928810 0.047986
v -5.488484 0.921926 0.046622
v -5.462539 0.916084 0.042727
v -5.488484 0.916084 0.042727
v -4.524205 0.916083 0.042727
v -5.488484 0.945412 0.036875
v -5.462539 0.945412 0.036875
v -5.488484 0.946800 0.029994
v -5.462539 0.946800 0.029994
v -5.488484 0.945412 0.023114
v -5.462539 0.945412 0.023114
v -4.524205 0.945412 0.023114
v -4.524205 0.941536 0.017281
v -5.462539 0.941536 0.017281
v -5.488484 0.941536 0.017281
v -4.524205 0.945412 0.036875
v -4.524205 0.946800 0.029994
v -5.488484 0.935694 0.013386
v -5.462539 0.935694 0.013386
v -5.488484 0.928810 0.012002
v -5.462539 0.928810 0.012002
v -5.488484 0.921926 0.013386
v -5.462539 0.921926 0.013386
v -4.524205 0.921926 0.013386
v -4.524205 0.916083 0.017281
v -5.462539 0.916084 0.017281
v -5.488484 0.916084 0.017281
v -4.524205 0.935693 0.013386
v -4.524205 0.928809 0.012002
v -5.488484 0.912208 0.023114
v -5.462539 0.912208 0.023114
v -5.488484 0.910819 0.029994
v -5.462539 0.910819 0.029994
v -5.488484 0.912208 0.036875
v -5.462539 0.912208 0.036875
v -4.524205 0.912208 0.036875
v -4.524205 0.912208 0.023114
v -4.524205 0.910819 0.029994
v -5.493447 0.946221 0.033494
v -5.486098 0.947725 0.027958
v -5.477627 0.946221 0.024201
v -5.470252 0.941999 0.006921
v -5.478189 0.946221 0.007079
v -5.486854 0.947725 0.025467
v -5.487529 0.947725 0.007277
v -5.495044 0.946221 0.030192
v -5.496084 0.946221 0.026732
v -5.496896 0.946221 0.007475
v -5.504831 0.941999 0.007653
v -5.464950 0.935694 0.006802
v -5.463102 0.928231 0.006763
v -5.464950 0.920769 0.006802
v -5.510133 0.920769 0.007751
v -5.511982 0.928231 0.007791
v -5.510133 0.935694 0.007751
v -4.523535 -0.000000 1.429682
v -4.515117 -0.000000 1.469801
v -4.503252 -0.000000 1.458504
v -4.501599 -0.000000 1.450532
v -4.503252 -0.000000 1.442560
v -4.508022 -0.000000 1.435791
v -4.531918 -0.000000 1.431262
v -4.543778 -0.000000 1.458504
v -4.539012 -0.000000 1.465273
v -4.531918 -0.000000 1.469801
v -5.485000 0.000000 0.051526
v -5.493249 0.000000 0.049940
v -5.500229 0.000000 0.045423
v -5.504912 0.000000 0.038647
v -5.476758 0.000000 0.049940
v -5.469746 0.000000 0.045423
v -5.465090 0.000000 0.038647
v -5.463435 0.000000 0.030645
v -5.465090 0.000000 0.022668
v -5.469746 0.000000 0.015892
v -5.476758 0.000000 0.011351
v -5.485000 0.000000 0.009765
v -5.493249 0.000000 0.011351
v -5.500229 0.000000 0.015892
v -5.504912 0.000000 0.022668
v -5.506538 0.000000 0.030645
vn 0.5897 -0.7815 -0.2038
vn 0.8830 -0.4610 -0.0881
vn 0.8351 -0.4567 -0.3066
vn 0.6917 -0.0000 -0.7222
vn 0.7151 -0.4401 -0.5431
vn 0.5183 -0.7661 -0.3801
vn 0.4110 -0.7478 -0.5215
vn 0.5540 -0.4184 -0.7197
vn 0.2812 -0.7299 -0.6231
vn 0.3728 -0.4021 -0.8363
vn 0.1425 -0.7176 -0.6817
vn 0.1798 -0.3901 -0.9031
vn 0.8351 0.4567 -0.3066
vn 0.7151 0.4401 -0.5431
vn 0.5540 0.4184 -0.7198
vn 0.3728 0.4021 -0.8363
vn 0.4110 0.7478 -0.5214
vn 0.2812 0.7299 -0.6231
vn 0.1797 0.3901 -0.9031
vn 0.1425 0.7176 -0.6817
vn 0.5183 0.7661 -0.3801
vn 0.5897 0.7815 -0.2038
vn 0.6216 0.7815 -0.0542
vn 0.8830 0.4610 -0.0881
vn 0.6291 0.7774 -0.0000
vn 0.8902 0.4556 -0.0000
vn 1.0000 -0.0000 -0.0000
vn 0.8902 -0.4556 -0.0000
vn 0.6216 -0.7815 -0.0542
vn 0.6291 -0.7774 -0.0000
vn 0.0423 -0.3836 -0.9225
vn -0.0334 -0.3852 -0.9222
vn -0.0253 -0.7102 -0.7035
vn -0.0893 -0.7121 -0.6963
vn -0.1287 -0.3893 -0.9121
vn -0.1711 -0.7176 -0.6751
vn -0.2366 -0.3902 -0.8898
vn -0.2473 -0.7210 -0.6473
vn -0.3424 -0.3980 -0.8511
vn -0.3217 -0.7321 -0.6005
vn -0.4575 -0.4052 -0.7915
vn -0.4009 -0.7423 -0.5369
vn -0.5658 -0.4160 -0.7120
vn -0.5273 -0.7689 -0.3615
vn -0.7485 -0.4396 -0.4964
vn -0.5766 -0.7416 -0.3429
vn -0.7863 -0.4195 -0.4536
vn -0.7150 -0.4326 -0.5492
vn -0.5123 -0.7601 -0.3998
vn -0.7798 -0.4463 -0.4391
vn -0.5559 -0.7678 -0.3186
vn -0.8371 -0.4490 -0.3125
vn -0.5897 -0.7765 -0.2222
vn -0.8756 -0.4619 -0.1412
vn -0.6143 -0.7835 -0.0934
vn 0.0365 -0.7107 -0.7026
vn -0.9818 -0.0000 -0.1900
vn -0.9735 -0.0060 0.2285
vn -0.9775 -0.0235 -0.2097
vn 0.0423 0.3836 -0.9225
vn -0.0322 0.3852 -0.9223
vn 0.0365 0.7107 -0.7026
vn -0.0255 0.7102 -0.7035
vn -0.1366 0.3892 -0.9110
vn -0.0875 0.7121 -0.6966
vn -0.2423 0.3899 -0.8884
vn -0.1695 0.7177 -0.6754
vn -0.3520 0.3986 -0.8469
vn -0.2450 0.7208 -0.6484
vn -0.4763 0.4059 -0.7800
vn -0.3173 0.7320 -0.6029
vn -0.5773 0.4173 -0.7019
vn -0.3980 0.7422 -0.5392
vn -0.7526 0.4396 -0.4903
vn -0.5263 0.7690 -0.3628
vn -0.7863 0.4195 -0.4536
vn -0.5766 0.7416 -0.3429
vn -0.5123 0.7601 -0.3998
vn -0.7150 0.4326 -0.5492
vn -0.5559 0.7678 -0.3186
vn -0.7797 0.4463 -0.4391
vn -0.5897 0.7765 -0.2222
vn -0.8371 0.4490 -0.3125
vn -0.6144 0.7835 -0.0935
vn -0.8756 0.4619 -0.1412
vn 0.0004 -0.0000 -1.0000
vn -0.3680 -0.0000 -0.9298
vn -0.6907 -0.0000 -0.7231
vn -0.9174 -0.0000 -0.3979
vn -1.0000 -0.0000 -0.0000
vn 0.9174 -0.0000 -0.3980
vn 0.6909 -0.0000 -0.7229
vn 0.3683 -0.0000 -0.9297
vn -0.9174 -0.0000 0.3979
vn -0.6907 -0.0000 0.7231
vn -0.3680 -0.0000 0.9298
vn 0.0004 -0.0000 1.0000
vn 0.3683 -0.0000 0.9297
vn 0.6909 -0.0000 0.7229
vn 0.9174 -0.0000 0.3980
vn -0.6340 -0.7715 0.0535
vn -0.8908 -0.4483 0.0736
vn -0.6291 -0.7773 -0.0000
vn -0.8911 -0.4539 -0.0000
vn -0.8519 -0.4401 0.2840
vn -0.6125 -0.7628 0.2072
vn -0.7353 -0.4265 0.5267
vn -0.5365 -0.7494 0.3879
vn -0.5726 -0.4087 0.7107
vn -0.4253 -0.7321 0.5321
vn -0.3873 -0.3927 0.8341
vn -0.2916 -0.7163 0.6339
vn -0.1941 -0.3824 0.9034
vn -0.1476 -0.7055 0.6932
vn -0.2107 -0.0000 0.9776
vn -0.4222 -0.0000 0.9065
vn -0.6286 -0.0000 0.7778
vn -0.8141 -0.0000 0.5807
vn -0.9493 -0.0000 0.3144
vn -0.9967 -0.0000 0.0817
vn -0.8908 0.4483 0.0736
vn -0.8911 0.4539 -0.0000
vn -0.6340 0.7715 0.0535
vn -0.6291 0.7773 -0.0000
vn -0.1941 0.3824 0.9034
vn -0.6125 0.7628 0.2072
vn -0.8519 0.4401 0.2840
vn -0.7353 0.4265 0.5267
vn -0.5726 0.4087 0.7107
vn -0.3874 0.3927 0.8341
vn -0.1476 0.7055 0.6932
vn -0.2916 0.7163 0.6339
vn -0.4253 0.7321 0.5321
vn -0.5365 0.7494 0.3880
vn 0.3186 0.9479 -0.0000
vn 0.3104 0.9502 -0.0258
vn 0.2929 0.9511 -0.0981
vn 0.2623 0.9465 -0.1881
vn 0.0003 1.0000 -0.0000
vn -0.0081 1.0000 0.0014
vn -0.3185 0.9479 -0.0000
vn -0.3261 0.9449 0.0281
vn -0.3204 0.9409 0.1101
vn -0.0148 0.9999 0.0070
vn -0.0116 0.9999 0.0120
vn -0.2832 0.9363 0.2077
vn -0.2271 0.9302 0.2883
vn -0.1574 0.9243 0.3476
vn -0.0802 0.9203 0.3829
vn -0.0205 0.9210 0.3891
vn -0.0369 0.7044 0.7089
vn 0.0117 0.9221 0.3867
vn 0.0212 0.7060 0.7079
vn 0.0453 0.9215 0.3858
vn 0.0832 0.7053 0.7040
vn 0.0895 0.9229 0.3745
vn 0.1649 0.7089 0.6858
vn 0.1323 0.9251 0.3559
vn 0.2451 0.7149 0.6548
vn 0.1732 0.9278 0.3304
vn 0.3227 0.7226 0.6113
vn 0.2069 0.9315 0.2992
vn 0.3938 0.7303 0.5582
vn 0.2969 0.9288 0.2217
vn 0.5514 0.7367 0.3914
vn 0.2795 0.9461 0.1638
vn 0.5519 0.7647 0.3326
vn 0.5184 0.7506 0.4097
vn 0.2720 0.9384 0.2133
vn 0.5631 0.7590 0.3269
vn -0.0193 0.9998 -0.0107
vn 0.0228 0.9996 0.0179
vn 0.0027 1.0000 0.0089
vn 0.0023 1.0000 0.0074
vn 0.0014 1.0000 0.0076
vn 0.0008 1.0000 0.0082
vn 0.0002 1.0000 0.0072
vn 0.0002 1.0000 0.0039
vn -0.0006 1.0000 0.0065
vn -0.0013 0.9999 0.0137
vn -0.0036 0.9999 0.0141
vn -0.0072 0.9999 0.0140
vn 0.2133 0.9402 -0.2656
vn 0.1496 0.9339 -0.3248
vn 0.0774 0.9294 -0.3609
vn 0.0198 0.9256 -0.3780
vn -0.0125 0.9248 -0.3802
vn -0.0463 0.9266 -0.3732
vn -0.0899 0.9280 -0.3617
vn -0.1301 0.9301 -0.3435
vn -0.1683 0.9332 -0.3174
vn -0.2057 0.9370 -0.2823
vn -0.2583 0.9492 -0.1799
vn -0.3094 0.9330 -0.1839
vn 0.0055 1.0000 0.0052
vn 0.2929 0.9407 0.1713
vn 0.6000 0.7652 0.2335
vn 0.3100 0.9429 0.1216
vn 0.6299 0.7692 0.1077
vn 0.0066 1.0000 0.0053
vn -0.2624 0.9430 -0.2049
vn -0.2817 0.9457 -0.1623
vn 0.0069 1.0000 0.0039
vn 0.3267 0.9435 0.0556
vn 0.6319 0.7745 0.0296
vn 0.3217 0.9467 0.0140
vn 0.0126 0.9999 0.0028
vn 0.0015 1.0000 0.0004
vn -0.2959 0.9485 -0.1128
vn -0.3039 0.9515 -0.0477
vn -0.3187 0.9478 -0.0101
vn -0.6304 0.7761 -0.0172
vn 0.3104 -0.9502 -0.0258
vn 0.3186 -0.9479 -0.0000
vn -0.0081 -1.0000 0.0014
vn 0.2929 -0.9511 -0.0981
vn 0.2622 -0.9465 -0.1881
vn 0.2133 -0.9402 -0.2656
vn 0.1496 -0.9339 -0.3248
vn 0.0774 -0.9294 -0.3609
vn 0.0198 -0.9256 -0.3780
vn -0.0124 -0.9248 -0.3802
vn -0.0463 -0.9266 -0.3731
vn -0.0899 -0.9280 -0.3617
vn -0.1301 -0.9301 -0.3435
vn -0.1683 -0.9332 -0.3175
vn -0.2057 -0.9370 -0.2823
vn -0.2583 -0.9492 -0.1799
vn -0.3094 -0.9330 -0.1839
vn -0.2624 -0.9430 -0.2048
vn -0.0193 -0.9998 -0.0103
vn 0.0235 -0.9996 0.0178
vn 0.0037 -1.0000 0.0084
vn 0.0023 -1.0000 0.0074
vn 0.0014 -1.0000 0.0076
vn 0.0008 -1.0000 0.0082
vn 0.0002 -1.0000 0.0072
vn 0.0002 -1.0000 0.0039
vn -0.0006 -1.0000 0.0065
vn -0.0013 -0.9999 0.0137
vn -0.0036 -0.9999 0.0141
vn -0.0072 -0.9999 0.0140
vn -0.0116 -0.9999 0.0120
vn -0.0148 -0.9999 0.0070
vn -0.3204 -0.9409 0.1101
vn -0.2832 -0.9363 0.2077
vn -0.2271 -0.9302 0.2883
vn -0.1574 -0.9243 0.3476
vn -0.0802 -0.9203 0.3829
vn -0.0205 -0.9210 0.3891
vn 0.0117 -0.9221 0.3867
vn 0.0453 -0.9215 0.3857
vn 0.0895 -0.9229 0.3745
vn 0.1323 -0.9251 0.3559
vn 0.1731 -0.9278 0.3303
vn 0.2105 -0.9312 0.2976
vn 0.2990 -0.9302 0.2128
vn 0.2754 -0.9468 0.1665
vn 0.0053 -1.0000 0.0064
vn -0.2817 -0.9457 -0.1623
vn -0.2959 -0.9485 -0.1128
vn 0.0066 -1.0000 0.0053
vn 0.2710 -0.9379 0.2164
vn 0.5514 -0.7650 0.3327
vn 0.5512 -0.7373 0.3906
vn 0.3950 -0.7321 0.5550
vn 0.3227 -0.7226 0.6113
vn 0.2451 -0.7149 0.6548
vn 0.1649 -0.7089 0.6858
vn 0.0832 -0.7054 0.7040
vn 0.0211 -0.7060 0.7079
vn -0.0369 -0.7044 0.7089
vn -0.3261 -0.9449 0.0281
vn -0.3185 -0.9479 -0.0000
vn 0.0003 -1.0000 -0.0000
vn -0.0478 0.3807 0.9234
vn -0.0516 -0.0000 0.9987
vn -0.0478 -0.3807 0.9234
vn 0.0275 -0.3821 0.9237
vn 0.1090 -0.3821 0.9177
vn 0.2165 -0.3851 0.8971
vn 0.3234 -0.3906 0.8619
vn 0.4291 -0.3982 0.8107
vn 0.5311 -0.4071 0.7431
vn 0.7440 -0.4140 0.5245
vn 0.7696 -0.4383 0.4644
vn 0.5170 -0.7510 0.4107
vn 0.7088 -0.4268 0.5617
vn 0.5631 -0.7590 0.3269
vn 0.8558 -0.0000 0.5173
vn 0.8176 -0.0000 0.5758
vn 0.5823 -0.0000 0.8130
vn 0.4679 -0.0000 0.8838
vn 0.3516 -0.0000 0.9361
vn 0.2350 -0.0000 0.9720
vn 0.1185 -0.0000 0.9930
vn 0.0297 -0.0000 0.9996
vn 0.0275 0.3821 0.9237
vn 0.1090 0.3821 0.9177
vn 0.2165 0.3851 0.8971
vn 0.3234 0.3906 0.8619
vn 0.4291 0.3982 0.8107
vn 0.5311 0.4071 0.7431
vn 0.7440 0.4140 0.5245
vn 0.7696 0.4383 0.4644
vn 0.7841 -0.0000 0.6207
vn 0.7801 -0.4352 0.4494
vn 0.6000 -0.7652 0.2335
vn 0.8365 -0.4421 0.3238
vn 0.6299 -0.7692 0.1077
vn 0.8821 -0.4460 0.1518
vn 0.9327 -0.0000 0.3606
vn 0.9854 -0.0000 0.1702
vn 0.8672 -0.0000 0.4980
vn 0.7088 0.4268 0.5617
vn 0.7801 0.4352 0.4494
vn 0.8365 0.4421 0.3238
vn 0.8821 0.4460 0.1518
vn -1.0000 -0.0000 -0.0003
vn -0.9199 -0.0000 0.3922
vn -0.6965 -0.0000 0.7175
vn -0.3721 -0.0000 0.9282
vn -0.0001 -0.0000 1.0000
vn 0.3729 -0.0000 0.9279
vn 0.6963 -0.0000 0.7177
vn 0.9201 -0.0000 0.3918
vn 1.0000 -0.0000 -0.0003
vn -0.9198 -0.0000 -0.3924
vn -0.6974 -0.0000 -0.7167
vn -0.3732 -0.0000 -0.9278
vn -0.0001 -0.0000 -1.0000
vn 0.3740 -0.0000 -0.9274
vn 0.6972 -0.0000 -0.7169
vn 0.9199 -0.0000 -0.3921
vn -0.0000 -0.7082 0.7060
vn -0.0000 -0.3819 0.9242
vn -0.0000 -0.0000 1.0000
vn -0.0000 0.3819 0.9242
vn -0.0000 0.7082 0.7060
vn -0.0000 -0.9241 0.3820
vn -0.0000 -1.0000 -0.0000
vn -0.0000 -0.9238 -0.3828
vn -0.0000 -0.7076 -0.7066
vn -0.0000 -0.3832 -0.9237
vn -0.0000 -0.3831 -0.9237
vn -0.0000 -0.0000 -1.0000
vn -0.0000 0.3832 -0.9237
vn -0.0000 0.3831 -0.9237
vn -0.0000 0.7076 -0.7066
vn -0.0000 0.9238 -0.3828
vn -0.0000 1.0000 -0.0000
vn -0.0000 0.9241 0.3821
vn 0.2929 -0.9407 0.1713
vn 0.0069 -1.0000 0.0039
vn -0.3039 -0.9515 -0.0476
vn -0.6304 -0.7761 -0.0172
vn -0.3187 -0.9478 -0.0100
vn 0.0126 -0.9999 0.0028
vn 0.0015 -1.0000 0.0004
vn 0.3100 -0.9429 0.1216
vn 0.3267 -0.9435 0.0556
vn 0.3217 -0.9467 0.0140
vn 0.6319 -0.7745 0.0296
vn -0.8918 -0.4520 -0.0213
vn -0.9997 -0.0000 -0.0226
vn -0.8918 0.4520 -0.0213
vn 0.8915 0.4510 0.0433
vn 0.9988 -0.0000 0.0490
vn 0.8915 -0.4510 0.0433
vn 0.7150 0.4401 -0.5431
vn 0.5539 0.4184 -0.7198
vn 0.2812 0.7299 -0.6230
vn 0.3729 0.4021 -0.8362
vn 0.1425 0.7176 -0.6818
vn 0.1797 0.3900 -0.9031
vn 0.7150 -0.4401 -0.5431
vn 0.5539 -0.4184 -0.7198
vn 0.3729 -0.4021 -0.8363
vn 0.4110 -0.7478 -0.5214
vn 0.1797 -0.3900 -0.9031
vn 0.1425 -0.7176 -0.6818
vn 0.5183 -0.7660 -0.3801
vn -0.0333 0.3852 -0.9222
vn -0.0252 0.7102 -0.7035
vn -0.0893 0.7121 -0.6964
vn -0.1289 0.3892 -0.9121
vn -0.1710 0.7177 -0.6750
vn -0.2364 0.3903 -0.8898
vn -0.2473 0.7211 -0.6472
vn -0.3421 0.3981 -0.8512
vn -0.3216 0.7321 -0.6004
vn -0.4577 0.4052 -0.7914
vn -0.4008 0.7424 -0.5369
vn -0.5657 0.4160 -0.7119
vn -0.5274 0.7689 -0.3615
vn -0.7486 0.4396 -0.4964
vn -0.7798 0.4463 -0.4391
vn -0.6143 0.7835 -0.0934
vn 0.0364 0.7107 -0.7026
vn -0.9735 0.0060 0.2285
vn -0.9775 0.0235 -0.2096
vn -0.0322 -0.3852 -0.9223
vn 0.0364 -0.7107 -0.7026
vn -0.0255 -0.7102 -0.7035
vn -0.1370 -0.3892 -0.9109
vn -0.0875 -0.7121 -0.6966
vn -0.2423 -0.3902 -0.8883
vn -0.1695 -0.7177 -0.6754
vn -0.3517 -0.3990 -0.8468
vn -0.2450 -0.7208 -0.6484
vn -0.4763 -0.4059 -0.7800
vn -0.3172 -0.7321 -0.6029
vn -0.5774 -0.4172 -0.7018
vn -0.3979 -0.7422 -0.5392
vn -0.7529 -0.4393 -0.4901
vn -0.5263 -0.7690 -0.3628
vn -0.7150 -0.4325 -0.5492
vn -0.7797 -0.4463 -0.4391
vn -0.6144 -0.7835 -0.0934
vn 0.6909 -0.0000 0.7230
vn -0.4223 -0.0000 0.9065
vn -0.3874 -0.3927 0.8341
vn -0.5365 -0.7494 0.3880
vn 0.2623 -0.9465 -0.1881
vn -0.0082 -1.0000 0.0014
vn 0.0117 -0.9221 0.3868
vn 0.0832 -0.7053 0.7040
vn 0.1732 -0.9278 0.3304
vn 0.2069 -0.9315 0.2992
vn 0.3938 -0.7303 0.5582
vn 0.2969 -0.9288 0.2217
vn 0.5514 -0.7367 0.3914
vn 0.2795 -0.9461 0.1638
vn 0.5519 -0.7647 0.3326
vn 0.5185 -0.7506 0.4097
vn 0.2720 -0.9384 0.2133
vn -0.0193 -0.9998 -0.0107
vn 0.0228 -0.9996 0.0179
vn 0.0027 -1.0000 0.0089
vn -0.0463 -0.9266 -0.3732
vn 0.0055 -1.0000 0.0052
vn 0.3100 -0.9429 0.1217
vn -0.3039 -0.9515 -0.0477
vn 0.2928 0.9511 -0.0981
vn 0.2622 0.9465 -0.1881
vn -0.0124 0.9248 -0.3802
vn -0.0463 0.9266 -0.3731
vn -0.0899 0.9280 -0.3616
vn -0.1300 0.9301 -0.3435
vn -0.1683 0.9332 -0.3175
vn -0.2624 0.9430 -0.2048
vn -0.0193 0.9998 -0.0103
vn 0.0235 0.9996 0.0178
vn 0.0037 1.0000 0.0084
vn -0.2831 0.9363 0.2077
vn -0.2270 0.9302 0.2883
vn 0.0116 0.9221 0.3867
vn 0.0453 0.9215 0.3857
vn 0.1731 0.9278 0.3304
vn 0.2105 0.9312 0.2976
vn 0.2990 0.9302 0.2128
vn 0.2754 0.9468 0.1665
vn 0.0053 1.0000 0.0063
vn 0.2710 0.9379 0.2164
vn 0.5514 0.7651 0.3327
vn 0.5512 0.7373 0.3906
vn 0.3950 0.7321 0.5550
vn 0.0211 0.7060 0.7079
vn -0.0478 -0.3808 0.9234
vn -0.0478 0.3808 0.9234
vn 0.1091 0.3821 0.9177
vn 0.2165 0.3852 0.8971
vn 0.5170 0.7510 0.4107
vn 0.1091 -0.3821 0.9177
vn 0.2165 -0.3852 0.8971
vn 0.3234 -0.3905 0.8619
vn 0.8365 -0.4420 0.3238
vn -0.0000 0.9241 0.3820
vn -0.0000 -0.9241 0.3821
vn -0.3039 0.9515 -0.0476
vn -0.3187 0.9478 -0.0100
vn -0.8918 0.4519 -0.0213
vn -0.5897 -0.7815 -0.2038
vn -0.8830 -0.4610 -0.0881
vn -0.8351 -0.4567 -0.3066
vn -0.6917 -0.0000 -0.7222
vn -0.7151 -0.4401 -0.5431
vn -0.5183 -0.7661 -0.3801
vn -0.4110 -0.7478 -0.5215
vn -0.5540 -0.4184 -0.7197
vn -0.2812 -0.7299 -0.6231
vn -0.3728 -0.4021 -0.8363
vn -0.1425 -0.7176 -0.6818
vn -0.1798 -0.3901 -0.9031
vn -0.8351 0.4567 -0.3066
vn -0.7151 0.4401 -0.5431
vn -0.5540 0.4184 -0.7198
vn -0.3728 0.4021 -0.8363
vn -0.4110 0.7478 -0.5214
vn -0.2812 0.7299 -0.6231
vn -0.1798 0.3901 -0.9031
vn -0.1425 0.7176 -0.6817
vn -0.5183 0.7661 -0.3801
vn -0.5897 0.7815 -0.2038
vn -0.6216 0.7815 -0.0542
vn -0.8830 0.4610 -0.0881
vn -0.6291 0.7774 -0.0000
vn -0.8902 0.4556 -0.0000
vn -0.8902 -0.4556 -0.0000
vn -0.6216 -0.7815 -0.0542
vn -0.6291 -0.7774 -0.0000
vn -0.0423 -0.3836 -0.9225
vn 0.0334 -0.3852 -0.9222
vn 0.0253 -0.7102 -0.7035
vn 0.0893 -0.7121 -0.6964
vn 0.1287 -0.3892 -0.9121
vn 0.1711 -0.7176 -0.6751
vn 0.2366 -0.3902 -0.8898
vn 0.2473 -0.7210 -0.6473
vn 0.3424 -0.3980 -0.8511
vn 0.3217 -0.7321 -0.6005
vn 0.4575 -0.4051 -0.7915
vn 0.4009 -0.7423 -0.5369
vn 0.5658 -0.4159 -0.7120
vn 0.5273 -0.7689 -0.3615
vn 0.7485 -0.4397 -0.4964
vn 0.5766 -0.7416 -0.3429
vn 0.7863 -0.4195 -0.4536
vn 0.7150 -0.4326 -0.5492
vn 0.5123 -0.7601 -0.3998
vn 0.7798 -0.4463 -0.4391
vn 0.5559 -0.7678 -0.3186
vn 0.8371 -0.4490 -0.3125
vn 0.5897 -0.7765 -0.2222
vn 0.8756 -0.4619 -0.1412
vn 0.6143 -0.7835 -0.0934
vn -0.0365 -0.7107 -0.7026
vn 0.9818 -0.0000 -0.1900
vn 0.9735 -0.0060 0.2285
vn 0.9775 -0.0235 -0.2097
vn -0.0423 0.3836 -0.9225
vn 0.0322 0.3852 -0.9223
vn -0.0365 0.7107 -0.7026
vn 0.0255 0.7102 -0.7035
vn 0.1366 0.3892 -0.9110
vn 0.0875 0.7121 -0.6966
vn 0.2423 0.3899 -0.8884
vn 0.1695 0.7177 -0.6754
vn 0.3520 0.3986 -0.8469
vn 0.2450 0.7208 -0.6484
vn 0.4763 0.4059 -0.7800
vn 0.3173 0.7320 -0.6029
vn 0.5773 0.4173 -0.7019
vn 0.3980 0.7422 -0.5392
vn 0.7526 0.4396 -0.4903
vn 0.5263 0.7690 -0.3628
vn 0.7863 0.4195 -0.4536
vn 0.5766 0.7416 -0.3429
vn 0.5123 0.7601 -0.3998
vn 0.7150 0.4325 -0.5492
vn 0.5559 0.7678 -0.3186
vn 0.7797 0.4463 -0.4391
vn 0.5897 0.7765 -0.2222
vn 0.8371 0.4490 -0.3125
vn 0.6144 0.7835 -0.0934
vn 0.8756 0.4619 -0.1412
vn -0.0004 -0.0000 -1.0000
vn 0.3680 -0.0000 -0.9298
vn 0.6907 -0.0000 -0.7231
vn 0.9174 -0.0000 -0.3979
vn -0.9174 -0.0000 -0.3980
vn -0.6909 -0.0000 -0.7229
vn -0.3683 -0.0000 -0.9297
vn 0.9174 -0.0000 0.3979
vn 0.6907 -0.0000 0.7231
vn 0.3680 -0.0000 0.9298
vn -0.0004 -0.0000 1.0000
vn -0.3683 -0.0000 0.9297
vn -0.6909 -0.0000 0.7229
vn -0.9174 -0.0000 0.3980
vn 0.6340 -0.7715 0.0535
vn 0.8908 -0.4483 0.0736
vn 0.6291 -0.7773 -0.0000
vn 0.8911 -0.4539 -0.0000
vn 0.8519 -0.4401 0.2840
vn 0.6125 -0.7628 0.2072
vn 0.7353 -0.4265 0.5267
vn 0.5365 -0.7494 0.3879
vn 0.5726 -0.4087 0.7107
vn 0.4253 -0.7321 0.5321
vn 0.3873 -0.3927 0.8341
vn 0.2916 -0.7163 0.6339
vn 0.1941 -0.3824 0.9034
vn 0.1476 -0.7055 0.6932
vn 0.2107 -0.0000 0.9776
vn 0.4222 -0.0000 0.9065
vn 0.6286 -0.0000 0.7778
vn 0.8141 -0.0000 0.5807
vn 0.9493 -0.0000 0.3144
vn 0.9967 -0.0000 0.0817
vn 0.8908 0.4483 0.0736
vn 0.8911 0.4539 -0.0000
vn 0.6340 0.7715 0.0535
vn 0.6291 0.7773 -0.0000
vn 0.1941 0.3824 0.9034
vn 0.6125 0.7628 0.2072
vn 0.8519 0.4401 0.2840
vn 0.7353 0.4265 0.5267
vn 0.5726 0.4087 0.7107
vn 0.3874 0.3927 0.8341
vn 0.1476 0.7055 0.6932
vn 0.2916 0.7163 0.6339
vn 0.4253 0.7321 0.5321
vn 0.5365 0.7494 0.3880
vn -0.3186 0.9479 -0.0000
vn -0.3104 0.9502 -0.0258
vn -0.2929 0.9511 -0.0981
vn -0.2623 0.9465 -0.1881
vn -0.0003 1.0000 -0.0000
vn 0.0081 1.0000 0.0014
vn 0.3185 0.9479 -0.0000
vn 0.3261 0.9449 0.0281
vn 0.3204 0.9409 0.1101
vn 0.0148 0.9999 0.0070
vn 0.0116 0.9999 0.0120
vn 0.2832 0.9363 0.2077
vn 0.2271 0.9302 0.2883
vn 0.1574 0.9243 0.3476
vn 0.0802 0.9203 0.3829
vn 0.0205 0.9210 0.3891
vn 0.0369 0.7044 0.7089
vn -0.0117 0.9221 0.3867
vn -0.0212 0.7060 0.7079
vn -0.0453 0.9215 0.3858
vn -0.0832 0.7053 0.7040
vn -0.0895 0.9229 0.3745
vn -0.1649 0.7089 0.6858
vn -0.1323 0.9251 0.3559
vn -0.2451 0.7149 0.6548
vn -0.1732 0.9278 0.3304
vn -0.3227 0.7226 0.6113
vn -0.2069 0.9315 0.2992
vn -0.3938 0.7303 0.5582
vn -0.2969 0.9288 0.2217
vn -0.5514 0.7367 0.3914
vn -0.2795 0.9461 0.1638
vn -0.5519 0.7647 0.3326
vn -0.5184 0.7506 0.4097
vn -0.2720 0.9384 0.2133
vn -0.5631 0.7590 0.3269
vn 0.0193 0.9998 -0.0107
vn -0.0228 0.9996 0.0179
vn -0.0027 1.0000 0.0089
vn -0.0023 1.0000 0.0074
vn -0.0014 1.0000 0.0076
vn -0.0008 1.0000 0.0082
vn -0.0002 1.0000 0.0072
vn -0.0002 1.0000 0.0039
vn 0.0006 1.0000 0.0065
vn 0.0013 0.9999 0.0137
vn 0.0036 0.9999 0.0141
vn 0.0072 0.9999 0.0140
vn -0.2133 0.9402 -0.2656
vn -0.1497 0.9339 -0.3248
vn -0.0774 0.9294 -0.3609
vn -0.0198 0.9256 -0.3780
vn 0.0124 0.9248 -0.3802
vn 0.0463 0.9266 -0.3732
vn 0.0899 0.9280 -0.3617
vn 0.1301 0.9301 -0.3435
vn 0.1683 0.9332 -0.3175
vn 0.2057 0.9370 -0.2823
vn 0.2583 0.9492 -0.1799
vn 0.3094 0.9330 -0.1839
vn -0.0055 1.0000 0.0052
vn -0.2929 0.9407 0.1713
vn -0.6000 0.7652 0.2335
vn -0.3100 0.9429 0.1216
vn -0.6299 0.7692 0.1077
vn -0.0066 1.0000 0.0053
vn 0.2624 0.9430 -0.2048
vn 0.2817 0.9457 -0.1623
vn -0.0069 1.0000 0.0039
vn -0.3267 0.9435 0.0556
vn -0.6319 0.7745 0.0296
vn -0.3217 0.9467 0.0140
vn -0.0126 0.9999 0.0028
vn -0.0015 1.0000 0.0004
vn 0.2959 0.9485 -0.1128
vn 0.3039 0.9515 -0.0477
vn 0.3187 0.9478 -0.0100
vn 0.6304 0.7761 -0.0172
vn -0.3104 -0.9502 -0.0258
vn -0.3186 -0.9479 -0.0000
vn 0.0081 -1.0000 0.0014
vn -0.2928 -0.9511 -0.0981
vn -0.2623 -0.9465 -0.1881
vn -0.2133 -0.9402 -0.2656
vn -0.1497 -0.9339 -0.3248
vn -0.0774 -0.9294 -0.3609
vn -0.0198 -0.9256 -0.3780
vn 0.0124 -0.9248 -0.3802
vn 0.0463 -0.9266 -0.3731
vn 0.0899 -0.9280 -0.3617
vn 0.1301 -0.9301 -0.3435
vn 0.1683 -0.9332 -0.3175
vn 0.2057 -0.9370 -0.2823
vn 0.2583 -0.9492 -0.1799
vn 0.3094 -0.9330 -0.1839
vn 0.2624 -0.9430 -0.2048
vn 0.0193 -0.9998 -0.0103
vn -0.0235 -0.9996 0.0178
vn -0.0037 -1.0000 0.0084
vn -0.0023 -1.0000 0.0074
vn -0.0014 -1.0000 0.0076
vn -0.0008 -1.0000 0.0082
vn -0.0002 -1.0000 0.0072
vn -0.0002 -1.0000 0.0039
vn 0.0006 -1.0000 0.0065
vn 0.0013 -0.9999 0.0137
vn 0.0036 -0.9999 0.0141
vn 0.0072 -0.9999 0.0140
vn 0.0116 -0.9999 0.0120
vn 0.0148 -0.9999 0.0070
vn 0.3204 -0.9409 0.1101
vn 0.2831 -0.9363 0.2077
vn 0.2271 -0.9302 0.2883
vn 0.1574 -0.9243 0.3476
vn 0.0802 -0.9203 0.3829
vn 0.0205 -0.9210 0.3891
vn -0.0117 -0.9221 0.3867
vn -0.0453 -0.9215 0.3857
vn -0.0895 -0.9229 0.3745
vn -0.1323 -0.9251 0.3559
vn -0.1731 -0.9278 0.3303
vn -0.2105 -0.9312 0.2976
vn -0.2990 -0.9302 0.2128
vn -0.2754 -0.9468 0.1665
vn -0.0053 -1.0000 0.0064
vn 0.2817 -0.9457 -0.1623
vn 0.2959 -0.9485 -0.1128
vn -0.0066 -1.0000 0.0053
vn -0.2710 -0.9379 0.2164
vn -0.5514 -0.7650 0.3327
vn -0.5512 -0.7373 0.3906
vn -0.3950 -0.7321 0.5550
vn -0.3227 -0.7226 0.6113
vn -0.2451 -0.7149 0.6548
vn -0.1649 -0.7089 0.6858
vn -0.0832 -0.7054 0.7040
vn -0.0211 -0.7060 0.7079
vn 0.0369 -0.7044 0.7089
vn 0.3261 -0.9449 0.0281
vn 0.3185 -0.9479 -0.0000
vn -0.0003 -1.0000 -0.0000
vn 0.0478 0.3807 0.9234
vn 0.0516 -0.0000 0.9987
vn 0.0478 -0.3807 0.9234
vn -0.0275 -0.3821 0.9237
vn -0.1090 -0.3821 0.9177
vn -0.2165 -0.3851 0.8971
vn -0.3234 -0.3905 0.8619
vn -0.4291 -0.3982 0.8107
vn -0.5311 -0.4071 0.7431
vn -0.7440 -0.4140 0.5245
vn -0.7696 -0.4383 0.4644
vn -0.5170 -0.7510 0.4107
vn -0.7088 -0.4268 0.5617
vn -0.5631 -0.7590 0.3269
vn -0.8558 -0.0000 0.5173
vn -0.8176 -0.0000 0.5758
vn -0.5823 -0.0000 0.8130
vn -0.4679 -0.0000 0.8838
vn -0.3516 -0.0000 0.9361
vn -0.2350 -0.0000 0.9720
vn -0.1185 -0.0000 0.9930
vn -0.0297 -0.0000 0.9996
vn -0.0275 0.3821 0.9237
vn -0.1090 0.3821 0.9177
vn -0.2165 0.3851 0.8971
vn -0.3234 0.3906 0.8619
vn -0.4291 0.3982 0.8107
vn -0.5311 0.4071 0.7431
vn -0.7440 0.4140 0.5245
vn -0.7696 0.4383 0.4644
vn -0.7841 -0.0000 0.6207
vn -0.7801 -0.4352 0.4494
vn -0.6000 -0.7652 0.2335
vn -0.8365 -0.4421 0.3238
vn -0.6299 -0.7692 0.1077
vn -0.8821 -0.4460 0.1518
vn -0.9327 -0.0000 0.3606
vn -0.9854 -0.0000 0.1702
vn -0.8672 -0.0000 0.4980
vn -0.7088 0.4268 0.5617
vn -0.7801 0.4352 0.4494
vn -0.8365 0.4421 0.3238
vn -0.8821 0.4460 0.1518
vn 0.9199 -0.0000 0.3922
vn 0.6965 -0.0000 0.7175
vn 0.3721 -0.0000 0.9282
vn 0.0001 -0.0000 1.0000
vn -0.3729 -0.0000 0.9279
vn -0.6963 -0.0000 0.7177
vn -0.9201 -0.0000 0.3918
vn 0.9198 -0.0000 -0.3924
vn 0.6974 -0.0000 -0.7167
vn 0.3732 -0.0000 -0.9278
vn 0.0001 -0.0000 -1.0000
vn -0.3740 -0.0000 -0.9274
vn -0.6972 -0.0000 -0.7169
vn -0.9199 -0.0000 -0.3921
vn -0.2929 -0.9407 0.1713
vn -0.0069 -1.0000 0.0039
vn 0.3039 -0.9515 -0.0476
vn 0.6304 -0.7761 -0.0172
vn 0.3187 -0.9478 -0.0100
vn -0.0126 -0.9999 0.0028
vn -0.0015 -1.0000 0.0004
vn -0.3100 -0.9429 0.1216
vn -0.3267 -0.9435 0.0556
vn -0.3217 -0.9467 0.0140
vn -0.6319 -0.7745 0.0296
vn 0.8918 -0.4519 -0.0213
vn 0.9997 -0.0000 -0.0226
vn 0.8918 0.4520 -0.0213
vn -0.8915 0.4510 0.0433
vn -0.9988 -0.0000 0.0490
vn -0.8915 -0.4510 0.0433
vn -0.7150 0.4401 -0.5431
vn -0.4109 0.7478 -0.5214
vn -0.5539 0.4185 -0.7198
vn -0.2812 0.7299 -0.6230
vn -0.3728 0.4021 -0.8362
vn -0.1797 0.3900 -0.9031
vn -0.7150 -0.4401 -0.5431
vn -0.5539 -0.4184 -0.7198
vn -0.3729 -0.4021 -0.8363
vn -0.4110 -0.7478 -0.5214
vn -0.1797 -0.3900 -0.9031
vn -0.1425 -0.7175 -0.6818
vn -0.5183 -0.7660 -0.3801
vn 0.0333 0.3852 -0.9222
vn 0.0252 0.7102 -0.7035
vn 0.0892 0.7121 -0.6963
vn 0.1289 0.3893 -0.9121
vn 0.1710 0.7177 -0.6750
vn 0.2364 0.3903 -0.8898
vn 0.2473 0.7211 -0.6472
vn 0.3421 0.3981 -0.8511
vn 0.3216 0.7321 -0.6005
vn 0.4577 0.4052 -0.7914
vn 0.4009 0.7423 -0.5369
vn 0.5657 0.4160 -0.7120
vn 0.5274 0.7689 -0.3615
vn 0.7486 0.4396 -0.4964
vn 0.7150 0.4326 -0.5492
vn 0.7798 0.4463 -0.4391
vn 0.6143 0.7835 -0.0934
vn -0.0364 0.7107 -0.7026
vn 0.9735 0.0060 0.2285
vn 0.9775 0.0235 -0.2096
vn 0.0322 -0.3852 -0.9223
vn -0.0364 -0.7107 -0.7026
vn 0.0255 -0.7102 -0.7035
vn 0.1370 -0.3892 -0.9109
vn 0.0875 -0.7121 -0.6966
vn 0.2423 -0.3902 -0.8883
vn 0.1695 -0.7177 -0.6754
vn 0.3517 -0.3990 -0.8468
vn 0.2450 -0.7208 -0.6484
vn 0.4763 -0.4059 -0.7800
vn 0.3172 -0.7320 -0.6029
vn 0.5774 -0.4172 -0.7018
vn 0.3979 -0.7422 -0.5392
vn 0.7529 -0.4393 -0.4901
vn 0.5263 -0.7690 -0.3628
vn 0.7797 -0.4463 -0.4391
vn 0.6144 -0.7835 -0.0935
vn -0.6909 -0.0000 0.7230
vn 0.4223 -0.0000 0.9065
vn 0.3874 -0.3927 0.8341
vn 0.5365 -0.7494 0.3880
vn -0.2929 -0.9511 -0.0981
vn 0.2832 -0.9363 0.2077
vn -0.0117 -0.9221 0.3868
vn -0.0832 -0.7053 0.7040
vn -0.1732 -0.9278 0.3304
vn -0.2069 -0.9315 0.2992
vn -0.3938 -0.7303 0.5582
vn -0.2969 -0.9288 0.2217
vn -0.5514 -0.7367 0.3914
vn -0.2795 -0.9461 0.1638
vn -0.5519 -0.7647 0.3326
vn -0.5185 -0.7506 0.4097
vn -0.2720 -0.9384 0.2133
vn 0.0193 -0.9998 -0.0107
vn -0.0228 -0.9996 0.0179
vn -0.0027 -1.0000 0.0089
vn -0.1496 -0.9339 -0.3248
vn 0.0463 -0.9266 -0.3732
vn -0.0055 -1.0000 0.0052
vn -0.3100 -0.9429 0.1217
vn 0.2624 -0.9430 -0.2049
vn 0.3039 -0.9515 -0.0477
vn 0.3187 -0.9478 -0.0101
vn 0.0082 1.0000 0.0014
vn -0.2928 0.9511 -0.0981
vn -0.2622 0.9465 -0.1881
vn -0.1496 0.9339 -0.3248
vn 0.0463 0.9266 -0.3731
vn 0.0899 0.9280 -0.3616
vn 0.1300 0.9301 -0.3435
vn 0.0193 0.9998 -0.0103
vn -0.0235 0.9996 0.0178
vn -0.0037 1.0000 0.0084
vn 0.2831 0.9363 0.2077
vn 0.2270 0.9302 0.2883
vn -0.0116 0.9221 0.3867
vn -0.0453 0.9215 0.3857
vn -0.1731 0.9278 0.3304
vn -0.2105 0.9312 0.2976
vn -0.2991 0.9302 0.2128
vn -0.2754 0.9468 0.1665
vn -0.0053 1.0000 0.0063
vn -0.2710 0.9379 0.2164
vn -0.5514 0.7650 0.3327
vn -0.5512 0.7373 0.3906
vn -0.3950 0.7321 0.5550
vn -0.0211 0.7060 0.7079
vn 0.0478 -0.3808 0.9234
vn 0.0478 0.3808 0.9234
vn -0.1091 0.3821 0.9177
vn -0.2165 0.3852 0.8971
vn -0.5170 0.7510 0.4107
vn -0.1091 -0.3821 0.9177
vn -0.2165 -0.3852 0.8971
vn -0.3234 -0.3906 0.8619
vn -0.7801 -0.4352 0.4495
vn -0.8365 -0.4420 0.3238
vn 0.3039 0.9515 -0.0476
vn 0.8918 -0.4520 -0.0213
vt 0.743024 0.005241
vt 0.743024 0.005693
vt 0.741217 0.005015
vt 0.741217 0.004789
vt 0.739183 0.004789
vt 0.743024 0.004789
vt 0.741217 0.004563
vt 0.743024 0.004563
vt 0.743024 0.004111
vt 0.743024 0.003659
vt 0.737375 0.004789
vt 0.737375 0.004563
vt 0.735793 0.004563
vt 0.735793 0.004111
vt 0.735793 0.003659
vt 0.735793 0.004789
vt 0.735793 0.005241
vt 0.737375 0.005015
vt 0.735793 0.005693
vt 0.737375 0.138581
vt 0.735793 0.139259
vt 0.739183 0.138355
vt 0.743024 0.139259
vt 0.741217 0.138581
vt 0.709224 0.006486
vt 0.710024 0.006586
vt 0.710024 0.029486
vt 0.709224 0.029386
vt 0.708524 0.029086
vt 0.708524 0.006186
vt 0.708524 0.029186
vt 0.708524 0.029286
vt 0.709224 0.029486
vt 0.708524 0.029386
vt 0.708524 0.029486
vt 0.708524 0.029586
vt 0.709224 0.109286
vt 0.708524 0.109386
vt 0.708524 0.109486
vt 0.708524 0.109586
vt 0.709224 0.109386
vt 0.708524 0.109686
vt 0.710024 0.109186
vt 0.710924 0.006486
vt 0.710924 0.029386
vt 0.711624 0.006186
vt 0.711624 0.029086
vt 0.711624 0.029186
vt 0.711624 0.029286
vt 0.710924 0.029486
vt 0.711624 0.029386
vt 0.711624 0.029486
vt 0.711624 0.029586
vt 0.711624 0.109386
vt 0.710924 0.109286
vt 0.711624 0.109486
vt 0.711624 0.109586
vt 0.710924 0.109386
vt 0.711624 0.109686
vt 0.693599 0.018026
vt 0.694399 0.018326
vt 0.694399 0.078726
vt 0.693599 0.078426
vt 0.693599 0.017126
vt 0.694399 0.017226
vt 0.693599 0.016126
vt 0.694399 0.016126
vt 0.693599 0.015126
vt 0.694399 0.015026
vt 0.693599 0.014226
vt 0.694399 0.013926
vt 0.693599 0.013326
vt 0.694399 0.013026
vt 0.695299 0.012926
vt 0.695299 0.013826
vt 0.695299 0.014926
vt 0.695299 0.016126
vt 0.695299 0.017326
vt 0.695299 0.018426
vt 0.695299 0.078826
vt 0.696199 0.018326
vt 0.696199 0.078726
vt 0.696899 0.018026
vt 0.696899 0.078426
vt 0.696199 0.013026
vt 0.696199 0.013926
vt 0.696199 0.017226
vt 0.696899 0.017126
vt 0.696199 0.016126
vt 0.696199 0.015026
vt 0.696899 0.013326
vt 0.696899 0.014226
vt 0.696899 0.015126
vt 0.696899 0.016126
vt 0.674454 0.155419
vt 0.675154 0.155419
vt 0.674954 0.226019
vt 0.674154 0.226019
vt 0.674854 0.226419
vt 0.674054 0.226219
vt 0.674654 0.226719
vt 0.673954 0.226319
vt 0.674454 0.227019
vt 0.673954 0.226519
vt 0.676154 0.155419
vt 0.675754 0.226019
vt 0.676954 0.155419
vt 0.676554 0.226019
vt 0.677554 0.155419
vt 0.677354 0.226019
vt 0.677154 0.227019
vt 0.676554 0.226819
vt 0.675654 0.226619
vt 0.675454 0.227219
vt 0.676154 0.227619
vt 0.676754 0.227919
vt 0.676154 0.228719
vt 0.675654 0.228219
vt 0.675354 0.229318
vt 0.675054 0.228719
vt 0.674454 0.229719
vt 0.674254 0.229019
vt 0.673454 0.229919
vt 0.673454 0.229219
vt 0.644654 0.229919
vt 0.644754 0.229219
vt 0.644054 0.229919
vt 0.644254 0.229219
vt 0.643554 0.229719
vt 0.643854 0.229119
vt 0.643054 0.229619
vt 0.643354 0.228919
vt 0.642554 0.229318
vt 0.642954 0.228719
vt 0.642154 0.228919
vt 0.642654 0.228418
vt 0.641654 0.228519
vt 0.642354 0.228119
vt 0.594854 0.159619
vt 0.595454 0.159219
vt 0.594554 0.159219
vt 0.595154 0.158918
vt 0.594354 0.158819
vt 0.595054 0.158519
vt 0.595954 0.158419
vt 0.596154 0.158719
vt 0.643054 0.227519
vt 0.643254 0.227819
vt 0.643454 0.228019
vt 0.643854 0.228119
vt 0.644054 0.228219
vt 0.644354 0.228319
vt 0.644754 0.228418
vt 0.673454 0.228319
vt 0.674054 0.228219
vt 0.674654 0.228019
vt 0.675154 0.227619
vt 0.674254 0.227219
vt 0.673754 0.226619
vt 0.673854 0.227419
vt 0.673654 0.226619
vt 0.673454 0.227419
vt 0.673454 0.226619
vt 0.673354 0.226119
vt 0.673454 0.226119
vt 0.644754 0.227519
vt 0.644554 0.227519
vt 0.644354 0.227419
vt 0.644554 0.226719
vt 0.644654 0.226719
vt 0.644154 0.227319
vt 0.643954 0.227319
vt 0.643854 0.227119
vt 0.644354 0.226619
vt 0.644254 0.226519
vt 0.643654 0.227019
vt 0.644154 0.226519
vt 0.596754 0.158119
vt 0.597254 0.157619
vt 0.596654 0.158018
vt 0.595754 0.158219
vt 0.594054 0.158319
vt 0.594854 0.158119
vt 0.593954 0.157819
vt 0.594754 0.157719
vt 0.595754 0.157919
vt 0.596554 0.157819
vt 0.597254 0.157519
vt 0.597254 0.157419
vt 0.596454 0.157619
vt 0.595654 0.157619
vt 0.593854 0.155519
vt 0.594654 0.155519
vt 0.595554 0.155519
vt 0.596454 0.157419
vt 0.597154 0.157419
vt 0.597154 0.157319
vt 0.596454 0.155419
vt 0.597154 0.155419
vt 0.681754 0.155319
vt 0.682054 0.225919
vt 0.681254 0.225919
vt 0.680954 0.155319
vt 0.680454 0.225919
vt 0.680054 0.155319
vt 0.682054 0.226019
vt 0.681354 0.226319
vt 0.682154 0.226219
vt 0.681454 0.226619
vt 0.682254 0.226319
vt 0.681654 0.226919
vt 0.682354 0.226419
vt 0.681954 0.227119
vt 0.682554 0.226519
vt 0.682354 0.227219
vt 0.682754 0.226519
vt 0.682654 0.227319
vt 0.711554 0.226619
vt 0.711454 0.227319
vt 0.711654 0.227319
vt 0.711654 0.226519
vt 0.711854 0.227319
vt 0.711754 0.226519
vt 0.711954 0.227219
vt 0.711854 0.226519
vt 0.712254 0.227119
vt 0.711954 0.226419
vt 0.712354 0.227019
vt 0.711954 0.226319
vt 0.712454 0.226819
vt 0.758854 0.157519
vt 0.759354 0.158018
vt 0.758954 0.157419
vt 0.759554 0.157819
vt 0.758954 0.157319
vt 0.759554 0.157719
vt 0.682754 0.226019
vt 0.682854 0.226019
vt 0.760254 0.158319
vt 0.760054 0.158519
vt 0.713154 0.227419
vt 0.712954 0.227619
vt 0.712754 0.227819
vt 0.712354 0.228019
vt 0.712054 0.228119
vt 0.711754 0.228219
vt 0.711454 0.228219
vt 0.682654 0.228219
vt 0.682054 0.228119
vt 0.681554 0.227919
vt 0.681054 0.227519
vt 0.680654 0.227019
vt 0.680454 0.226519
vt 0.679654 0.226719
vt 0.679554 0.225919
vt 0.679954 0.227519
vt 0.680454 0.228119
vt 0.681154 0.228619
vt 0.681854 0.228919
vt 0.682654 0.229019
vt 0.711454 0.229119
vt 0.711954 0.229019
vt 0.712354 0.228919
vt 0.712754 0.228819
vt 0.713154 0.228619
vt 0.713554 0.228319
vt 0.713854 0.228019
vt 0.760754 0.159119
vt 0.761054 0.158719
vt 0.760354 0.158018
vt 0.759054 0.157219
vt 0.759654 0.157519
vt 0.759054 0.157118
vt 0.759654 0.157319
vt 0.760454 0.157719
vt 0.761154 0.158419
vt 0.761654 0.159119
vt 0.761354 0.159519
vt 0.714454 0.228418
vt 0.714054 0.228819
vt 0.713654 0.229119
vt 0.713154 0.229419
vt 0.712654 0.229619
vt 0.712054 0.229719
vt 0.711554 0.229819
vt 0.682754 0.229719
vt 0.681754 0.229619
vt 0.680854 0.229219
vt 0.679954 0.228619
vt 0.679454 0.227819
vt 0.678954 0.226819
vt 0.678854 0.225919
vt 0.678554 0.155219
vt 0.679254 0.155319
vt 0.726324 0.004220
vt 0.727024 0.003820
vt 0.727024 0.004620
vt 0.726324 0.004920
vt 0.727024 0.028220
vt 0.726324 0.028520
vt 0.727924 0.003720
vt 0.727924 0.004520
vt 0.728724 0.003820
vt 0.728724 0.004620
vt 0.729524 0.004220
vt 0.729524 0.004920
vt 0.729524 0.028520
vt 0.728724 0.028220
vt 0.729524 0.028920
vt 0.728724 0.028720
vt 0.729524 0.029420
vt 0.728724 0.029320
vt 0.729524 0.030020
vt 0.728724 0.029920
vt 0.729524 0.030620
vt 0.728724 0.030620
vt 0.729524 0.031120
vt 0.728724 0.031220
vt 0.729524 0.031720
vt 0.728724 0.031820
vt 0.729524 0.110320
vt 0.728724 0.110520
vt 0.729524 0.110820
vt 0.728724 0.111020
vt 0.729524 0.111320
vt 0.728724 0.111520
vt 0.727924 0.111120
vt 0.727924 0.110520
vt 0.727924 0.031820
vt 0.727924 0.031220
vt 0.727924 0.030520
vt 0.727924 0.029920
vt 0.727924 0.029220
vt 0.727924 0.028620
vt 0.727924 0.028120
vt 0.727024 0.028720
vt 0.726324 0.028920
vt 0.727024 0.029320
vt 0.727024 0.029920
vt 0.727024 0.030620
vt 0.727024 0.031220
vt 0.727024 0.031820
vt 0.727024 0.110520
vt 0.727024 0.111020
vt 0.727924 0.111620
vt 0.729524 0.111720
vt 0.728724 0.112020
vt 0.729524 0.112120
vt 0.728724 0.112420
vt 0.727924 0.112620
vt 0.727924 0.112120
vt 0.727024 0.111520
vt 0.726324 0.110820
vt 0.726324 0.110320
vt 0.726324 0.031720
vt 0.726324 0.031120
vt 0.726324 0.030620
vt 0.726324 0.030020
vt 0.726324 0.029420
vt 0.726324 0.111320
vt 0.727024 0.112020
vt 0.727024 0.112420
vt 0.726324 0.112120
vt 0.726324 0.111720
vt 0.684988 0.066113
vt 0.684288 0.065914
vt 0.684288 0.063914
vt 0.684988 0.064214
vt 0.683488 0.065814
vt 0.683488 0.063814
vt 0.682688 0.065914
vt 0.682688 0.063914
vt 0.681988 0.066113
vt 0.681988 0.064214
vt 0.705341 0.006665
vt 0.705341 0.009065
vt 0.704641 0.009065
vt 0.704641 0.006665
vt 0.703841 0.009165
vt 0.703841 0.006665
vt 0.703041 0.009065
vt 0.703041 0.006665
vt 0.702341 0.009065
vt 0.702341 0.006665
vt 0.683460 0.044305
vt 0.683460 0.042405
vt 0.684160 0.042605
vt 0.684160 0.044505
vt 0.684960 0.042705
vt 0.684960 0.044605
vt 0.685860 0.042605
vt 0.685860 0.044505
vt 0.686460 0.042405
vt 0.686460 0.044305
vt 0.693399 0.012926
vt 0.693399 0.015326
vt 0.692599 0.015326
vt 0.692599 0.012926
vt 0.691799 0.015326
vt 0.691799 0.013026
vt 0.690999 0.015326
vt 0.690999 0.012926
vt 0.690399 0.015326
vt 0.690399 0.012926
vt 0.761854 0.158719
vt 0.761254 0.158018
vt 0.760554 0.157519
vt 0.759054 0.155219
vt 0.759754 0.155319
vt 0.760554 0.155419
vt 0.761454 0.157619
vt 0.762054 0.158219
vt 0.762254 0.157719
vt 0.761454 0.155419
vt 0.762254 0.155419
vt 0.685060 0.058905
vt 0.683460 0.058905
vt 0.683860 0.058205
vt 0.685360 0.058205
vt 0.683960 0.057305
vt 0.685460 0.057305
vt 0.683860 0.056405
vt 0.685360 0.056405
vt 0.683460 0.055705
vt 0.685060 0.055705
vt 0.683460 0.048505
vt 0.685460 0.048505
vt 0.685760 0.049305
vt 0.683760 0.049305
vt 0.685860 0.050205
vt 0.683860 0.050205
vt 0.685760 0.051005
vt 0.683760 0.051005
vt 0.685460 0.051805
vt 0.683460 0.051805
vt 0.702935 0.086565
vt 0.703393 0.086565
vt 0.703395 0.009065
vt 0.702936 0.009065
vt 0.703642 0.086565
vt 0.703644 0.009065
vt 0.703640 0.086565
vt 0.703642 0.009065
vt 0.703395 0.086565
vt 0.703396 0.009065
vt 0.703169 0.086565
vt 0.703171 0.009065
vt 0.702995 0.086565
vt 0.702998 0.009065
vt 0.702902 0.086565
vt 0.702904 0.009065
vt 0.702903 0.086565
vt 0.702905 0.009065
vt 0.702998 0.086565
vt 0.703000 0.009065
vt 0.703171 0.086565
vt 0.703174 0.009065
vt 0.703398 0.086565
vt 0.703400 0.009065
vt 0.703644 0.086565
vt 0.703646 0.009065
vt 0.703870 0.086565
vt 0.703872 0.009065
vt 0.704044 0.086565
vt 0.704046 0.009065
vt 0.704137 0.086565
vt 0.704139 0.009065
vt 0.704136 0.086565
vt 0.704138 0.009065
vt 0.752011 0.124800
vt 0.752792 0.124800
vt 0.752792 0.003616
vt 0.752011 0.003616
vt 0.751349 0.124800
vt 0.751349 0.003616
vt 0.750914 0.124800
vt 0.750914 0.003616
vt 0.750765 0.124800
vt 0.750765 0.003616
vt 0.750930 0.124800
vt 0.750930 0.003616
vt 0.751379 0.124800
vt 0.751379 0.003616
vt 0.752050 0.124800
vt 0.752050 0.003616
vt 0.752834 0.124800
vt 0.752834 0.003616
vt 0.754277 0.124800
vt 0.753618 0.124800
vt 0.753618 0.003616
vt 0.754277 0.003616
vt 0.754713 0.124800
vt 0.754713 0.003616
vt 0.754861 0.124800
vt 0.754861 0.003616
vt 0.754696 0.124800
vt 0.754696 0.003616
vt 0.754247 0.124800
vt 0.754247 0.003616
vt 0.753576 0.124800
vt 0.753576 0.003616
vt 0.725924 0.111470
vt 0.725924 0.003720
vt 0.726620 0.003720
vt 0.726620 0.111470
vt 0.727283 0.003720
vt 0.727283 0.111470
vt 0.727876 0.003720
vt 0.727876 0.111470
vt 0.728383 0.003720
vt 0.728383 0.111470
vt 0.725224 0.111470
vt 0.725224 0.003720
vt 0.724424 0.111470
vt 0.724424 0.003720
vt 0.723724 0.111470
vt 0.723724 0.003720
vt 0.723109 0.111470
vt 0.723109 0.003720
vt 0.722515 0.111470
vt 0.722515 0.003720
vt 0.721912 0.111470
vt 0.721912 0.003720
vt 0.721314 0.111470
vt 0.721314 0.003720
vt 0.720745 0.111470
vt 0.720745 0.003720
vt 0.720293 0.111470
vt 0.720293 0.003720
vt 0.720024 0.111470
vt 0.720024 0.003720
vt 0.719982 0.111470
vt 0.719982 0.003720
vt 0.720171 0.111470
vt 0.720171 0.003720
s 1
f 1/1/1 29/2/29 2/3/2 3/4/3
f 2/3/2 4/5/4 3/4/3
f 4/5/4 5/4/5 3/4/3
f 3/4/3 5/4/5 6/6/6 1/1/1
f 6/6/6 5/4/5 8/7/8 7/8/7
f 7/8/7 8/7/8 10/7/10 9/9/9
f 9/9/9 10/7/10 12/7/12 11/10/11
f 12/7/12 10/7/10 4/5/4
f 10/7/10 8/7/8 4/5/4
f 8/7/8 5/4/5 4/5/4
f 13/11/13 14/11/14 4/5/4
f 14/11/14 15/12/15 4/5/4
f 4/5/4 15/12/15 16/12/16
f 15/12/15 17/13/17 18/14/18 16/12/16
f 16/12/16 18/14/18 20/15/20 19/12/19
f 16/12/16 19/12/19 4/5/4
f 17/13/17 15/12/15 14/11/14 21/16/21
f 21/16/21 14/11/14 13/11/13 22/17/22
f 22/17/22 13/11/13 24/18/24 23/19/23
f 23/19/23 24/18/24 26/20/26 25/21/25
f 24/18/24 4/5/4 27/22/27 26/20/26
f 2/3/2 29/2/29 30/23/30 28/24/28
f 24/18/24 13/11/13 4/5/4
f 12/25/12 4/26/4 31/25/31
f 4/26/4 59/27/59 32/28/32 31/25/31
f 31/25/31 32/28/32 33/29/33 56/30/56
f 33/29/33 32/28/32 35/28/35 34/31/34
f 34/31/34 35/28/35 37/28/37 36/31/36
f 36/31/36 37/28/37 39/28/39 38/32/38
f 38/32/38 39/28/39 41/33/41 40/34/40
f 40/34/40 41/33/41 43/33/43 42/35/42
f 42/35/42 43/33/43 45/33/45 44/36/44
f 44/36/44 45/33/45 47/37/47 46/38/46
f 47/37/47 48/37/48 49/39/49 46/38/46
f 48/37/48 50/37/50 51/40/51 49/39/49
f 50/37/50 52/41/52 53/40/53 51/40/51
f 52/41/52 54/41/54 55/42/55 53/40/53
f 54/41/54 52/41/52 57/43/57
f 52/41/52 50/37/50 57/43/57
f 50/37/50 48/37/48 57/43/57
f 48/37/48 47/37/47 57/43/57
f 57/43/57 47/37/47 45/33/45 58/27/58
f 45/33/45 43/33/43 58/27/58
f 58/27/58 43/33/43 59/27/59
f 43/33/43 41/33/41 59/27/59
f 41/33/41 39/28/39 59/27/59
f 39/28/39 37/28/37 59/27/59
f 37/28/37 35/28/35 59/27/59
f 35/28/35 32/28/32 59/27/59
f 59/27/59 4/26/4 60/44/60 61/45/61
f 4/26/4 19/44/19 60/44/60
f 60/44/60 62/46/62 63/47/63 61/45/61
f 61/45/61 63/47/63 64/45/64
f 63/47/63 65/48/65 64/45/64
f 64/45/64 65/48/65 66/45/66
f 65/48/65 67/48/67 66/45/66
f 66/45/66 67/48/67 68/45/68
f 67/48/67 69/49/69 68/45/68
f 68/45/68 69/49/69 70/50/70
f 69/49/69 71/51/71 70/50/70
f 70/50/70 71/51/71 72/50/72
f 71/51/71 73/52/73 72/50/72
f 61/45/61 64/45/64 59/27/59
f 64/45/64 66/45/66 59/27/59
f 66/45/66 68/45/68 59/27/59
f 68/45/68 70/50/70 59/27/59
f 59/27/59 70/50/70 58/27/58
f 70/50/70 72/50/72 58/27/58
f 58/27/58 72/50/72 74/50/74
f 72/50/72 73/52/73 74/50/74
f 73/52/73 75/53/75 74/50/74
f 74/50/74 75/53/75 77/54/77 76/55/76
f 77/54/77 78/56/78 79/55/79 76/55/76
f 78/56/78 80/57/80 81/55/81 79/55/79
f 80/57/80 82/57/82 83/58/83 81/55/81
f 82/57/82 84/59/84 85/58/85 83/58/83
f 85/58/85 57/43/57 83/58/83
f 83/58/83 57/43/57 81/55/81
f 81/55/81 57/43/57 79/55/79
f 79/55/79 57/43/57 76/55/76
f 76/55/76 57/43/57 58/27/58 74/50/74
f 102/60/101 103/61/102 105/62/104 104/63/103
f 103/61/102 102/60/101 107/64/106 106/65/105
f 106/65/105 107/64/106 109/66/108 108/67/107
f 108/67/107 109/66/108 111/68/110 110/69/109
f 110/69/109 111/68/110 113/70/112 112/71/111
f 112/71/111 113/70/112 115/72/114 114/73/113
f 114/73/113 116/74/115 117/75/116 112/71/111
f 112/71/111 117/75/116 118/76/117 110/69/109
f 110/69/109 118/76/117 119/77/118 108/67/107
f 108/67/107 119/77/118 120/78/119 106/65/105
f 106/65/105 120/78/119 121/79/120 103/61/102
f 103/61/102 121/79/120 122/80/90 105/62/104
f 121/79/120 123/81/121 124/82/122 122/80/90
f 123/81/121 125/83/123 126/84/124 124/82/122
f 117/75/116 116/74/115 127/85/125 132/86/130
f 125/83/123 123/81/121 129/87/127 128/88/126
f 123/81/121 121/79/120 120/78/119 129/87/127
f 129/87/127 120/78/119 119/77/118 130/89/128
f 130/89/128 119/77/118 118/76/117 131/90/129
f 131/90/129 118/76/117 117/75/116 132/86/130
f 127/85/125 133/91/131 134/92/132 132/86/130
f 132/86/130 134/92/132 135/93/133 131/90/129
f 131/90/129 135/93/133 136/94/134 130/89/128
f 130/89/128 136/94/134 128/88/126 129/87/127
f 25/95/25 137/96/135 138/97/136 23/98/23
f 23/98/23 138/97/136 139/99/137 22/100/22
f 22/100/22 139/99/137 140/101/138 21/102/21
f 21/102/21 140/101/138 185/103/183 17/104/17
f 137/96/135 141/105/139 142/106/140 138/97/136
f 141/105/139 143/107/141 144/108/142 142/106/140
f 143/107/141 126/109/124 125/110/123 144/108/142
f 144/108/142 125/110/123 128/111/126 145/112/143
f 138/97/136 142/106/140 146/113/144 139/99/137
f 139/99/137 146/113/144 147/114/145 140/101/138
f 146/113/144 145/112/143 148/115/146 147/114/145
f 145/112/143 128/111/126 136/116/134 148/115/146
f 148/115/146 136/116/134 135/117/133 149/118/147
f 149/118/147 135/117/133 134/119/132 150/120/148
f 150/120/148 134/119/132 133/121/131 151/122/149
f 151/122/149 133/121/131 153/123/151 152/124/150
f 152/124/150 153/123/151 155/125/153 154/126/152
f 154/126/152 155/125/153 157/127/155 156/128/154
f 156/128/154 157/127/155 159/129/157 158/130/156
f 158/130/156 159/129/157 161/131/159 160/132/158
f 160/132/158 161/131/159 163/133/161 162/134/160
f 162/134/160 163/133/161 165/135/163 164/136/162
f 164/136/162 165/135/163 167/137/165 166/138/164
f 166/138/164 167/137/165 169/139/167 168/140/166
f 169/139/167 170/141/168 171/142/169 168/140/166
f 170/141/168 172/143/170 198/144/196 171/142/169
f 142/106/140 144/108/142 145/112/143 146/113/144
f 171/142/169 197/145/195 173/146/171 168/140/166
f 168/140/166 173/146/171 174/147/172 166/138/164
f 166/138/164 174/147/172 175/148/173 164/136/162
f 164/136/162 175/148/173 176/149/174 162/134/160
f 162/134/160 176/149/174 177/150/175 160/132/158
f 160/132/158 177/150/175 178/151/176 158/130/156
f 158/130/156 178/151/176 179/152/177 156/128/154
f 156/128/154 179/152/177 180/153/178 154/126/152
f 154/126/152 180/153/178 181/154/179 152/124/150
f 152/124/150 181/154/179 182/155/180 151/122/149
f 151/122/149 182/155/180 183/156/181 150/120/148
f 150/120/148 183/156/181 184/157/182 149/118/147
f 149/118/147 184/157/182 147/114/145 148/115/146
f 184/157/182 185/103/183 140/101/138 147/114/145
f 17/104/17 185/103/183 186/158/184 18/159/18
f 18/159/18 186/158/184 187/160/185 20/161/20
f 187/160/185 188/162/186 62/163/62 20/161/20
f 62/163/62 60/164/60 19/165/19 20/161/20
f 185/103/183 184/157/182 183/156/181 186/158/184
f 186/158/184 183/156/181 182/155/180 187/160/185
f 187/160/185 182/155/180 181/154/179 188/162/186
f 188/162/186 181/154/179 180/153/178 189/166/187
f 189/166/187 180/153/178 179/152/177 190/167/188
f 179/152/177 178/151/176 191/168/189 190/167/188
f 191/168/189 67/169/67 65/169/65 190/167/188
f 190/167/188 65/169/65 63/170/63 189/166/187
f 189/166/187 63/170/63 62/163/62 188/162/186
f 191/168/189 178/151/176 177/150/175 192/171/190
f 192/171/190 177/150/175 176/149/174 193/172/191
f 193/172/191 176/149/174 175/148/173 194/173/192
f 67/169/67 191/168/189 192/171/190 69/174/69
f 69/174/69 192/171/190 193/172/191 71/174/71
f 71/174/71 193/172/191 194/173/192 73/175/73
f 73/175/73 194/173/192 195/176/193 75/177/75
f 75/177/75 195/176/193 196/178/194 77/179/77
f 195/176/193 174/147/172 173/146/171 196/178/194
f 196/178/194 173/146/171 197/145/195 203/180/201
f 197/145/195 171/142/169 198/144/196 202/181/200
f 172/143/170 199/182/197 200/183/198 198/144/196
f 199/182/197 201/184/199 206/185/204 200/183/198
f 194/173/192 175/148/173 174/147/172 195/176/193
f 200/183/198 205/186/203 202/181/200 198/144/196
f 202/181/200 204/187/202 203/180/201 197/145/195
f 196/178/194 203/180/201 78/188/78 77/179/77
f 203/180/201 204/187/202 80/189/80 78/188/78
f 204/187/202 202/181/200 205/186/203 211/190/209
f 205/186/203 200/183/198 206/185/204 209/191/207
f 201/184/199 207/192/205 208/193/206 206/185/204
f 206/185/204 208/193/206 210/194/208 209/191/207
f 209/191/207 212/195/210 211/190/209 205/186/203
f 204/187/202 211/190/209 82/196/82 80/189/80
f 211/190/209 212/195/210 84/197/84 82/196/82
f 212/195/210 213/198/211 214/199/212 84/197/84
f 209/191/207 210/194/208 213/198/211 212/195/210
f 30/200/30 29/201/29 215/202/213 216/203/214
f 216/203/214 215/202/213 217/204/215 277/205/275
f 215/202/213 29/201/29 1/206/1 218/207/216
f 218/207/216 1/206/1 6/208/6 219/209/217
f 219/209/217 6/208/6 7/210/7 220/211/218
f 220/211/218 7/210/7 9/212/9 221/213/219
f 221/213/219 9/212/9 11/214/11 222/215/220
f 222/215/220 11/214/11 56/216/56 223/217/221
f 223/217/221 56/216/56 33/218/33 224/219/222
f 224/219/222 33/218/33 34/218/34 225/220/223
f 225/220/223 34/218/34 36/221/36 226/222/224
f 226/222/224 36/221/36 38/223/38 227/224/225
f 227/224/225 38/223/38 40/225/40 228/226/226
f 228/226/226 40/225/40 42/227/42 229/228/227
f 229/228/227 42/227/42 44/229/44 230/230/228
f 230/230/228 44/229/44 46/231/46 231/232/229
f 46/231/46 49/233/49 232/234/230 231/232/229
f 49/233/49 51/235/51 262/236/260 232/234/230
f 11/214/11 12/237/12 31/238/31 56/216/56
f 232/234/230 261/239/259 233/240/231 231/232/229
f 231/232/229 233/240/231 234/241/232 230/230/228
f 230/230/228 234/241/232 235/242/233 229/228/227
f 229/228/227 235/242/233 236/243/234 228/226/226
f 228/226/226 236/243/234 237/244/235 227/224/225
f 227/224/225 237/244/235 238/245/236 226/222/224
f 226/222/224 238/245/236 239/246/237 225/220/223
f 225/220/223 239/246/237 240/247/238 224/219/222
f 224/219/222 240/247/238 241/248/239 223/217/221
f 223/217/221 241/248/239 242/249/240 222/215/220
f 222/215/220 242/249/240 243/250/241 221/213/219
f 221/213/219 243/250/241 244/251/242 220/211/218
f 220/211/218 244/251/242 245/252/243 219/209/217
f 219/209/217 245/252/243 246/253/244 218/207/216
f 218/207/216 246/253/244 217/204/215 215/202/213
f 217/204/215 246/253/244 247/254/245 275/255/273
f 247/254/245 246/253/244 245/252/243 248/256/246
f 248/256/246 245/252/243 244/251/242 249/257/247
f 249/257/247 244/251/242 243/250/241 250/258/248
f 250/258/248 243/250/241 242/249/240 251/259/249
f 251/259/249 242/249/240 241/248/239 252/260/250
f 252/260/250 241/248/239 240/247/238 253/261/251
f 253/261/251 240/247/238 239/246/237 254/262/252
f 254/262/252 239/246/237 238/245/236 255/263/253
f 255/263/253 238/245/236 237/244/235 256/264/254
f 256/264/254 237/244/235 236/243/234 257/265/255
f 257/265/255 236/243/234 235/242/233 258/266/256
f 258/266/256 235/242/233 234/241/232 259/267/257
f 259/267/257 234/241/232 233/240/231 260/268/258
f 260/268/258 233/240/231 261/239/259 265/269/263
f 261/239/259 232/234/230 262/236/260 264/270/262
f 51/235/51 53/271/53 263/272/261 262/236/260
f 53/271/53 55/273/55 387/274/355 263/272/261
f 263/272/261 386/275/354 264/270/262 262/236/260
f 264/270/262 385/276/353 265/269/263 261/239/259
f 265/269/263 289/277/287 266/278/264 260/268/258
f 260/268/258 266/278/264 267/279/265 259/267/257
f 259/267/257 267/279/265 268/280/266 258/266/256
f 258/266/256 268/280/266 269/281/267 257/265/255
f 257/265/255 269/281/267 270/282/268 256/264/254
f 256/264/254 270/282/268 271/283/269 255/263/253
f 255/263/253 271/283/269 272/284/270 254/262/252
f 254/262/252 272/284/270 273/285/271 253/261/251
f 253/261/251 273/285/271 274/286/272 252/260/250
f 252/260/250 274/286/272 115/287/114 251/259/249
f 251/259/249 115/287/114 113/288/112 250/258/248
f 250/258/248 113/288/112 111/289/110 249/257/247
f 249/257/247 111/289/110 109/290/108 248/256/246
f 248/256/246 109/290/108 107/291/106 247/254/245
f 247/254/245 107/291/106 102/292/101 275/255/273
f 275/255/273 102/292/101 104/293/103 276/294/274
f 275/255/273 276/294/274 277/205/275 217/204/215
f 133/295/131 127/296/125 278/297/276 153/298/151
f 153/298/151 278/297/276 300/299/298 155/300/153
f 127/296/125 116/301/115 279/302/277 278/297/276
f 116/301/115 114/303/113 280/304/278 279/302/277
f 114/303/113 115/305/114 274/306/272 280/304/278
f 280/304/278 274/306/272 273/307/271 281/308/279
f 281/308/279 273/307/271 272/309/270 282/310/280
f 282/310/280 272/309/270 271/311/269 283/312/281
f 283/312/281 271/311/269 270/313/268 284/314/282
f 284/314/282 270/313/268 269/315/267 285/316/283
f 285/316/283 269/315/267 268/317/266 286/318/284
f 286/318/284 268/317/266 267/319/265 287/320/285
f 287/320/285 267/319/265 266/321/264 288/322/286
f 266/321/264 289/323/287 290/324/288 288/322/286
f 289/323/287 291/325/289 309/326/307 290/324/288
f 290/324/288 308/327/306 292/328/290 288/322/286
f 288/322/286 292/328/290 293/329/291 287/320/285
f 287/320/285 293/329/291 294/330/292 286/318/284
f 286/318/284 294/330/292 295/331/293 285/316/283
f 285/316/283 295/331/293 296/332/294 284/314/282
f 284/314/282 296/332/294 297/333/295 283/312/281
f 283/312/281 297/333/295 298/334/296 282/310/280
f 282/310/280 298/334/296 299/335/297 281/308/279
f 281/308/279 299/335/297 279/302/277 280/304/278
f 299/335/297 300/299/298 278/297/276 279/302/277
f 155/300/153 300/299/298 301/336/299 157/337/155
f 300/299/298 299/335/297 298/334/296 301/336/299
f 301/336/299 298/334/296 297/333/295 302/338/300
f 302/338/300 297/333/295 296/332/294 303/339/301
f 303/339/301 296/332/294 295/331/293 304/340/302
f 304/340/302 295/331/293 294/330/292 305/341/303
f 305/341/303 294/330/292 293/329/291 306/342/304
f 306/342/304 293/329/291 292/328/290 307/343/305
f 307/343/305 292/328/290 308/327/306 317/344/315
f 308/327/306 290/324/288 309/326/307 316/345/314
f 291/325/289 310/346/308 311/347/309 309/326/307
f 310/346/308 312/348/310 313/349/311 311/347/309
f 311/347/309 313/349/311 315/350/313 314/351/312
f 314/351/312 316/345/314 309/326/307 311/347/309
f 316/345/314 318/352/316 317/344/315 308/327/306
f 317/344/315 170/353/168 169/354/167 307/343/305
f 307/343/305 169/354/167 167/355/165 306/342/304
f 306/342/304 167/355/165 165/356/163 305/341/303
f 305/341/303 165/356/163 163/357/161 304/340/302
f 304/340/302 163/357/161 161/358/159 303/339/301
f 303/339/301 161/358/159 159/359/157 302/338/300
f 302/338/300 159/359/157 157/337/155 301/336/299
f 170/353/168 317/344/315 318/352/316 172/360/170
f 316/345/314 314/351/312 319/361/317 318/352/316
f 314/351/312 315/350/313 320/362/318 319/361/317
f 319/361/317 320/362/318 201/363/199 199/364/197
f 199/364/197 172/360/170 318/352/316 319/361/317
f 337/365/335 338/366/336 339/367/336 345/368/335
f 338/366/336 347/369/337 340/370/337 339/367/336
f 340/370/337 347/369/337 348/371/338 343/372/338
f 343/372/338 348/371/338 350/373/339 349/374/339
f 337/375/335 345/376/335 353/377/340 352/378/340
f 352/378/340 353/377/340 355/379/341 354/380/341
f 354/380/341 355/379/341 357/381/342 356/382/342
f 360/383/343 361/384/343 356/382/342 357/381/342
f 361/385/343 360/386/343 365/387/345 364/388/344
f 364/388/344 365/387/345 367/389/346 366/390/346
f 366/390/346 367/389/346 369/391/347 368/392/347
f 372/393/349 373/394/349 368/392/347 369/391/347
f 373/395/349 372/396/349 377/397/350 376/398/350
f 376/398/350 377/397/350 379/399/351 378/400/351
f 378/400/351 379/399/351 381/401/352 380/402/352
f 349/403/339 350/404/339 380/402/352 381/401/352
f 265/269/263 385/276/353 291/405/289 289/277/287
f 385/276/353 264/270/262 386/275/354 392/406/360
f 386/275/354 263/272/261 387/274/355 390/407/358
f 55/273/55 388/408/356 389/409/357 387/274/355
f 387/274/355 389/409/357 391/410/359 390/407/358
f 390/407/358 393/411/361 392/406/360 386/275/354
f 385/276/353 392/406/360 310/412/308 291/405/289
f 392/406/360 393/411/361 312/413/310 310/412/308
f 393/411/361 394/414/362 395/415/363 312/413/310
f 390/407/358 391/410/359 394/414/362 393/411/361
f 388/416/356 55/417/55 54/418/54 396/419/364
f 396/419/364 54/418/54 57/420/57 397/421/365
f 397/421/365 57/420/57 85/422/85 398/423/366
f 398/423/366 85/422/85 84/424/84 214/425/212
f 207/426/205 201/427/199 320/428/318 399/429/367
f 399/429/367 320/428/318 315/430/313 400/431/368
f 400/431/368 315/430/313 313/432/311 401/433/369
f 401/433/369 313/432/311 312/434/310 395/435/363
f 4/5/4 2/3/2 28/24/28 27/22/27
f 342/436/337 341/437/336 339/438/336 340/439/337
f 341/437/336 346/440/335 345/441/335 339/438/336
f 346/440/335 362/442/340 353/443/340 345/441/335
f 362/442/340 363/444/341 355/445/341 353/443/340
f 363/444/341 358/446/342 357/447/342 355/445/341
f 358/446/342 359/448/343 360/449/343 357/447/342
f 359/448/343 374/450/345 365/451/345 360/449/343
f 374/450/345 375/452/346 367/453/346 365/451/345
f 375/452/346 370/454/348 369/455/347 367/453/346
f 370/454/348 371/456/349 372/457/349 369/455/347
f 371/456/349 383/458/350 377/459/350 372/457/349
f 383/458/350 384/460/351 379/461/351 377/459/350
f 384/460/351 382/462/352 381/463/352 379/461/351
f 382/462/352 351/464/339 349/465/339 381/463/352
f 351/464/339 344/466/338 343/467/338 349/465/339
f 344/466/338 342/468/337 340/469/337 343/467/338
f 98/470/97 99/471/98 818/472/98 402/473/97
f 97/474/96 98/470/97 402/473/97 810/475/96
f 96/476/95 97/474/96 810/475/96 403/477/95
f 95/478/94 96/476/95 403/477/95 811/479/94
f 90/480/90 95/478/94 811/479/94 812/481/90
f 89/482/89 90/480/90 812/481/90 813/483/89
f 88/484/88 89/482/89 813/483/89 814/485/88
f 87/486/87 88/484/88 814/485/88 404/487/87
f 94/488/93 86/489/86 809/490/86 815/491/93
f 93/492/92 94/488/93 815/491/93 405/493/92
f 92/494/91 93/492/92 405/493/92 406/495/91
f 91/496/27 92/494/91 406/495/91 407/497/27
f 101/498/100 91/496/27 407/497/27 816/499/100
f 100/500/99 101/498/100 816/499/100 817/501/99
f 99/471/98 100/500/99 817/501/99 818/472/98
f 809/490/86 86/489/86 87/486/87 404/487/87
f 823/502/322 324/503/322 325/504/323 819/505/323
f 819/505/323 325/504/323 326/506/324 820/507/324
f 820/507/324 326/506/324 327/508/325 821/509/325
f 821/509/325 327/508/325 328/510/326 822/511/326
f 824/512/321 323/513/321 324/503/322 823/502/322
f 825/514/320 322/515/320 323/513/321 824/512/321
f 826/516/319 321/517/319 322/515/320 825/514/320
f 827/518/328 330/519/328 321/517/319 826/516/319
f 828/520/329 331/521/329 330/519/328 827/518/328
f 829/522/330 332/523/330 331/521/329 828/520/329
f 830/524/331 333/525/331 332/523/330 829/522/330
f 831/526/332 334/527/332 333/525/331 830/524/331
f 832/528/333 335/529/333 334/527/332 831/526/332
f 833/530/334 336/531/334 335/529/333 832/528/333
f 834/532/327 329/533/327 336/531/334 833/530/334
f 822/534/326 328/535/326 329/533/327 834/532/327
f 408/1/22 410/4/13 409/3/24 436/2/23
f 409/3/24 410/4/13 411/5/4
f 411/5/4 410/4/13 412/4/370
f 410/4/13 408/1/22 413/6/21 412/4/370
f 413/6/21 414/8/17 415/7/371 412/4/370
f 414/8/17 416/9/372 417/7/373 415/7/371
f 416/9/372 418/10/374 419/7/375 417/7/373
f 419/7/375 411/5/4 417/7/373
f 417/7/373 411/5/4 415/7/371
f 415/7/371 411/5/4 412/4/370
f 420/11/3 411/5/4 421/11/376
f 421/11/376 411/5/4 422/12/377
f 411/5/4 423/12/378 422/12/377
f 422/12/377 423/12/378 425/14/9 424/13/379
f 423/12/378 426/12/380 427/15/381 425/14/9
f 423/12/378 411/5/4 426/12/380
f 424/13/379 428/16/382 421/11/376 422/12/377
f 428/16/382 429/17/1 420/11/3 421/11/376
f 429/17/1 430/19/29 431/18/2 420/11/3
f 430/19/29 432/21/30 433/20/28 431/18/2
f 431/18/2 433/20/28 434/22/27 411/5/4
f 409/3/24 435/24/26 437/23/25 436/2/23
f 431/18/2 411/5/4 420/11/3
f 419/25/375 438/25/60 411/26/4
f 411/26/4 438/25/60 439/28/383 466/27/401
f 438/25/60 463/30/399 440/29/384 439/28/383
f 440/29/384 441/31/385 442/28/386 439/28/383
f 441/31/385 443/31/387 444/28/388 442/28/386
f 443/31/387 445/32/389 446/28/390 444/28/388
f 445/32/389 447/34/391 448/33/392 446/28/390
f 447/34/391 449/35/393 450/33/394 448/33/392
f 449/35/393 451/36/395 452/33/396 450/33/394
f 451/36/395 453/38/77 454/37/76 452/33/396
f 454/37/76 453/38/77 456/39/78 455/37/79
f 455/37/79 456/39/78 458/40/80 457/37/397
f 457/37/397 458/40/80 460/40/82 459/41/83
f 459/41/83 460/40/82 462/42/398 461/41/85
f 461/41/85 464/43/57 459/41/83
f 459/41/83 464/43/57 457/37/397
f 457/37/397 464/43/57 455/37/79
f 455/37/79 464/43/57 454/37/76
f 464/43/57 465/27/400 452/33/396 454/37/76
f 452/33/396 465/27/400 450/33/394
f 465/27/400 466/27/401 450/33/394
f 450/33/394 466/27/401 448/33/392
f 448/33/392 466/27/401 446/28/390
f 446/28/390 466/27/401 444/28/388
f 444/28/388 466/27/401 442/28/386
f 442/28/386 466/27/401 439/28/383
f 466/27/401 468/45/402 467/44/31 411/26/4
f 411/26/4 467/44/31 426/44/380
f 467/44/31 468/45/402 470/47/404 469/46/403
f 468/45/402 471/45/405 470/47/404
f 470/47/404 471/45/405 472/48/406
f 471/45/405 473/45/407 472/48/406
f 472/48/406 473/45/407 474/48/408
f 473/45/407 475/45/409 474/48/408
f 474/48/408 475/45/409 476/49/410
f 475/45/409 477/50/411 476/49/410
f 476/49/410 477/50/411 478/51/412
f 477/50/411 479/50/413 478/51/412
f 478/51/412 479/50/413 480/52/414
f 468/45/402 466/27/401 471/45/405
f 471/45/405 466/27/401 473/45/407
f 473/45/407 466/27/401 475/45/409
f 475/45/409 466/27/401 477/50/411
f 466/27/401 465/27/400 477/50/411
f 477/50/411 465/27/400 479/50/413
f 465/27/400 481/50/415 479/50/413
f 479/50/413 481/50/415 480/52/414
f 480/52/414 481/50/415 482/53/416
f 481/50/415 483/55/47 484/54/46 482/53/416
f 484/54/46 483/55/47 486/55/417 485/56/49
f 485/56/49 486/55/417 488/55/418 487/57/51
f 487/57/51 488/55/418 490/58/52 489/57/53
f 489/57/53 490/58/52 492/58/54 491/59/419
f 492/58/54 490/58/52 464/43/57
f 490/58/52 488/55/418 464/43/57
f 488/55/418 486/55/417 464/43/57
f 486/55/417 483/55/47 464/43/57
f 483/55/47 481/50/415 465/27/400 464/43/57
f 509/60/123 511/63/124 512/62/122 510/61/121
f 510/61/121 513/65/127 514/64/126 509/60/123
f 513/65/127 515/67/128 516/66/134 514/64/126
f 515/67/128 517/69/129 518/68/133 516/66/134
f 517/69/129 519/71/130 520/70/132 518/68/133
f 519/71/130 521/73/125 522/72/131 520/70/132
f 521/73/125 519/71/130 524/75/421 523/74/115
f 519/71/130 517/69/129 525/76/117 524/75/421
f 517/69/129 515/67/128 526/77/118 525/76/117
f 515/67/128 513/65/127 527/78/119 526/77/118
f 513/65/127 510/61/121 528/79/120 527/78/119
f 510/61/121 512/62/122 529/80/90 528/79/120
f 528/79/120 529/80/90 531/82/104 530/81/102
f 530/81/102 531/82/104 533/84/103 532/83/101
f 524/75/421 539/86/422 534/85/113 523/74/115
f 532/83/101 535/88/106 536/87/105 530/81/102
f 530/81/102 536/87/105 527/78/119 528/79/120
f 536/87/105 537/89/107 526/77/118 527/78/119
f 537/89/107 538/90/109 525/76/117 526/77/118
f 538/90/109 539/86/422 524/75/421 525/76/117
f 534/85/113 539/86/422 541/92/112 540/91/114
f 539/86/422 538/90/109 542/93/110 541/92/112
f 538/90/109 537/89/107 543/94/423 542/93/110
f 537/89/107 536/87/105 535/88/106 543/94/423
f 432/95/30 430/98/29 545/97/213 544/96/214
f 430/98/29 429/100/1 546/99/216 545/97/213
f 429/100/1 428/102/382 547/101/424 546/99/216
f 428/102/382 424/104/379 592/103/218 547/101/424
f 544/96/214 545/97/213 549/106/425 548/105/275
f 548/105/275 549/106/425 551/108/273 550/107/274
f 550/107/274 551/108/273 532/110/101 533/109/103
f 551/108/273 552/112/245 535/111/106 532/110/101
f 545/97/213 546/99/216 553/113/244 549/106/425
f 546/99/216 547/101/424 554/114/243 553/113/244
f 553/113/244 554/114/243 555/115/246 552/112/245
f 552/112/245 555/115/246 543/116/423 535/111/106
f 555/115/246 556/118/247 542/117/110 543/116/423
f 556/118/247 557/120/248 541/119/112 542/117/110
f 557/120/248 558/122/249 540/121/114 541/119/112
f 558/122/249 559/124/250 560/123/272 540/121/114
f 559/124/250 561/126/426 562/125/271 560/123/272
f 561/126/426 563/128/252 564/127/427 562/125/271
f 563/128/252 565/130/253 566/129/269 564/127/427
f 565/130/253 567/132/254 568/131/268 566/129/269
f 567/132/254 569/134/428 570/133/267 568/131/268
f 569/134/428 571/136/429 572/135/430 570/133/267
f 571/136/429 573/138/431 574/137/432 572/135/430
f 573/138/431 575/140/433 576/139/434 574/137/432
f 576/139/434 575/140/433 578/142/436 577/141/435
f 577/141/435 578/142/436 605/144/353 579/143/289
f 549/106/425 553/113/244 552/112/245 551/108/273
f 578/142/436 575/140/433 580/146/437 604/145/441
f 575/140/433 573/138/431 581/147/438 580/146/437
f 573/138/431 571/136/429 582/148/439 581/147/438
f 571/136/429 569/134/428 583/149/234 582/148/439
f 569/134/428 567/132/254 584/150/235 583/149/234
f 567/132/254 565/130/253 585/151/236 584/150/235
f 565/130/253 563/128/252 586/152/237 585/151/236
f 563/128/252 561/126/426 587/153/238 586/152/237
f 561/126/426 559/124/250 588/154/239 587/153/238
f 559/124/250 558/122/249 589/155/240 588/154/239
f 558/122/249 557/120/248 590/156/241 589/155/240
f 557/120/248 556/118/247 591/157/242 590/156/241
f 556/118/247 555/115/246 554/114/243 591/157/242
f 591/157/242 554/114/243 547/101/424 592/103/218
f 424/104/379 425/159/9 593/158/219 592/103/218
f 425/159/9 427/161/381 594/160/220 593/158/219
f 594/160/220 427/161/381 469/163/403 595/162/221
f 469/163/403 427/161/381 426/165/380 467/164/31
f 592/103/218 593/158/219 590/156/241 591/157/242
f 593/158/219 594/160/220 589/155/240 590/156/241
f 594/160/220 595/162/221 588/154/239 589/155/240
f 595/162/221 596/166/222 587/153/238 588/154/239
f 596/166/222 597/167/440 586/152/237 587/153/238
f 586/152/237 597/167/440 598/168/224 585/151/236
f 598/168/224 597/167/440 472/169/406 474/169/408
f 597/167/440 596/166/222 470/170/404 472/169/406
f 596/166/222 595/162/221 469/163/403 470/170/404
f 598/168/224 599/171/225 584/150/235 585/151/236
f 599/171/225 600/172/226 583/149/234 584/150/235
f 600/172/226 601/173/227 582/148/439 583/149/234
f 474/169/408 476/174/410 599/171/225 598/168/224
f 476/174/410 478/174/412 600/172/226 599/171/225
f 478/174/412 480/175/414 601/173/227 600/172/226
f 480/175/414 482/177/416 602/176/228 601/173/227
f 482/177/416 484/179/46 603/178/229 602/176/228
f 602/176/228 603/178/229 580/146/437 581/147/438
f 603/178/229 610/180/230 604/145/441 580/146/437
f 604/145/441 609/181/262 605/144/353 578/142/436
f 579/143/289 605/144/353 607/183/442 606/182/308
f 606/182/308 607/183/442 613/185/361 608/184/310
f 601/173/227 602/176/228 581/147/438 582/148/439
f 607/183/442 605/144/353 609/181/262 612/186/354
f 609/181/262 604/145/441 610/180/230 611/187/260
f 603/178/229 484/179/46 485/188/49 610/180/230
f 610/180/230 485/188/49 487/189/51 611/187/260
f 611/187/260 618/190/261 612/186/354 609/181/262
f 612/186/354 616/191/358 613/185/361 607/183/442
f 608/184/310 613/185/361 615/193/362 614/192/363
f 613/185/361 616/191/358 617/194/359 615/193/362
f 616/191/358 612/186/354 618/190/261 619/195/443
f 611/187/260 487/189/51 489/196/53 618/190/261
f 618/190/261 489/196/53 491/197/419 619/195/443
f 619/195/443 491/197/419 621/199/356 620/198/357
f 616/191/358 619/195/443 620/198/357 617/194/359
f 437/200/25 623/203/135 622/202/136 436/201/23
f 623/203/135 684/205/139 624/204/140 622/202/136
f 622/202/136 625/207/444 408/206/22 436/201/23
f 625/207/444 626/209/445 413/208/21 408/206/22
f 626/209/445 627/211/183 414/210/17 413/208/21
f 627/211/183 628/213/184 416/212/372 414/210/17
f 628/213/184 629/215/185 418/214/374 416/212/372
f 629/215/185 630/217/186 463/216/399 418/214/374
f 630/217/186 631/219/446 440/218/384 463/216/399
f 631/219/446 632/220/447 441/218/385 440/218/384
f 632/220/447 633/222/448 443/221/387 441/218/385
f 633/222/448 634/224/449 445/223/389 443/221/387
f 634/224/449 635/226/450 447/225/391 445/223/389
f 635/226/450 636/228/192 449/227/393 447/225/391
f 636/228/192 637/230/193 451/229/395 449/227/393
f 637/230/193 638/232/194 453/231/77 451/229/395
f 453/231/77 638/232/194 639/234/451 456/233/78
f 456/233/78 639/234/451 669/236/202 458/235/80
f 418/214/374 463/216/399 438/238/60 419/237/375
f 639/234/451 638/232/194 640/240/452 668/239/463
f 638/232/194 637/230/193 641/241/453 640/240/452
f 637/230/193 636/228/192 642/242/454 641/241/453
f 636/228/192 635/226/450 643/243/174 642/242/454
f 635/226/450 634/224/449 644/244/175 643/243/174
f 634/224/449 633/222/448 645/245/176 644/244/175
f 633/222/448 632/220/447 646/246/177 645/245/176
f 632/220/447 631/219/446 647/247/178 646/246/177
f 631/219/446 630/217/186 648/248/179 647/247/178
f 630/217/186 629/215/185 649/249/180 648/248/179
f 629/215/185 628/213/184 650/250/181 649/249/180
f 628/213/184 627/211/183 651/251/182 650/250/181
f 627/211/183 626/209/445 652/252/145 651/251/182
f 626/209/445 625/207/444 653/253/144 652/252/145
f 625/207/444 622/202/136 624/204/140 653/253/144
f 624/204/140 682/255/142 654/254/143 653/253/144
f 654/254/143 655/256/455 652/252/145 653/253/144
f 655/256/455 656/257/456 651/251/182 652/252/145
f 656/257/456 657/258/148 650/250/181 651/251/182
f 657/258/148 658/259/149 649/249/180 650/250/181
f 658/259/149 659/260/150 648/248/179 649/249/180
f 659/260/150 660/261/457 647/247/178 648/248/179
f 660/261/457 661/262/458 646/246/177 647/247/178
f 661/262/458 662/263/156 645/245/176 646/246/177
f 662/263/156 663/264/158 644/244/175 645/245/176
f 663/264/158 664/265/459 643/243/174 644/244/175
f 664/265/459 665/266/460 642/242/454 643/243/174
f 665/266/460 666/267/461 641/241/453 642/242/454
f 666/267/461 667/268/462 640/240/452 641/241/453
f 667/268/462 672/269/464 668/239/463 640/240/452
f 668/239/463 671/270/200 669/236/202 639/234/451
f 458/235/80 669/236/202 670/272/209 460/271/82
f 460/271/82 670/272/209 794/274/480 462/273/398
f 670/272/209 669/236/202 671/270/200 793/275/203
f 671/270/200 668/239/463 672/269/464 792/276/196
f 672/269/464 667/268/462 673/278/465 696/277/473
f 667/268/462 666/267/461 674/279/466 673/278/465
f 666/267/461 665/266/460 675/280/467 674/279/466
f 665/266/460 664/265/459 676/281/161 675/280/467
f 664/265/459 663/264/158 677/282/159 676/281/161
f 663/264/158 662/263/156 678/283/157 677/282/159
f 662/263/156 661/262/458 679/284/155 678/283/157
f 661/262/458 660/261/457 680/285/468 679/284/155
f 660/261/457 659/260/150 681/286/151 680/285/468
f 659/260/150 658/259/149 522/287/131 681/286/151
f 658/259/149 657/258/148 520/288/132 522/287/131
f 657/258/148 656/257/456 518/289/133 520/288/132
f 656/257/456 655/256/455 516/290/134 518/289/133
f 655/256/455 654/254/143 514/291/126 516/290/134
f 654/254/143 682/255/142 509/292/123 514/291/126
f 682/255/142 683/294/141 511/293/124 509/292/123
f 682/255/142 624/204/140 684/205/139 683/294/141
f 540/295/114 560/298/272 685/297/469 534/296/113
f 560/298/272 562/300/271 707/299/279 685/297/469
f 534/296/113 685/297/469 686/302/277 523/301/115
f 523/301/115 686/302/277 687/304/470 521/303/125
f 521/303/125 687/304/470 681/306/151 522/305/131
f 687/304/470 688/308/298 680/307/468 681/306/151
f 688/308/298 689/310/471 679/309/155 680/307/468
f 689/310/471 690/312/472 678/311/157 679/309/155
f 690/312/472 691/314/301 677/313/159 678/311/157
f 691/314/301 692/316/302 676/315/161 677/313/159
f 692/316/302 693/318/303 675/317/467 676/315/161
f 693/318/303 694/320/304 674/319/466 675/317/467
f 694/320/304 695/322/305 673/321/465 674/319/466
f 673/321/465 695/322/305 697/324/315 696/323/473
f 696/323/473 697/324/315 716/326/316 698/325/170
f 697/324/315 695/322/305 699/328/290 715/327/306
f 695/322/305 694/320/304 700/329/291 699/328/290
f 694/320/304 693/318/303 701/330/292 700/329/291
f 693/318/303 692/316/302 702/331/293 701/330/292
f 692/316/302 691/314/301 703/332/294 702/331/293
f 691/314/301 690/312/472 704/333/295 703/332/294
f 690/312/472 689/310/471 705/334/296 704/333/295
f 689/310/471 688/308/298 706/335/297 705/334/296
f 688/308/298 687/304/470 686/302/277 706/335/297
f 706/335/297 686/302/277 685/297/469 707/299/279
f 562/300/271 564/337/427 708/336/474 707/299/279
f 707/299/279 708/336/474 705/334/296 706/335/297
f 708/336/474 709/338/475 704/333/295 705/334/296
f 709/338/475 710/339/476 703/332/294 704/333/295
f 710/339/476 711/340/283 702/331/293 703/332/294
f 711/340/283 712/341/284 701/330/292 702/331/293
f 712/341/284 713/342/285 700/329/291 701/330/292
f 713/342/285 714/343/286 699/328/290 700/329/291
f 714/343/286 724/344/288 715/327/306 699/328/290
f 715/327/306 723/345/314 716/326/316 697/324/315
f 698/325/170 716/326/316 718/347/317 717/346/197
f 717/346/197 718/347/317 720/349/318 719/348/199
f 718/347/317 721/351/312 722/350/313 720/349/318
f 721/351/312 718/347/317 716/326/316 723/345/314
f 723/345/314 715/327/306 724/344/288 725/352/307
f 724/344/288 714/343/286 576/354/434 577/353/435
f 714/343/286 713/342/285 574/355/432 576/354/434
f 713/342/285 712/341/284 572/356/430 574/355/432
f 712/341/284 711/340/283 570/357/267 572/356/430
f 711/340/283 710/339/476 568/358/268 570/357/267
f 710/339/476 709/338/475 566/359/269 568/358/268
f 709/338/475 708/336/474 564/337/427 566/359/269
f 577/353/435 579/360/289 725/352/307 724/344/288
f 723/345/314 725/352/307 726/361/477 721/351/312
f 721/351/312 726/361/477 727/362/311 722/350/313
f 726/361/477 606/364/308 608/363/310 727/362/311
f 606/364/308 726/361/477 725/352/307 579/360/289
f 744/365/339 752/368/339 746/367/338 745/366/338
f 745/366/338 746/367/338 747/370/337 754/369/337
f 747/370/337 750/372/336 755/371/336 754/369/337
f 750/372/336 756/374/335 757/373/335 755/371/336
f 744/375/339 759/378/478 760/377/478 752/376/339
f 759/378/478 761/380/351 762/379/351 760/377/478
f 761/380/351 763/382/350 764/381/350 762/379/351
f 767/383/349 764/381/350 763/382/350 768/384/349
f 768/385/349 771/388/347 772/387/348 767/386/349
f 771/388/347 773/390/346 774/389/346 772/387/348
f 773/390/346 775/392/344 776/391/344 774/389/346
f 779/393/343 776/391/344 775/392/344 780/394/343
f 780/395/343 783/398/342 784/397/342 779/396/343
f 783/398/342 785/400/341 786/399/341 784/397/342
f 785/400/341 787/402/479 788/401/479 786/399/341
f 756/403/335 788/401/479 787/402/479 757/404/335
f 672/269/464 696/277/473 698/405/170 792/276/196
f 792/276/196 799/406/198 793/275/203 671/270/200
f 793/275/203 797/407/207 794/274/480 670/272/209
f 462/273/398 794/274/480 796/409/481 795/408/212
f 794/274/480 797/407/207 798/410/208 796/409/481
f 797/407/207 793/275/203 799/406/198 800/411/204
f 792/276/196 698/405/170 717/412/197 799/406/198
f 799/406/198 717/412/197 719/413/199 800/411/204
f 800/411/204 719/413/199 802/415/205 801/414/206
f 797/407/207 800/411/204 801/414/206 798/410/208
f 795/416/212 803/419/482 461/418/85 462/417/398
f 803/419/482 804/421/365 464/420/57 461/418/85
f 804/421/365 805/423/364 492/422/54 464/420/57
f 805/423/364 621/425/356 491/424/419 492/422/54
f 614/426/363 806/429/369 727/428/311 608/427/310
f 806/429/369 807/431/368 722/430/313 727/428/311
f 807/431/368 808/433/367 720/432/318 722/430/313
f 808/433/367 802/435/205 719/434/199 720/432/318
f 411/5/4 434/22/27 435/24/26 409/3/24
f 749/436/337 747/439/337 746/438/338 748/437/338
f 748/437/338 746/438/338 752/441/339 753/440/339
f 753/440/339 752/441/339 760/443/478 769/442/478
f 769/442/478 760/443/478 762/445/351 770/444/351
f 770/444/351 762/445/351 764/447/350 765/446/350
f 765/446/350 764/447/350 767/449/349 766/448/349
f 766/448/349 767/449/349 772/451/348 781/450/348
f 781/450/348 772/451/348 774/453/346 782/452/346
f 782/452/346 774/453/346 776/455/344 777/454/344
f 777/454/344 776/455/344 779/457/343 778/456/343
f 778/456/343 779/457/343 784/459/342 790/458/342
f 790/458/342 784/459/342 786/461/341 791/460/341
f 791/460/341 786/461/341 788/463/479 789/462/479
f 789/462/479 788/463/479 756/465/335 758/464/335
f 758/464/335 756/465/335 750/467/336 751/466/336
f 751/466/336 750/467/336 747/469/337 749/468/337
f 505/470/97 402/473/97 818/472/98 506/471/98
f 504/474/96 810/475/96 402/473/97 505/470/97
f 503/476/95 403/477/95 810/475/96 504/474/96
f 502/478/94 811/479/94 403/477/95 503/476/95
f 497/480/90 812/481/90 811/479/94 502/478/94
f 496/482/89 813/483/89 812/481/90 497/480/90
f 495/484/88 814/485/88 813/483/89 496/482/89
f 494/486/87 404/487/87 814/485/88 495/484/88
f 501/488/93 815/491/93 809/490/86 493/489/86
f 500/492/92 405/493/92 815/491/93 501/488/93
f 499/494/91 406/495/91 405/493/92 500/492/92
f 498/496/27 407/497/27 406/495/91 499/494/91
f 508/498/100 816/499/100 407/497/27 498/496/27
f 507/500/420 817/501/99 816/499/100 508/498/100
f 506/471/98 818/472/98 817/501/99 507/500/420
f 809/490/86 404/487/87 494/486/87 493/489/86
f 823/502/322 819/505/323 732/504/323 731/503/322
f 819/505/323 820/507/324 733/506/324 732/504/323
f 820/507/324 821/509/325 734/508/325 733/506/324
f 821/509/325 822/511/326 735/510/326 734/508/325
f 824/512/321 823/502/322 731/503/322 730/513/321
f 825/514/320 824/512/321 730/513/321 729/515/320
f 826/516/319 825/514/320 729/515/320 728/517/319
f 827/518/328 826/516/319 728/517/319 737/519/328
f 828/520/329 827/518/328 737/519/328 738/521/329
f 829/522/330 828/520/329 738/521/329 739/523/330
f 830/524/331 829/522/330 739/523/330 740/525/331
f 831/526/332 830/524/331 740/525/331 741/527/332
f 832/528/333 831/526/332 741/527/332 742/529/333
f 833/530/334 832/528/333 742/529/333 743/531/334
f 834/532/327 833/530/334 743/531/334 736/533/327
f 822/534/326 834/532/327 736/533/327 735/535/326
f 835/1/483 837/4/485 836/3/484 863/2/510
f 836/3/484 837/4/485 838/5/486
f 838/5/486 837/4/485 839/4/487
f 837/4/485 835/1/483 840/6/488 839/4/487
f 840/6/488 841/8/489 842/7/490 839/4/487
f 841/8/489 843/9/491 844/7/492 842/7/490
f 843/9/491 845/10/493 846/7/494 844/7/492
f 846/7/494 838/5/486 844/7/492
f 844/7/492 838/5/486 842/7/490
f 842/7/490 838/5/486 839/4/487
f 847/11/495 838/5/486 848/11/496
f 848/11/496 838/5/486 849/12/497
f 838/5/486 850/12/498 849/12/497
f 849/12/497 850/12/498 852/14/500 851/13/499
f 850/12/498 853/12/501 854/15/502 852/14/500
f 850/12/498 838/5/486 853/12/501
f 851/13/499 855/16/503 848/11/496 849/12/497
f 855/16/503 856/17/504 847/11/495 848/11/496
f 856/17/504 857/19/505 858/18/506 847/11/495
f 857/19/505 859/21/507 860/20/508 858/18/506
f 858/18/506 860/20/508 861/22/90 838/5/486
f 836/3/484 862/24/509 864/23/511 863/2/510
f 858/18/506 838/5/486 847/11/495
f 846/25/494 865/25/512 838/26/486
f 838/26/486 865/25/512 866/28/513 893/27/540
f 865/25/512 890/30/537 867/29/514 866/28/513
f 867/29/514 868/31/515 869/28/516 866/28/513
f 868/31/515 870/31/517 871/28/518 869/28/516
f 870/31/517 872/32/519 873/28/520 871/28/518
f 872/32/519 874/34/521 875/33/522 873/28/520
f 874/34/521 876/35/523 877/33/524 875/33/522
f 876/35/523 878/36/525 879/33/526 877/33/524
f 878/36/525 880/38/527 881/37/528 879/33/526
f 881/37/528 880/38/527 883/39/530 882/37/529
f 882/37/529 883/39/530 885/40/532 884/37/531
f 884/37/531 885/40/532 887/40/534 886/41/533
f 886/41/533 887/40/534 889/42/536 888/41/535
f 888/41/535 891/43/538 886/41/533
f 886/41/533 891/43/538 884/37/531
f 884/37/531 891/43/538 882/37/529
f 882/37/529 891/43/538 881/37/528
f 891/43/538 892/27/539 879/33/526 881/37/528
f 879/33/526 892/27/539 877/33/524
f 892/27/539 893/27/540 877/33/524
f 877/33/524 893/27/540 875/33/522
f 875/33/522 893/27/540 873/28/520
f 873/28/520 893/27/540 871/28/518
f 871/28/518 893/27/540 869/28/516
f 869/28/516 893/27/540 866/28/513
f 893/27/540 895/45/542 894/44/541 838/26/486
f 838/26/486 894/44/541 853/44/501
f 894/44/541 895/45/542 897/47/544 896/46/543
f 895/45/542 898/45/545 897/47/544
f 897/47/544 898/45/545 899/48/546
f 898/45/545 900/45/547 899/48/546
f 899/48/546 900/45/547 901/48/548
f 900/45/547 902/45/549 901/48/548
f 901/48/548 902/45/549 903/49/550
f 902/45/549 904/50/551 903/49/550
f 903/49/550 904/50/551 905/51/552
f 904/50/551 906/50/553 905/51/552
f 905/51/552 906/50/553 907/52/554
f 895/45/542 893/27/540 898/45/545
f 898/45/545 893/27/540 900/45/547
f 900/45/547 893/27/540 902/45/549
f 902/45/549 893/27/540 904/50/551
f 893/27/540 892/27/539 904/50/551
f 904/50/551 892/27/539 906/50/553
f 892/27/539 908/50/555 906/50/553
f 906/50/553 908/50/555 907/52/554
f 907/52/554 908/50/555 909/53/556
f 908/50/555 910/55/557 911/54/558 909/53/556
f 911/54/558 910/55/557 913/55/560 912/56/559
f 912/56/559 913/55/560 915/55/562 914/57/561
f 914/57/561 915/55/562 917/58/564 916/57/563
f 916/57/563 917/58/564 919/58/566 918/59/565
f 919/58/566 917/58/564 891/43/538
f 917/58/564 915/55/562 891/43/538
f 915/55/562 913/55/560 891/43/538
f 913/55/560 910/55/557 891/43/538
f 910/55/557 908/50/555 892/27/539 891/43/538
f 936/60/581 938/63/583 939/62/584 937/61/582
f 937/61/582 940/65/585 941/64/586 936/60/581
f 940/65/585 942/67/587 943/66/588 941/64/586
f 942/67/587 944/69/589 945/68/590 943/66/588
f 944/69/589 946/71/591 947/70/592 945/68/590
f 946/71/591 948/73/593 949/72/594 947/70/592
f 948/73/593 946/71/591 951/75/596 950/74/595
f 946/71/591 944/69/589 952/76/597 951/75/596
f 944/69/589 942/67/587 953/77/598 952/76/597
f 942/67/587 940/65/585 954/78/599 953/77/598
f 940/65/585 937/61/582 955/79/600 954/78/599
f 937/61/582 939/62/584 956/80/27 955/79/600
f 955/79/600 956/80/27 958/82/602 957/81/601
f 957/81/601 958/82/602 960/84/604 959/83/603
f 951/75/596 966/86/610 961/85/605 950/74/595
f 959/83/603 962/88/606 963/87/607 957/81/601
f 957/81/601 963/87/607 954/78/599 955/79/600
f 963/87/607 964/89/608 953/77/598 954/78/599
f 964/89/608 965/90/609 952/76/597 953/77/598
f 965/90/609 966/86/610 951/75/596 952/76/597
f 961/85/605 966/86/610 968/92/612 967/91/611
f 966/86/610 965/90/609 969/93/613 968/92/612
f 965/90/609 964/89/608 970/94/614 969/93/613
f 964/89/608 963/87/607 962/88/606 970/94/614
f 859/95/507 857/98/505 972/97/616 971/96/615
f 857/98/505 856/100/504 973/99/617 972/97/616
f 856/100/504 855/102/503 974/101/618 973/99/617
f 855/102/503 851/104/499 1019/103/663 974/101/618
f 971/96/615 972/97/616 976/106/620 975/105/619
f 975/105/619 976/106/620 978/108/622 977/107/621
f 977/107/621 978/108/622 959/110/603 960/109/604
f 978/108/622 979/112/623 962/111/606 959/110/603
f 972/97/616 973/99/617 980/113/624 976/106/620
f 973/99/617 974/101/618 981/114/625 980/113/624
f 980/113/624 981/114/625 982/115/626 979/112/623
f 979/112/623 982/115/626 970/116/614 962/111/606
f 982/115/626 983/118/627 969/117/613 970/116/614
f 983/118/627 984/120/628 968/119/612 969/117/613
f 984/120/628 985/122/629 967/121/611 968/119/612
f 985/122/629 986/124/630 987/123/631 967/121/611
f 986/124/630 988/126/632 989/125/633 987/123/631
f 988/126/632 990/128/634 991/127/635 989/125/633
f 990/128/634 992/130/636 993/129/637 991/127/635
f 992/130/636 994/132/638 995/131/639 993/129/637
f 994/132/638 996/134/640 997/133/641 995/131/639
f 996/134/640 998/136/642 999/135/643 997/133/641
f 998/136/642 1000/138/644 1001/137/645 999/135/643
f 1000/138/644 1002/140/646 1003/139/647 1001/137/645
f 1003/139/647 1002/140/646 1005/142/649 1004/141/648
f 1004/141/648 1005/142/649 1032/144/676 1006/143/650
f 976/106/620 980/113/624 979/112/623 978/108/622
f 1005/142/649 1002/140/646 1007/146/651 1031/145/675
f 1002/140/646 1000/138/644 1008/147/652 1007/146/651
f 1000/138/644 998/136/642 1009/148/653 1008/147/652
f 998/136/642 996/134/640 1010/149/654 1009/148/653
f 996/134/640 994/132/638 1011/150/655 1010/149/654
f 994/132/638 992/130/636 1012/151/656 1011/150/655
f 992/130/636 990/128/634 1013/152/657 1012/151/656
f 990/128/634 988/126/632 1014/153/658 1013/152/657
f 988/126/632 986/124/630 1015/154/659 1014/153/658
f 986/124/630 985/122/629 1016/155/660 1015/154/659
f 985/122/629 984/120/628 1017/156/661 1016/155/660
f 984/120/628 983/118/627 1018/157/662 1017/156/661
f 983/118/627 982/115/626 981/114/625 1018/157/662
f 1018/157/662 981/114/625 974/101/618 1019/103/663
f 851/104/499 852/159/500 1020/158/664 1019/103/663
f 852/159/500 854/161/502 1021/160/665 1020/158/664
f 1021/160/665 854/161/502 896/163/543 1022/162/666
f 896/163/543 854/161/502 853/165/501 894/164/541
f 1019/103/663 1020/158/664 1017/156/661 1018/157/662
f 1020/158/664 1021/160/665 1016/155/660 1017/156/661
f 1021/160/665 1022/162/666 1015/154/659 1016/155/660
f 1022/162/666 1023/166/667 1014/153/658 1015/154/659
f 1023/166/667 1024/167/668 1013/152/657 1014/153/658
f 1013/152/657 1024/167/668 1025/168/669 1012/151/656
f 1025/168/669 1024/167/668 899/169/546 901/169/548
f 1024/167/668 1023/166/667 897/170/544 899/169/546
f 1023/166/667 1022/162/666 896/163/543 897/170/544
f 1025/168/669 1026/171/670 1011/150/655 1012/151/656
f 1026/171/670 1027/172/671 1010/149/654 1011/150/655
f 1027/172/671 1028/173/672 1009/148/653 1010/149/654
f 901/169/548 903/174/550 1026/171/670 1025/168/669
f 903/174/550 905/174/552 1027/172/671 1026/171/670
f 905/174/552 907/175/554 1028/173/672 1027/172/671
f 907/175/554 909/177/556 1029/176/673 1028/173/672
f 909/177/556 911/179/558 1030/178/674 1029/176/673
f 1029/176/673 1030/178/674 1007/146/651 1008/147/652
f 1030/178/674 1037/180/681 1031/145/675 1007/146/651
f 1031/145/675 1036/181/680 1032/144/676 1005/142/649
f 1006/143/650 1032/144/676 1034/183/678 1033/182/677
f 1033/182/677 1034/183/678 1040/185/684 1035/184/679
f 1028/173/672 1029/176/673 1008/147/652 1009/148/653
f 1034/183/678 1032/144/676 1036/181/680 1039/186/683
f 1036/181/680 1031/145/675 1037/180/681 1038/187/682
f 1030/178/674 911/179/558 912/188/559 1037/180/681
f 1037/180/681 912/188/559 914/189/561 1038/187/682
f 1038/187/682 1045/190/689 1039/186/683 1036/181/680
f 1039/186/683 1043/191/687 1040/185/684 1034/183/678
f 1035/184/679 1040/185/684 1042/193/686 1041/192/685
f 1040/185/684 1043/191/687 1044/194/688 1042/193/686
f 1043/191/687 1039/186/683 1045/190/689 1046/195/690
f 1038/187/682 914/189/561 916/196/563 1045/190/689
f 1045/190/689 916/196/563 918/197/565 1046/195/690
f 1046/195/690 918/197/565 1048/199/692 1047/198/691
f 1043/191/687 1046/195/690 1047/198/691 1044/194/688
f 864/200/511 1050/203/694 1049/202/693 863/201/510
f 1050/203/694 1111/205/755 1051/204/695 1049/202/693
f 1049/202/693 1052/207/696 835/206/483 863/201/510
f 1052/207/696 1053/209/697 840/208/488 835/206/483
f 1053/209/697 1054/211/698 841/210/489 840/208/488
f 1054/211/698 1055/213/699 843/212/491 841/210/489
f 1055/213/699 1056/215/700 845/214/493 843/212/491
f 1056/215/700 1057/217/701 890/216/537 845/214/493
f 1057/217/701 1058/219/702 867/218/514 890/216/537
f 1058/219/702 1059/220/703 868/218/515 867/218/514
f 1059/220/703 1060/222/704 870/221/517 868/218/515
f 1060/222/704 1061/224/705 872/223/519 870/221/517
f 1061/224/705 1062/226/706 874/225/521 872/223/519
f 1062/226/706 1063/228/707 876/227/523 874/225/521
f 1063/228/707 1064/230/708 878/229/525 876/227/523
f 1064/230/708 1065/232/709 880/231/527 878/229/525
f 880/231/527 1065/232/709 1066/234/710 883/233/530
f 883/233/530 1066/234/710 1096/236/740 885/235/532
f 845/214/493 890/216/537 865/238/512 846/237/494
f 1066/234/710 1065/232/709 1067/240/711 1095/239/739
f 1065/232/709 1064/230/708 1068/241/712 1067/240/711
f 1064/230/708 1063/228/707 1069/242/713 1068/241/712
f 1063/228/707 1062/226/706 1070/243/714 1069/242/713
f 1062/226/706 1061/224/705 1071/244/715 1070/243/714
f 1061/224/705 1060/222/704 1072/245/716 1071/244/715
f 1060/222/704 1059/220/703 1073/246/717 1072/245/716
f 1059/220/703 1058/219/702 1074/247/718 1073/246/717
f 1058/219/702 1057/217/701 1075/248/719 1074/247/718
f 1057/217/701 1056/215/700 1076/249/720 1075/248/719
f 1056/215/700 1055/213/699 1077/250/721 1076/249/720
f 1055/213/699 1054/211/698 1078/251/722 1077/250/721
f 1054/211/698 1053/209/697 1079/252/723 1078/251/722
f 1053/209/697 1052/207/696 1080/253/724 1079/252/723
f 1052/207/696 1049/202/693 1051/204/695 1080/253/724
f 1051/204/695 1109/255/753 1081/254/725 1080/253/724
f 1081/254/725 1082/256/726 1079/252/723 1080/253/724
f 1082/256/726 1083/257/727 1078/251/722 1079/252/723
f 1083/257/727 1084/258/728 1077/250/721 1078/251/722
f 1084/258/728 1085/259/729 1076/249/720 1077/250/721
f 1085/259/729 1086/260/730 1075/248/719 1076/249/720
f 1086/260/730 1087/261/731 1074/247/718 1075/248/719
f 1087/261/731 1088/262/732 1073/246/717 1074/247/718
f 1088/262/732 1089/263/733 1072/245/716 1073/246/717
f 1089/263/733 1090/264/734 1071/244/715 1072/245/716
f 1090/264/734 1091/265/735 1070/243/714 1071/244/715
f 1091/265/735 1092/266/736 1069/242/713 1070/243/714
f 1092/266/736 1093/267/737 1068/241/712 1069/242/713
f 1093/267/737 1094/268/738 1067/240/711 1068/241/712
f 1094/268/738 1099/269/743 1095/239/739 1067/240/711
f 1095/239/739 1098/270/742 1096/236/740 1066/234/710
f 885/235/532 1096/236/740 1097/272/741 887/271/534
f 887/271/534 1097/272/741 1221/274/815 889/273/536
f 1097/272/741 1096/236/740 1098/270/742 1220/275/814
f 1098/270/742 1095/239/739 1099/269/743 1219/276/813
f 1099/269/743 1094/268/738 1100/278/744 1123/277/767
f 1094/268/738 1093/267/737 1101/279/745 1100/278/744
f 1093/267/737 1092/266/736 1102/280/746 1101/279/745
f 1092/266/736 1091/265/735 1103/281/747 1102/280/746
f 1091/265/735 1090/264/734 1104/282/748 1103/281/747
f 1090/264/734 1089/263/733 1105/283/749 1104/282/748
f 1089/263/733 1088/262/732 1106/284/750 1105/283/749
f 1088/262/732 1087/261/731 1107/285/751 1106/284/750
f 1087/261/731 1086/260/730 1108/286/752 1107/285/751
f 1086/260/730 1085/259/729 949/287/594 1108/286/752
f 1085/259/729 1084/258/728 947/288/592 949/287/594
f 1084/258/728 1083/257/727 945/289/590 947/288/592
f 1083/257/727 1082/256/726 943/290/588 945/289/590
f 1082/256/726 1081/254/725 941/291/586 943/290/588
f 1081/254/725 1109/255/753 936/292/581 941/291/586
f 1109/255/753 1110/294/754 938/293/583 936/292/581
f 1109/255/753 1051/204/695 1111/205/755 1110/294/754
f 967/295/611 987/298/631 1112/297/756 961/296/605
f 987/298/631 989/300/633 1134/299/778 1112/297/756
f 961/296/605 1112/297/756 1113/302/757 950/301/595
f 950/301/595 1113/302/757 1114/304/758 948/303/593
f 948/303/593 1114/304/758 1108/306/752 949/305/594
f 1114/304/758 1115/308/759 1107/307/751 1108/306/752
f 1115/308/759 1116/310/760 1106/309/750 1107/307/751
f 1116/310/760 1117/312/761 1105/311/749 1106/309/750
f 1117/312/761 1118/314/762 1104/313/748 1105/311/749
f 1118/314/762 1119/316/763 1103/315/747 1104/313/748
f 1119/316/763 1120/318/764 1102/317/746 1103/315/747
f 1120/318/764 1121/320/765 1101/319/745 1102/317/746
f 1121/320/765 1122/322/766 1100/321/744 1101/319/745
f 1100/321/744 1122/322/766 1124/324/768 1123/323/767
f 1123/323/767 1124/324/768 1143/326/787 1125/325/769
f 1124/324/768 1122/322/766 1126/328/770 1142/327/786
f 1122/322/766 1121/320/765 1127/329/771 1126/328/770
f 1121/320/765 1120/318/764 1128/330/772 1127/329/771
f 1120/318/764 1119/316/763 1129/331/773 1128/330/772
f 1119/316/763 1118/314/762 1130/332/774 1129/331/773
f 1118/314/762 1117/312/761 1131/333/775 1130/332/774
f 1117/312/761 1116/310/760 1132/334/776 1131/333/775
f 1116/310/760 1115/308/759 1133/335/777 1132/334/776
f 1115/308/759 1114/304/758 1113/302/757 1133/335/777
f 1133/335/777 1113/302/757 1112/297/756 1134/299/778
f 989/300/633 991/337/635 1135/336/779 1134/299/778
f 1134/299/778 1135/336/779 1132/334/776 1133/335/777
f 1135/336/779 1136/338/780 1131/333/775 1132/334/776
f 1136/338/780 1137/339/781 1130/332/774 1131/333/775
f 1137/339/781 1138/340/782 1129/331/773 1130/332/774
f 1138/340/782 1139/341/783 1128/330/772 1129/331/773
f 1139/341/783 1140/342/784 1127/329/771 1128/330/772
f 1140/342/784 1141/343/785 1126/328/770 1127/329/771
f 1141/343/785 1151/344/795 1142/327/786 1126/328/770
f 1142/327/786 1150/345/794 1143/326/787 1124/324/768
f 1125/325/769 1143/326/787 1145/347/789 1144/346/788
f 1144/346/788 1145/347/789 1147/349/791 1146/348/790
f 1145/347/789 1148/351/792 1149/350/793 1147/349/791
f 1148/351/792 1145/347/789 1143/326/787 1150/345/794
f 1150/345/794 1142/327/786 1151/344/795 1152/352/796
f 1151/344/795 1141/343/785 1003/354/647 1004/353/648
f 1141/343/785 1140/342/784 1001/355/645 1003/354/647
f 1140/342/784 1139/341/783 999/356/643 1001/355/645
f 1139/341/783 1138/340/782 997/357/641 999/356/643
f 1138/340/782 1137/339/781 995/358/639 997/357/641
f 1137/339/781 1136/338/780 993/359/637 995/358/639
f 1136/338/780 1135/336/779 991/337/635 993/359/637
f 1004/353/648 1006/360/650 1152/352/796 1151/344/795
f 1150/345/794 1152/352/796 1153/361/797 1148/351/792
f 1148/351/792 1153/361/797 1154/362/798 1149/350/793
f 1153/361/797 1033/364/677 1035/363/679 1154/362/798
f 1033/364/677 1153/361/797 1152/352/796 1006/360/650
f 1171/365/335 1179/368/335 1173/367/336 1172/366/336
f 1172/366/336 1173/367/336 1174/370/337 1181/369/337
f 1174/370/337 1177/372/338 1182/371/338 1181/369/337
f 1177/372/338 1183/374/339 1184/373/339 1182/371/338
f 1171/375/335 1186/378/340 1187/377/340 1179/376/335
f 1186/378/340 1188/380/341 1189/379/341 1187/377/340
f 1188/380/341 1190/382/342 1191/381/342 1189/379/341
f 1194/383/343 1191/381/342 1190/382/342 1195/384/343
f 1195/385/343 1198/388/344 1199/387/345 1194/386/343
f 1198/388/344 1200/390/346 1201/389/346 1199/387/345
f 1200/390/346 1202/392/347 1203/391/347 1201/389/346
f 1206/393/349 1203/391/347 1202/392/347 1207/394/349
f 1207/395/349 1210/398/350 1211/397/350 1206/396/349
f 1210/398/350 1212/400/351 1213/399/351 1211/397/350
f 1212/400/351 1214/402/352 1215/401/352 1213/399/351
f 1183/403/339 1215/401/352 1214/402/352 1184/404/339
f 1099/269/743 1123/277/767 1125/405/769 1219/276/813
f 1219/276/813 1226/406/820 1220/275/814 1098/270/742
f 1220/275/814 1224/407/818 1221/274/815 1097/272/741
f 889/273/536 1221/274/815 1223/409/817 1222/408/816
f 1221/274/815 1224/407/818 1225/410/819 1223/409/817
f 1224/407/818 1220/275/814 1226/406/820 1227/411/821
f 1219/276/813 1125/405/769 1144/412/788 1226/406/820
f 1226/406/820 1144/412/788 1146/413/790 1227/411/821
f 1227/411/821 1146/413/790 1229/415/823 1228/414/822
f 1224/407/818 1227/411/821 1228/414/822 1225/410/819
f 1222/416/816 1230/419/824 888/418/535 889/417/536
f 1230/419/824 1231/421/825 891/420/538 888/418/535
f 1231/421/825 1232/423/826 919/422/566 891/420/538
f 1232/423/826 1048/425/692 918/424/565 919/422/566
f 1041/426/685 1233/429/827 1154/428/798 1035/427/679
f 1233/429/827 1234/431/828 1149/430/793 1154/428/798
f 1234/431/828 1235/433/829 1147/432/791 1149/430/793
f 1235/433/829 1229/435/823 1146/434/790 1147/432/791
f 838/5/486 861/22/90 862/24/509 836/3/484
f 1176/436/337 1174/439/337 1173/438/336 1175/437/336
f 1175/437/336 1173/438/336 1179/441/335 1180/440/335
f 1180/440/335 1179/441/335 1187/443/340 1196/442/340
f 1196/442/340 1187/443/340 1189/445/341 1197/444/341
f 1197/444/341 1189/445/341 1191/447/342 1192/446/342
f 1192/446/342 1191/447/342 1194/449/343 1193/448/343
f 1193/448/343 1194/449/343 1199/451/345 1208/450/345
f 1208/450/345 1199/451/345 1201/453/346 1209/452/346
f 1209/452/346 1201/453/346 1203/455/347 1204/454/348
f 1204/454/348 1203/455/347 1206/457/349 1205/456/349
f 1205/456/349 1206/457/349 1211/459/350 1217/458/350
f 1217/458/350 1211/459/350 1213/461/351 1218/460/351
f 1218/460/351 1213/461/351 1215/463/352 1216/462/352
f 1216/462/352 1215/463/352 1183/465/339 1185/464/339
f 1185/464/339 1183/465/339 1177/467/338 1178/466/338
f 1178/466/338 1177/467/338 1174/469/337 1176/468/337
f 932/470/577 1236/473/577 1652/472/578 933/471/578
f 931/474/576 1644/475/576 1236/473/577 932/470/577
f 930/476/575 1237/477/575 1644/475/576 931/474/576
f 929/478/574 1645/479/574 1237/477/575 930/476/575
f 924/480/27 1646/481/27 1645/479/574 929/478/574
f 923/482/570 1647/483/570 1646/481/27 924/480/27
f 922/484/569 1648/485/569 1647/483/570 923/482/570
f 921/486/568 1238/487/568 1648/485/569 922/484/569
f 928/488/573 1649/491/573 1643/490/567 920/489/567
f 927/492/572 1239/493/572 1649/491/573 928/488/573
f 926/494/571 1240/495/571 1239/493/572 927/492/572
f 925/496/90 1241/497/90 1240/495/571 926/494/571
f 935/498/580 1650/499/580 1241/497/90 925/496/90
f 934/500/579 1651/501/579 1650/499/580 935/498/580
f 933/471/578 1652/472/578 1651/501/579 934/500/579
f 1643/490/567 1238/487/568 921/486/568 920/489/567
f 1657/502/801 1653/505/802 1159/504/802 1158/503/801
f 1653/505/802 1654/507/803 1160/506/803 1159/504/802
f 1654/507/803 1655/509/804 1161/508/804 1160/506/803
f 1655/509/804 1656/511/805 1162/510/805 1161/508/804
f 1658/512/800 1657/502/801 1158/503/801 1157/513/800
f 1659/514/799 1658/512/800 1157/513/800 1156/515/799
f 1660/516/327 1659/514/799 1156/515/799 1155/517/327
f 1661/518/806 1660/516/327 1155/517/327 1164/519/806
f 1662/520/807 1661/518/806 1164/519/806 1165/521/807
f 1663/522/808 1662/520/807 1165/521/807 1166/523/808
f 1664/524/809 1663/522/808 1166/523/808 1167/525/809
f 1665/526/810 1664/524/809 1167/525/809 1168/527/810
f 1666/528/811 1665/526/810 1168/527/810 1169/529/811
f 1667/530/812 1666/528/811 1169/529/811 1170/531/812
f 1668/532/319 1667/530/812 1170/531/812 1163/533/319
f 1656/534/805 1668/532/319 1163/533/319 1162/535/805
f 1242/1/504 1270/2/505 1243/3/506 1244/4/495
f 1243/3/506 1245/5/486 1244/4/495
f 1245/5/486 1246/4/830 1244/4/495
f 1244/4/495 1246/4/830 1247/6/503 1242/1/504
f 1247/6/503 1246/4/830 1249/7/832 1248/8/831
f 1248/8/831 1249/7/832 1251/7/834 1250/9/833
f 1250/9/833 1251/7/834 1253/7/835 1252/10/502
f 1253/7/835 1251/7/834 1245/5/486
f 1251/7/834 1249/7/832 1245/5/486
f 1249/7/832 1246/4/830 1245/5/486
f 1254/11/485 1255/11/836 1245/5/486
f 1255/11/836 1256/12/837 1245/5/486
f 1245/5/486 1256/12/837 1257/12/838
f 1256/12/837 1258/13/839 1259/14/491 1257/12/838
f 1257/12/838 1259/14/491 1261/15/841 1260/12/840
f 1257/12/838 1260/12/840 1245/5/486
f 1258/13/839 1256/12/837 1255/11/836 1262/16/842
f 1262/16/842 1255/11/836 1254/11/485 1263/17/483
f 1263/17/483 1254/11/485 1265/18/484 1264/19/510
f 1264/19/510 1265/18/484 1267/20/509 1266/21/511
f 1265/18/484 1245/5/486 1268/22/90 1267/20/509
f 1243/3/506 1270/2/505 1271/23/507 1269/24/508
f 1265/18/484 1254/11/485 1245/5/486
f 1253/25/835 1245/26/486 1272/25/541
f 1245/26/486 1300/27/862 1273/28/843 1272/25/541
f 1272/25/541 1273/28/843 1274/29/844 1297/30/860
f 1274/29/844 1273/28/843 1276/28/846 1275/31/845
f 1275/31/845 1276/28/846 1278/28/848 1277/31/847
f 1277/31/847 1278/28/848 1280/28/850 1279/32/849
f 1279/32/849 1280/28/850 1282/33/852 1281/34/851
f 1281/34/851 1282/33/852 1284/33/854 1283/35/853
f 1283/35/853 1284/33/854 1286/33/856 1285/36/855
f 1285/36/855 1286/33/856 1288/37/557 1287/38/558
f 1288/37/557 1289/37/857 1290/39/559 1287/38/558
f 1289/37/857 1291/37/858 1292/40/561 1290/39/559
f 1291/37/858 1293/41/564 1294/40/563 1292/40/561
f 1293/41/564 1295/41/566 1296/42/859 1294/40/563
f 1295/41/566 1293/41/564 1298/43/538
f 1293/41/564 1291/37/858 1298/43/538
f 1291/37/858 1289/37/857 1298/43/538
f 1289/37/857 1288/37/557 1298/43/538
f 1298/43/538 1288/37/557 1286/33/856 1299/27/861
f 1286/33/856 1284/33/854 1299/27/861
f 1299/27/861 1284/33/854 1300/27/862
f 1284/33/854 1282/33/852 1300/27/862
f 1282/33/852 1280/28/850 1300/27/862
f 1280/28/850 1278/28/848 1300/27/862
f 1278/28/848 1276/28/846 1300/27/862
f 1276/28/846 1273/28/843 1300/27/862
f 1300/27/862 1245/26/486 1301/44/512 1302/45/863
f 1245/26/486 1260/44/840 1301/44/512
f 1301/44/512 1303/46/864 1304/47/865 1302/45/863
f 1302/45/863 1304/47/865 1305/45/866
f 1304/47/865 1306/48/867 1305/45/866
f 1305/45/866 1306/48/867 1307/45/868
f 1306/48/867 1308/48/869 1307/45/868
f 1307/45/868 1308/48/869 1309/45/870
f 1308/48/869 1310/49/871 1309/45/870
f 1309/45/870 1310/49/871 1311/50/872
f 1310/49/871 1312/51/873 1311/50/872
f 1311/50/872 1312/51/873 1313/50/874
f 1312/51/873 1314/52/875 1313/50/874
f 1302/45/863 1305/45/866 1300/27/862
f 1305/45/866 1307/45/868 1300/27/862
f 1307/45/868 1309/45/870 1300/27/862
f 1309/45/870 1311/50/872 1300/27/862
f 1300/27/862 1311/50/872 1299/27/861
f 1311/50/872 1313/50/874 1299/27/861
f 1299/27/861 1313/50/874 1315/50/876
f 1313/50/874 1314/52/875 1315/50/876
f 1314/52/875 1316/53/877 1315/50/876
f 1315/50/876 1316/53/877 1318/54/527 1317/55/528
f 1318/54/527 1319/56/530 1320/55/529 1317/55/528
f 1319/56/530 1321/57/532 1322/55/878 1320/55/529
f 1321/57/532 1323/57/534 1324/58/533 1322/55/878
f 1323/57/534 1325/59/879 1326/58/535 1324/58/533
f 1326/58/535 1298/43/538 1324/58/533
f 1324/58/533 1298/43/538 1322/55/878
f 1322/55/878 1298/43/538 1320/55/529
f 1320/55/529 1298/43/538 1317/55/528
f 1317/55/528 1298/43/538 1299/27/861 1315/50/876
f 1343/60/603 1344/61/601 1346/62/602 1345/63/604
f 1344/61/601 1343/60/603 1348/64/606 1347/65/607
f 1347/65/607 1348/64/606 1350/66/614 1349/67/608
f 1349/67/608 1350/66/614 1352/68/613 1351/69/609
f 1351/69/609 1352/68/613 1354/70/612 1353/71/610
f 1353/71/610 1354/70/612 1356/72/611 1355/73/605
f 1355/73/605 1357/74/595 1358/75/881 1353/71/610
f 1353/71/610 1358/75/881 1359/76/597 1351/69/609
f 1351/69/609 1359/76/597 1360/77/598 1349/67/608
f 1349/67/608 1360/77/598 1361/78/599 1347/65/607
f 1347/65/607 1361/78/599 1362/79/600 1344/61/601
f 1344/61/601 1362/79/600 1363/80/27 1346/62/602
f 1362/79/600 1364/81/582 1365/82/584 1363/80/27
f 1364/81/582 1366/83/581 1367/84/583 1365/82/584
f 1358/75/881 1357/74/595 1368/85/593 1373/86/882
f 1366/83/581 1364/81/582 1370/87/585 1369/88/586
f 1364/81/582 1362/79/600 1361/78/599 1370/87/585
f 1370/87/585 1361/78/599 1360/77/598 1371/89/587
f 1371/89/587 1360/77/598 1359/76/597 1372/90/589
f 1372/90/589 1359/76/597 1358/75/881 1373/86/882
f 1368/85/593 1374/91/594 1375/92/592 1373/86/882
f 1373/86/882 1375/92/592 1376/93/590 1372/90/589
f 1372/90/589 1376/93/590 1377/94/883 1371/89/587
f 1371/89/587 1377/94/883 1369/88/586 1370/87/585
f 1266/95/511 1378/96/694 1379/97/693 1264/98/510
f 1264/98/510 1379/97/693 1380/99/884 1263/100/483
f 1263/100/483 1380/99/884 1381/101/697 1262/102/842
f 1262/102/842 1381/101/697 1426/103/698 1258/104/839
f 1378/96/694 1382/105/755 1383/106/695 1379/97/693
f 1382/105/755 1384/107/754 1385/108/753 1383/106/695
f 1384/107/754 1367/109/583 1366/110/581 1385/108/753
f 1385/108/753 1366/110/581 1369/111/586 1386/112/725
f 1379/97/693 1383/106/695 1387/113/724 1380/99/884
f 1380/99/884 1387/113/724 1388/114/723 1381/101/697
f 1387/113/724 1386/112/725 1389/115/885 1388/114/723
f 1386/112/725 1369/111/586 1377/116/883 1389/115/885
f 1389/115/885 1377/116/883 1376/117/590 1390/118/727
f 1390/118/727 1376/117/590 1375/119/592 1391/120/728
f 1391/120/728 1375/119/592 1374/121/594 1392/122/729
f 1392/122/729 1374/121/594 1394/123/752 1393/124/730
f 1393/124/730 1394/123/752 1396/125/751 1395/126/886
f 1395/126/886 1396/125/751 1398/127/887 1397/128/732
f 1397/128/732 1398/127/887 1400/129/749 1399/130/733
f 1399/130/733 1400/129/749 1402/131/748 1401/132/734
f 1401/132/734 1402/131/748 1404/133/747 1403/134/888
f 1403/134/888 1404/133/747 1406/135/890 1405/136/889
f 1405/136/889 1406/135/890 1408/137/892 1407/138/891
f 1407/138/891 1408/137/892 1410/139/894 1409/140/893
f 1410/139/894 1411/141/895 1412/142/896 1409/140/893
f 1411/141/895 1413/143/769 1439/144/813 1412/142/896
f 1383/106/695 1385/108/753 1386/112/725 1387/113/724
f 1412/142/896 1438/145/902 1414/146/897 1409/140/893
f 1409/140/893 1414/146/897 1415/147/898 1407/138/891
f 1407/138/891 1415/147/898 1416/148/899 1405/136/889
f 1405/136/889 1416/148/899 1417/149/714 1403/134/888
f 1403/134/888 1417/149/714 1418/150/715 1401/132/734
f 1401/132/734 1418/150/715 1419/151/716 1399/130/733
f 1399/130/733 1419/151/716 1420/152/717 1397/128/732
f 1397/128/732 1420/152/717 1421/153/718 1395/126/886
f 1395/126/886 1421/153/718 1422/154/719 1393/124/730
f 1393/124/730 1422/154/719 1423/155/720 1392/122/729
f 1392/122/729 1423/155/720 1424/156/721 1391/120/728
f 1391/120/728 1424/156/721 1425/157/722 1390/118/727
f 1390/118/727 1425/157/722 1388/114/723 1389/115/885
f 1425/157/722 1426/103/698 1381/101/697 1388/114/723
f 1258/104/839 1426/103/698 1427/158/900 1259/159/491
f 1259/159/491 1427/158/900 1428/160/700 1261/161/841
f 1428/160/700 1429/162/701 1303/163/864 1261/161/841
f 1303/163/864 1301/164/512 1260/165/840 1261/161/841
f 1426/103/698 1425/157/722 1424/156/721 1427/158/900
f 1427/158/900 1424/156/721 1423/155/720 1428/160/700
f 1428/160/700 1423/155/720 1422/154/719 1429/162/701
f 1429/162/701 1422/154/719 1421/153/718 1430/166/702
f 1430/166/702 1421/153/718 1420/152/717 1431/167/901
f 1420/152/717 1419/151/716 1432/168/704 1431/167/901
f 1432/168/704 1308/169/869 1306/169/867 1431/167/901
f 1431/167/901 1306/169/867 1304/170/865 1430/166/702
f 1430/166/702 1304/170/865 1303/163/864 1429/162/701
f 1432/168/704 1419/151/716 1418/150/715 1433/171/705
f 1433/171/705 1418/150/715 1417/149/714 1434/172/706
f 1434/172/706 1417/149/714 1416/148/899 1435/173/707
f 1308/169/869 1432/168/704 1433/171/705 1310/174/871
f 1310/174/871 1433/171/705 1434/172/706 1312/174/873
f 1312/174/873 1434/172/706 1435/173/707 1314/175/875
f 1314/175/875 1435/173/707 1436/176/708 1316/177/877
f 1316/177/877 1436/176/708 1437/178/709 1318/179/527
f 1436/176/708 1415/147/898 1414/146/897 1437/178/709
f 1437/178/709 1414/146/897 1438/145/902 1444/180/904
f 1438/145/902 1412/142/896 1439/144/813 1443/181/742
f 1413/143/769 1440/182/788 1441/183/903 1439/144/813
f 1440/182/788 1442/184/790 1447/185/821 1441/183/903
f 1435/173/707 1416/148/899 1415/147/898 1436/176/708
f 1441/183/903 1446/186/814 1443/181/742 1439/144/813
f 1443/181/742 1445/187/740 1444/180/904 1438/145/902
f 1437/178/709 1444/180/904 1319/188/530 1318/179/527
f 1444/180/904 1445/187/740 1321/189/532 1319/188/530
f 1445/187/740 1443/181/742 1446/186/814 1452/190/741
f 1446/186/814 1441/183/903 1447/185/821 1450/191/818
f 1442/184/790 1448/192/823 1449/193/822 1447/185/821
f 1447/185/821 1449/193/822 1451/194/819 1450/191/818
f 1450/191/818 1453/195/905 1452/190/741 1446/186/814
f 1445/187/740 1452/190/741 1323/196/534 1321/189/532
f 1452/190/741 1453/195/905 1325/197/879 1323/196/534
f 1453/195/905 1454/198/906 1455/199/816 1325/197/879
f 1450/191/818 1451/194/819 1454/198/906 1453/195/905
f 1271/200/507 1270/201/505 1456/202/616 1457/203/615
f 1457/203/615 1456/202/616 1458/204/907 1518/205/619
f 1456/202/616 1270/201/505 1242/206/504 1459/207/908
f 1459/207/908 1242/206/504 1247/208/503 1460/209/909
f 1460/209/909 1247/208/503 1248/210/831 1461/211/663
f 1461/211/663 1248/210/831 1250/212/833 1462/213/910
f 1462/213/910 1250/212/833 1252/214/502 1463/215/665
f 1463/215/665 1252/214/502 1297/216/860 1464/217/666
f 1464/217/666 1297/216/860 1274/218/844 1465/219/667
f 1465/219/667 1274/218/844 1275/218/845 1466/220/911
f 1466/220/911 1275/218/845 1277/221/847 1467/222/912
f 1467/222/912 1277/221/847 1279/223/849 1468/224/913
f 1468/224/913 1279/223/849 1281/225/851 1469/226/671
f 1469/226/671 1281/225/851 1283/227/853 1470/228/672
f 1470/228/672 1283/227/853 1285/229/855 1471/230/673
f 1471/230/673 1285/229/855 1287/231/558 1472/232/674
f 1287/231/558 1290/233/559 1473/234/681 1472/232/674
f 1290/233/559 1292/235/561 1503/236/682 1473/234/681
f 1252/214/502 1253/237/835 1272/238/541 1297/216/860
f 1473/234/681 1502/239/925 1474/240/914 1472/232/674
f 1472/232/674 1474/240/914 1475/241/915 1471/230/673
f 1471/230/673 1475/241/915 1476/242/916 1470/228/672
f 1470/228/672 1476/242/916 1477/243/654 1469/226/671
f 1469/226/671 1477/243/654 1478/244/655 1468/224/913
f 1468/224/913 1478/244/655 1479/245/656 1467/222/912
f 1467/222/912 1479/245/656 1480/246/657 1466/220/911
f 1466/220/911 1480/246/657 1481/247/658 1465/219/667
f 1465/219/667 1481/247/658 1482/248/659 1464/217/666
f 1464/217/666 1482/248/659 1483/249/660 1463/215/665
f 1463/215/665 1483/249/660 1484/250/661 1462/213/910
f 1462/213/910 1484/250/661 1485/251/662 1461/211/663
f 1461/211/663 1485/251/662 1486/252/625 1460/209/909
f 1460/209/909 1486/252/625 1487/253/624 1459/207/908
f 1459/207/908 1487/253/624 1458/204/907 1456/202/616
f 1458/204/907 1487/253/624 1488/254/623 1516/255/622
f 1488/254/623 1487/253/624 1486/252/625 1489/256/917
f 1489/256/917 1486/252/625 1485/251/662 1490/257/918
f 1490/257/918 1485/251/662 1484/250/661 1491/258/628
f 1491/258/628 1484/250/661 1483/249/660 1492/259/629
f 1492/259/629 1483/249/660 1482/248/659 1493/260/630
f 1493/260/630 1482/248/659 1481/247/658 1494/261/919
f 1494/261/919 1481/247/658 1480/246/657 1495/262/920
f 1495/262/920 1480/246/657 1479/245/656 1496/263/636
f 1496/263/636 1479/245/656 1478/244/655 1497/264/638
f 1497/264/638 1478/244/655 1477/243/654 1498/265/921
f 1498/265/921 1477/243/654 1476/242/916 1499/266/922
f 1499/266/922 1476/242/916 1475/241/915 1500/267/923
f 1500/267/923 1475/241/915 1474/240/914 1501/268/924
f 1501/268/924 1474/240/914 1502/239/925 1506/269/926
f 1502/239/925 1473/234/681 1503/236/682 1505/270/680
f 1292/235/561 1294/271/563 1504/272/689 1503/236/682
f 1294/271/563 1296/273/859 1628/274/941 1504/272/689
f 1504/272/689 1627/275/683 1505/270/680 1503/236/682
f 1505/270/680 1626/276/676 1506/269/926 1502/239/925
f 1506/269/926 1530/277/935 1507/278/927 1501/268/924
f 1501/268/924 1507/278/927 1508/279/928 1500/267/923
f 1500/267/923 1508/279/928 1509/280/929 1499/266/922
f 1499/266/922 1509/280/929 1510/281/641 1498/265/921
f 1498/265/921 1510/281/641 1511/282/639 1497/264/638
f 1497/264/638 1511/282/639 1512/283/637 1496/263/636
f 1496/263/636 1512/283/637 1513/284/635 1495/262/920
f 1495/262/920 1513/284/635 1514/285/930 1494/261/919
f 1494/261/919 1514/285/930 1515/286/631 1493/260/630
f 1493/260/630 1515/286/631 1356/287/611 1492/259/629
f 1492/259/629 1356/287/611 1354/288/612 1491/258/628
f 1491/258/628 1354/288/612 1352/289/613 1490/257/918
f 1490/257/918 1352/289/613 1350/290/614 1489/256/917
f 1489/256/917 1350/290/614 1348/291/606 1488/254/623
f 1488/254/623 1348/291/606 1343/292/603 1516/255/622
f 1516/255/622 1343/292/603 1345/293/604 1517/294/621
f 1516/255/622 1517/294/621 1518/205/619 1458/204/907
f 1374/295/594 1368/296/593 1519/297/931 1394/298/752
f 1394/298/752 1519/297/931 1541/299/759 1396/300/751
f 1368/296/593 1357/301/595 1520/302/757 1519/297/931
f 1357/301/595 1355/303/605 1521/304/932 1520/302/757
f 1355/303/605 1356/305/611 1515/306/631 1521/304/932
f 1521/304/932 1515/306/631 1514/307/930 1522/308/778
f 1522/308/778 1514/307/930 1513/309/635 1523/310/933
f 1523/310/933 1513/309/635 1512/311/637 1524/312/934
f 1524/312/934 1512/311/637 1511/313/639 1525/314/781
f 1525/314/781 1511/313/639 1510/315/641 1526/316/782
f 1526/316/782 1510/315/641 1509/317/929 1527/318/783
f 1527/318/783 1509/317/929 1508/319/928 1528/320/784
f 1528/320/784 1508/319/928 1507/321/927 1529/322/785
f 1507/321/927 1530/323/935 1531/324/795 1529/322/785
f 1530/323/935 1532/325/650 1550/326/796 1531/324/795
f 1531/324/795 1549/327/786 1533/328/770 1529/322/785
f 1529/322/785 1533/328/770 1534/329/771 1528/320/784
f 1528/320/784 1534/329/771 1535/330/772 1527/318/783
f 1527/318/783 1535/330/772 1536/331/773 1526/316/782
f 1526/316/782 1536/331/773 1537/332/774 1525/314/781
f 1525/314/781 1537/332/774 1538/333/775 1524/312/934
f 1524/312/934 1538/333/775 1539/334/776 1523/310/933
f 1523/310/933 1539/334/776 1540/335/777 1522/308/778
f 1522/308/778 1540/335/777 1520/302/757 1521/304/932
f 1540/335/777 1541/299/759 1519/297/931 1520/302/757
f 1396/300/751 1541/299/759 1542/336/936 1398/337/887
f 1541/299/759 1540/335/777 1539/334/776 1542/336/936
f 1542/336/936 1539/334/776 1538/333/775 1543/338/937
f 1543/338/937 1538/333/775 1537/332/774 1544/339/938
f 1544/339/938 1537/332/774 1536/331/773 1545/340/763
f 1545/340/763 1536/331/773 1535/330/772 1546/341/764
f 1546/341/764 1535/330/772 1534/329/771 1547/342/765
f 1547/342/765 1534/329/771 1533/328/770 1548/343/766
f 1548/343/766 1533/328/770 1549/327/786 1558/344/768
f 1549/327/786 1531/324/795 1550/326/796 1557/345/794
f 1532/325/650 1551/346/677 1552/347/797 1550/326/796
f 1551/346/677 1553/348/679 1554/349/798 1552/347/797
f 1552/347/797 1554/349/798 1556/350/793 1555/351/792
f 1555/351/792 1557/345/794 1550/326/796 1552/347/797
f 1557/345/794 1559/352/939 1558/344/768 1549/327/786
f 1558/344/768 1411/353/895 1410/354/894 1548/343/766
f 1548/343/766 1410/354/894 1408/355/892 1547/342/765
f 1547/342/765 1408/355/892 1406/356/890 1546/341/764
f 1546/341/764 1406/356/890 1404/357/747 1545/340/763
f 1545/340/763 1404/357/747 1402/358/748 1544/339/938
f 1544/339/938 1402/358/748 1400/359/749 1543/338/937
f 1543/338/937 1400/359/749 1398/337/887 1542/336/936
f 1411/353/895 1558/344/768 1559/352/939 1413/360/769
f 1557/345/794 1555/351/792 1560/361/940 1559/352/939
f 1555/351/792 1556/350/793 1561/362/791 1560/361/940
f 1560/361/940 1561/362/791 1442/363/790 1440/364/788
f 1440/364/788 1413/360/769 1559/352/939 1560/361/940
f 1578/365/339 1579/366/338 1580/367/338 1586/368/339
f 1579/366/338 1588/369/337 1581/370/337 1580/367/338
f 1581/370/337 1588/369/337 1589/371/336 1584/372/336
f 1584/372/336 1589/371/336 1591/373/335 1590/374/335
f 1578/375/339 1586/376/339 1594/377/478 1593/378/478
f 1593/378/478 1594/377/478 1596/379/351 1595/380/351
f 1595/380/351 1596/379/351 1598/381/350 1597/382/350
f 1601/383/349 1602/384/349 1597/382/350 1598/381/350
f 1602/385/349 1601/386/349 1606/387/348 1605/388/347
f 1605/388/347 1606/387/348 1608/389/346 1607/390/346
f 1607/390/346 1608/389/346 1610/391/344 1609/392/344
f 1613/393/343 1614/394/343 1609/392/344 1610/391/344
f 1614/395/343 1613/396/343 1618/397/342 1617/398/342
f 1617/398/342 1618/397/342 1620/399/341 1619/400/341
f 1619/400/341 1620/399/341 1622/401/479 1621/402/479
f 1590/403/335 1591/404/335 1621/402/479 1622/401/479
f 1506/269/926 1626/276/676 1532/405/650 1530/277/935
f 1626/276/676 1505/270/680 1627/275/683 1633/406/678
f 1627/275/683 1504/272/689 1628/274/941 1631/407/687
f 1296/273/859 1629/408/692 1630/409/691 1628/274/941
f 1628/274/941 1630/409/691 1632/410/688 1631/407/687
f 1631/407/687 1634/411/684 1633/406/678 1627/275/683
f 1626/276/676 1633/406/678 1551/412/677 1532/405/650
f 1633/406/678 1634/411/684 1553/413/679 1551/412/677
f 1634/411/684 1635/414/686 1636/415/685 1553/413/679
f 1631/407/687 1632/410/688 1635/414/686 1634/411/684
f 1629/416/692 1296/417/859 1295/418/566 1637/419/826
f 1637/419/826 1295/418/566 1298/420/538 1638/421/825
f 1638/421/825 1298/420/538 1326/422/535 1639/423/942
f 1639/423/942 1326/422/535 1325/424/879 1455/425/816
f 1448/426/823 1442/427/790 1561/428/791 1640/429/829
f 1640/429/829 1561/428/791 1556/430/793 1641/431/828
f 1641/431/828 1556/430/793 1554/432/798 1642/433/827
f 1642/433/827 1554/432/798 1553/434/679 1636/435/685
f 1245/5/486 1243/3/506 1269/24/508 1268/22/90
f 1583/436/337 1582/437/338 1580/438/338 1581/439/337
f 1582/437/338 1587/440/339 1586/441/339 1580/438/338
f 1587/440/339 1603/442/478 1594/443/478 1586/441/339
f 1603/442/478 1604/444/351 1596/445/351 1594/443/478
f 1604/444/351 1599/446/350 1598/447/350 1596/445/351
f 1599/446/350 1600/448/349 1601/449/349 1598/447/350
f 1600/448/349 1615/450/348 1606/451/348 1601/449/349
f 1615/450/348 1616/452/346 1608/453/346 1606/451/348
f 1616/452/346 1611/454/344 1610/455/344 1608/453/346
f 1611/454/344 1612/456/343 1613/457/343 1610/455/344
f 1612/456/343 1624/458/342 1618/459/342 1613/457/343
f 1624/458/342 1625/460/341 1620/461/341 1618/459/342
f 1625/460/341 1623/462/479 1622/463/479 1620/461/341
f 1623/462/479 1592/464/335 1590/465/335 1622/463/479
f 1592/464/335 1585/466/336 1584/467/336 1590/465/335
f 1585/466/336 1583/468/337 1581/469/337 1584/467/336
f 1339/470/577 1340/471/578 1652/472/578 1236/473/577
f 1338/474/576 1339/470/577 1236/473/577 1644/475/576
f 1337/476/575 1338/474/576 1644/475/576 1237/477/575
f 1336/478/574 1337/476/575 1237/477/575 1645/479/574
f 1331/480/27 1336/478/574 1645/479/574 1646/481/27
f 1330/482/570 1331/480/27 1646/481/27 1647/483/570
f 1329/484/569 1330/482/570 1647/483/570 1648/485/569
f 1328/486/568 1329/484/569 1648/485/569 1238/487/568
f 1335/488/573 1327/489/567 1643/490/567 1649/491/573
f 1334/492/572 1335/488/573 1649/491/573 1239/493/572
f 1333/494/571 1334/492/572 1239/493/572 1240/495/571
f 1332/496/90 1333/494/571 1240/495/571 1241/497/90
f 1342/498/580 1332/496/90 1241/497/90 1650/499/580
f 1341/500/880 1342/498/580 1650/499/580 1651/501/579
f 1340/471/578 1341/500/880 1651/501/579 1652/472/578
f 1643/490/567 1327/489/567 1328/486/568 1238/487/568
f 1657/502/801 1565/503/801 1566/504/802 1653/505/802
f 1653/505/802 1566/504/802 1567/506/803 1654/507/803
f 1654/507/803 1567/506/803 1568/508/804 1655/509/804
f 1655/509/804 1568/508/804 1569/510/805 1656/511/805
f 1658/512/800 1564/513/800 1565/503/801 1657/502/801
f 1659/514/799 1563/515/799 1564/513/800 1658/512/800
f 1660/516/327 1562/517/327 1563/515/799 1659/514/799
f 1661/518/806 1571/519/806 1562/517/327 1660/516/327
f 1662/520/807 1572/521/807 1571/519/806 1661/518/806
f 1663/522/808 1573/523/808 1572/521/807 1662/520/807
f 1664/524/809 1574/525/809 1573/523/808 1663/522/808
f 1665/526/810 1575/527/810 1574/525/809 1664/524/809
f 1666/528/811 1576/529/811 1575/527/810 1665/526/810
f 1667/530/812 1577/531/812 1576/529/811 1666/528/811
f 1668/532/319 1570/533/319 1577/531/812 1667/530/812
f 1656/534/805 1569/535/805 1570/533/319 1668/532/319
