# Blender 4.5.9 LTS
# www.blender.org
o GEO_Robot_Football
v 0.005166 0.033841 -0.057126
v 0.003208 0.011376 -0.065541
v 0.006057 -0.002285 -0.066282
v -0.026817 -0.059498 0.013267
v -0.041458 0.026485 0.043077
v 0.025532 0.059737 0.007439
v 0.013013 0.061420 0.018276
v -0.001524 0.055593 0.036639
v 0.006645 0.061070 -0.022406
v 0.000225 0.054558 -0.036043
v -0.011010 -0.065513 0.004692
v 0.039392 0.052192 -0.000163
v 0.065207 -0.013381 0.002056
v -0.012458 -0.063899 0.014035
v -0.026970 0.028731 -0.053689
v 0.001641 -0.004288 -0.065228
v -0.062401 -0.005723 -0.018685
v -0.045610 -0.045534 0.016781
v -0.013016 -0.061418 -0.018277
v -0.046517 -0.047522 -0.003613
v 0.002255 -0.026812 0.059596
v 0.057522 0.031096 0.000082
v 0.041457 -0.026483 -0.043078
v 0.056259 -0.013753 -0.032879
v 0.061030 -0.001039 -0.026637
v 0.059091 -0.008044 -0.029643
v 0.062710 -0.006980 0.021305
v 0.065515 -0.003290 0.011493
v 0.059162 0.029714 -0.007222
v 0.058376 -0.015139 0.028254
v -0.025016 -0.051138 0.032168
v 0.056570 -0.022786 0.026756
v 0.059281 -0.022625 0.020224
v -0.062226 0.016272 -0.011783
v -0.056825 0.017450 -0.027244
v 0.057333 0.027952 -0.014397
v 0.049936 0.038791 -0.016654
v 0.039101 0.047349 -0.022470
v -0.047961 0.034527 0.030707
v -0.059619 0.010285 0.024811
v -0.013667 -0.064870 -0.006345
v 0.025016 0.051139 -0.032168
v -0.050872 -0.041859 0.009751
v -0.003153 0.043731 -0.050129
v -0.008363 0.037135 -0.054647
v 0.000827 0.064590 0.010162
v -0.032896 0.016384 -0.055540
v -0.041843 0.015358 -0.049483
v 0.058781 0.028831 -0.012199
v 0.061797 0.021819 -0.011843
v 0.019789 -0.054123 -0.030898
v 0.062226 -0.016270 0.011783
v -0.019790 0.054125 0.030897
v -0.014336 0.041749 -0.048242
v -0.008780 0.046526 -0.045100
v 0.059613 -0.023572 -0.012897
v 0.056223 -0.027479 -0.018963
v -0.017084 -0.053083 0.036408
v 0.041362 -0.039851 -0.031252
v -0.046155 -0.041496 0.024147
v -0.014032 -0.005203 -0.064895
v 0.000083 -0.066330 0.005954
v 0.012457 0.063899 -0.014035
v 0.001592 -0.066558 -0.001655
v 0.001220 0.054245 0.036494
v -0.001194 0.035900 0.054640
v 0.042658 -0.006463 0.049135
v 0.048386 -0.006649 0.043478
v 0.015675 0.007176 0.063076
v 0.064212 0.017215 0.003964
v 0.021727 0.002319 0.061630
v 0.058909 0.030977 -0.002318
v 0.014490 -0.006951 0.064629
v -0.051250 0.034531 0.020332
v -0.007797 0.051975 -0.038344
v -0.062198 0.015524 0.018046
v 0.007223 0.052986 -0.039694
v 0.008600 0.057825 0.031900
v 0.051250 -0.034529 -0.020334
v -0.053108 -0.032235 0.019308
v -0.048205 0.039097 0.024146
v 0.035106 -0.024378 0.051073
v 0.042606 -0.021283 0.046550
v 0.011488 0.058556 0.025915
v 0.061954 0.024432 0.000190
v 0.008625 -0.007455 -0.064050
v -0.010526 -0.042476 0.048138
v 0.052478 -0.001494 0.038420
v -0.011649 -0.063329 -0.016999
v -0.004716 -0.016370 -0.063131
v -0.006425 -0.060922 -0.022869
v -0.054279 -0.036266 0.003794
v -0.063119 -0.011929 -0.012223
v -0.005768 0.027449 -0.060404
v -0.002736 0.035407 -0.056340
v 0.007578 0.066049 0.003924
v 0.052228 -0.040681 -0.007249
v 0.010878 0.050519 -0.042009
v 0.024180 0.054162 -0.030283
v -0.057769 0.018178 0.027705
v 0.002068 -0.049904 0.042203
v 0.001287 -0.062920 -0.017752
v -0.005525 -0.045922 0.046221
v -0.003055 0.011303 0.064333
v 0.005523 0.045924 -0.046221
v 0.001992 -0.059889 0.029060
v -0.033404 -0.050079 -0.028487
v -0.028534 -0.052667 -0.029107
v 0.056182 0.014885 -0.032515
v 0.004412 -0.050052 -0.043710
v -0.001289 0.062921 0.017751
v -0.053077 0.016727 -0.034335
v -0.007315 0.017062 0.063958
v -0.028115 0.031363 -0.050016
v 0.007321 -0.017070 -0.063955
v -0.037646 -0.021633 0.048447
v -0.019663 -0.000297 0.062013
v -0.042818 -0.026133 0.041425
v 0.024995 0.049004 0.034730
v 0.027020 0.044511 0.039001
v 0.048840 0.016861 0.039530
v 0.048462 0.022824 0.036916
v 0.050526 0.037643 0.016200
v -0.036028 0.051183 -0.017738
v -0.035852 0.054125 -0.004188
v -0.023106 0.060759 0.002603
v -0.029027 0.058201 0.001563
v -0.047856 0.042975 0.009760
v -0.029371 0.052471 -0.024830
v -0.041243 0.044748 -0.022998
v 0.043095 0.013650 -0.046785
v 0.031790 0.016415 -0.054335
v 0.049903 0.027265 -0.031600
v 0.048530 0.024031 -0.036051
v 0.047405 0.005202 -0.044250
v 0.047750 -0.001309 -0.044165
v -0.038830 -0.034633 -0.039052
v -0.038496 -0.029303 -0.043494
v -0.021198 -0.025874 -0.055799
v -0.031793 -0.026607 -0.050136
v -0.047347 -0.016257 -0.041549
v -0.026493 -0.049601 -0.032713
v -0.043693 -0.040724 -0.025784
v -0.064211 -0.017220 -0.003963
v 0.046272 -0.045685 0.002008
v 0.048065 -0.042787 -0.009552
v 0.047122 -0.039336 0.021552
v 0.023815 -0.060292 0.005471
v -0.025000 0.050329 -0.035739
v -0.025542 0.052843 -0.031472
v -0.048187 -0.032394 0.032618
v -0.041343 -0.034407 0.039271
v 0.014887 -0.054055 0.032996
v -0.017141 -0.037599 0.050247
v 0.051072 0.006771 0.039726
v 0.014353 -0.062950 -0.007975
v 0.049412 -0.040145 -0.013382
v -0.051178 -0.029328 0.027440
v -0.046055 -0.031176 0.036637
v -0.044241 -0.033689 0.036647
v 0.002683 0.062057 0.020435
v 0.054364 0.035355 -0.008384
v 0.053308 -0.012110 0.035879
v 0.052713 0.021791 0.034377
v 0.024633 0.061712 0.004491
v 0.054712 0.017002 0.033952
v 0.023258 -0.057027 -0.025341
v 0.011575 -0.062921 -0.018497
v -0.004009 0.065960 0.008276
v -0.059737 -0.021599 0.020005
v -0.061309 -0.014523 0.021576
v 0.036980 -0.048101 -0.027457
v 0.017788 -0.015826 -0.062196
v 0.023860 -0.018883 -0.059240
v -0.045447 -0.013565 0.046753
v 0.032751 0.052561 0.024495
v 0.047522 0.043106 0.017855
v -0.012686 0.063924 -0.013713
v -0.017404 0.059000 -0.025522
v -0.029415 0.059543 -0.004968
v 0.037947 0.006879 -0.054295
v 0.034734 -0.010065 -0.055924
v -0.024071 -0.041462 -0.046225
v -0.032267 -0.038792 -0.043465
v 0.042946 -0.050602 -0.005504
v 0.029257 -0.058768 -0.011204
v 0.027906 -0.060384 -0.003184
v 0.042525 -0.051214 0.001987
v 0.033788 -0.055452 -0.014786
v 0.023682 -0.061714 -0.008104
v 0.028072 0.059000 0.012893
v 0.046522 0.047518 0.003615
v -0.056097 0.001022 0.035880
v -0.013191 0.058322 -0.029323
v 0.037461 -0.013774 -0.053313
v 0.042488 -0.013156 -0.049567
v 0.020477 -0.005881 -0.063098
v -0.013150 -0.040141 -0.051488
v 0.036704 -0.052461 -0.018325
v 0.029230 -0.057323 -0.017172
v 0.024416 -0.060254 -0.014439
v -0.054836 -0.024774 0.028540
v -0.056667 -0.018793 0.029513
v 0.034799 0.056068 0.008983
v -0.004525 -0.043915 -0.049862
v -0.058540 -0.008326 0.030643
v 0.043942 -0.028783 0.040937
v 0.037911 -0.032588 0.044000
v 0.049001 -0.025826 0.036975
v -0.060877 0.026788 0.003423
v 0.027424 0.048193 -0.036888
v 0.050689 0.037526 -0.021395
v -0.059281 0.022628 -0.020224
v -0.061087 0.023287 -0.012706
v 0.012372 -0.049651 0.042625
v -0.059853 -0.004648 -0.028832
v -0.061748 -0.021830 -0.012080
v -0.006053 0.002278 0.066283
v -0.003205 -0.011377 0.065540
v -0.005169 -0.033840 0.057126
v -0.003692 -0.027021 0.060757
v -0.030956 -0.009874 0.058133
v 0.041536 0.013706 0.050221
v 0.045264 0.018911 0.045042
v 0.026525 0.022939 0.056617
v 0.033106 0.031796 0.048252
v -0.055550 0.036043 -0.007102
v 0.044945 0.027909 -0.040451
v 0.036439 0.038637 -0.040182
v -0.055460 -0.019292 -0.031422
v -0.046522 -0.031482 -0.035775
v -0.057236 -0.022295 -0.025734
v -0.053400 -0.015209 -0.036776
v 0.029843 -0.048991 0.033829
v 0.036784 -0.051841 0.019866
v -0.058504 -0.017254 -0.026736
v -0.056977 -0.013643 -0.031667
v -0.054876 -0.009821 -0.036435
v -0.057024 0.034338 -0.002112
v 0.027296 0.041173 -0.044666
v -0.013691 -0.029033 0.058351
v -0.013068 -0.009203 0.064651
v 0.031642 0.013048 0.057129
v 0.048427 0.007237 0.045140
v 0.037432 -0.040339 0.037507
v -0.010658 -0.019451 0.062796
v 0.033476 -0.042171 0.039194
v -0.029994 0.008475 0.058854
v -0.032414 -0.033580 0.047507
v 0.019815 0.046412 0.043458
v 0.016394 0.038649 0.051699
v 0.018215 0.030458 0.056354
v 0.053447 0.033547 0.021289
v 0.054501 0.034400 0.016779
v -0.042004 0.050172 0.012401
v -0.038631 0.052138 0.014986
v -0.025036 0.061273 0.007356
v -0.030065 0.059076 0.006434
v -0.044458 0.040539 -0.028555
v -0.046633 0.036698 -0.030231
v -0.040721 0.044627 -0.028027
v -0.039273 0.041441 -0.034287
v 0.014989 0.008510 -0.064329
v 0.018161 0.013731 -0.062585
v 0.016643 0.004253 -0.064344
v 0.018117 0.027758 -0.057763
v 0.015633 0.029476 -0.057637
v 0.020346 0.029315 -0.056231
v 0.015234 0.024770 -0.059914
v -0.044199 -0.012776 -0.048151
v -0.040869 -0.011723 -0.051260
v -0.042635 -0.017741 -0.047987
v -0.029150 -0.020491 -0.056264
v -0.027870 -0.023281 -0.055826
v -0.044957 -0.045612 -0.018268
v -0.041793 -0.048844 -0.017403
v 0.053087 -0.036517 0.016836
v 0.015890 -0.064537 0.004205
v 0.016128 -0.060557 0.022536
v 0.018372 -0.059235 0.024265
v 0.013206 -0.062343 0.019343
v 0.059853 0.004651 0.028830
v 0.061678 0.009768 0.023144
v 0.057683 0.032955 0.004680
v -0.047151 0.043959 0.016725
v -0.022162 0.061010 0.014896
v -0.047789 0.033323 -0.032267
v -0.045634 -0.037023 0.031338
v 0.010241 -0.065794 0.001197
v 0.012242 -0.057970 0.030410
v 0.058166 0.015733 0.028362
v 0.055076 0.008357 0.036497
v 0.053926 -0.030856 0.023981
v 0.057357 0.002244 -0.033769
v 0.055497 -0.036357 -0.005783
v -0.019177 0.006501 0.063445
v 0.015013 0.028740 0.058172
v 0.013628 0.033360 0.056006
v 0.012050 0.007063 -0.065117
v -0.020784 -0.020285 -0.059932
v -0.024841 -0.016933 -0.059426
v -0.030170 0.052814 0.027125
v -0.037639 -0.032029 0.044640
v -0.036514 -0.038156 0.040572
v -0.035398 0.056011 0.006708
v 0.054140 0.010321 -0.037385
v -0.036365 -0.014363 -0.053913
v 0.053046 -0.039486 0.007882
v -0.033861 0.043083 -0.037850
v 0.057234 -0.016326 -0.029868
v -0.048107 0.036452 0.028128
v -0.042210 0.040832 0.031386
v -0.001898 -0.048550 0.044844
v -0.001157 -0.013669 -0.065142
v -0.053869 0.012261 -0.036326
v 0.000816 0.014065 0.064601
v 0.063834 0.012036 0.012335
v 0.064412 0.011827 0.012034
v 0.053883 -0.007759 0.037524
v 0.053791 -0.006099 0.037950
v 0.062710 0.013925 -0.015661
v 0.058289 0.028394 -0.015178
v 0.057972 0.028264 -0.014566
v 0.061070 0.021738 -0.015232
v 0.004331 0.058581 0.030355
v -0.001483 0.050039 0.043906
v 0.000720 0.055317 0.037062
v 0.001205 0.054858 0.036892
v -0.006987 -0.065547 0.005150
v 0.006018 0.018068 0.063784
v -0.007954 -0.064123 0.014025
v -0.053452 0.018773 -0.034077
v -0.053516 0.019033 -0.034703
v -0.002453 0.050500 -0.043301
v -0.002126 0.050431 -0.042708
v -0.004392 0.051028 -0.041776
v -0.052845 0.030104 0.025940
v -0.052343 0.032091 0.024469
v -0.050857 -0.039705 0.016471
v 0.063276 -0.019898 -0.005800
v 0.055452 0.034431 -0.013093
v 0.055292 0.033955 -0.014863
v 0.006918 0.045575 -0.047392
v 0.006703 0.045583 -0.048041
v 0.004351 -0.010023 -0.065663
v -0.052906 0.022973 0.032325
v -0.052955 0.023378 0.032871
v -0.010803 -0.012444 -0.064033
v -0.049316 0.006323 -0.044299
v -0.036355 0.004938 -0.055007
v -0.036784 0.004538 -0.055321
v 0.060988 0.025382 0.002835
v -0.008581 0.047148 -0.046235
v -0.008856 0.047036 -0.045619
v -0.021056 0.036936 -0.050638
v 0.052974 -0.022909 -0.032258
v 0.053089 -0.020911 -0.033356
v -0.005621 -0.046465 0.046702
v 0.003009 -0.064025 -0.016125
v 0.052913 -0.030041 -0.025872
v 0.052756 -0.031438 -0.024478
v -0.054857 -0.036711 0.003844
v -0.006896 -0.062141 -0.022850
v -0.006530 -0.061615 -0.023079
v -0.019894 0.054949 0.031913
v 0.063095 0.005797 0.018898
v 0.061258 0.000981 0.026090
v -0.006651 -0.017179 -0.063966
v 0.063507 -0.016044 0.011952
v 0.063167 -0.003115 -0.020832
v -0.048071 0.035858 0.028942
v -0.036076 0.027044 -0.048996
v -0.012122 -0.049420 0.042954
v -0.000702 -0.055425 0.036901
v -0.004505 -0.058986 0.030564
v -0.010477 -0.012196 -0.064620
v -0.015826 -0.007240 -0.063788
v -0.039832 -0.052775 0.000155
v -0.049242 0.007277 -0.044235
v -0.036432 0.005478 -0.055466
v 0.002850 0.023332 0.062304
v 0.000591 0.029561 0.059141
v -0.001826 -0.048485 0.044917
v -0.002680 -0.062733 -0.020712
v -0.013547 -0.062392 -0.018924
v 0.000874 0.013980 0.064619
v 0.001163 0.013660 0.065144
v 0.003076 0.063301 0.020359
v -0.053086 0.026445 0.029228
v 0.054953 0.037371 -0.003933
v 0.006657 0.017171 0.063968
v 0.027311 -0.050118 -0.034285
v 0.008532 0.064507 -0.014116
v -0.053703 0.016899 -0.034673
v -0.053518 0.018747 -0.033988
v -0.052914 0.030043 0.025871
v -0.052756 0.031440 0.024477
v -0.053417 0.031401 0.024314
v 0.002118 -0.004158 -0.066427
v -0.000544 0.002554 -0.066538
v 0.054672 0.034863 -0.015053
v 0.005619 0.046467 -0.046702
v -0.003062 0.011388 0.065059
v -0.053637 0.022769 0.032185
v -0.052975 0.022912 0.032256
v 0.052842 -0.022011 -0.033968
v 0.003723 0.040822 -0.052480
v 0.000478 0.034769 -0.056790
v 0.027504 -0.026562 -0.053942
v -0.005308 -0.046429 0.047407
v -0.007652 -0.061360 -0.024637
v -0.007991 -0.060793 -0.024670
v -0.053884 0.007762 -0.037524
v 0.002382 -0.043503 -0.050353
v -0.063441 -0.005496 0.017799
v -0.035421 0.027264 0.049357
v -0.042327 0.026542 0.044025
v 0.021953 0.002316 0.062326
v -0.063295 -0.013970 0.015242
v -0.057974 -0.028278 0.014534
v -0.060768 -0.021598 0.014581
v 0.014471 -0.042199 0.048801
v 0.058227 -0.003667 0.032101
v 0.063682 0.005462 0.018670
v -0.056854 0.027768 0.019194
v -0.025799 -0.060415 -0.007495
v -0.003328 0.010102 -0.065732
v 0.001193 -0.004605 -0.066420
v -0.001528 0.002231 -0.066534
v 0.002850 0.041160 -0.052269
v -0.052839 0.005646 -0.038060
v -0.054379 -0.036246 0.001413
v -0.054167 -0.036563 0.001997
v 0.012116 0.049425 -0.042950
v 0.018249 0.051670 -0.037833
v -0.056935 0.016537 0.029271
v -0.063168 0.003115 0.020832
v 0.004326 -0.050497 0.041276
v 0.052737 -0.019426 0.033281
v -0.007633 -0.044572 0.047120
v -0.007578 -0.045077 0.046722
v 0.052110 -0.020589 -0.033552
v -0.053847 -0.033516 0.015586
v -0.054201 -0.033276 0.015094
v -0.061271 0.016216 -0.020418
v 0.004732 -0.009618 -0.064482
v 0.005357 -0.009750 -0.064358
v 0.006882 0.045097 -0.046839
v 0.007009 0.044574 -0.047291
v 0.053678 0.034041 -0.015254
v 0.054007 0.033800 -0.014688
v 0.054206 0.033267 -0.015093
v -0.002864 -0.023348 -0.062297
v -0.000742 -0.055313 -0.037067
v -0.003664 0.063202 0.016075
v -0.003022 0.063310 0.015974
v -0.053100 0.018912 -0.033094
v 0.020383 -0.023851 -0.058202
v 0.008806 -0.015758 -0.064097
v -0.002852 -0.041158 0.052270
v 0.000479 -0.034963 0.056670
v -0.063015 -0.018804 -0.006877
v -0.058164 -0.031445 -0.000055
v 0.006386 0.017956 0.062527
v 0.054384 0.036238 -0.001411
v 0.053857 0.037011 -0.001573
v -0.058228 0.003670 -0.032100
v 0.040007 0.053224 -0.000691
v 0.003988 0.058667 -0.030233
v 0.004503 0.058987 -0.030564
v 0.028022 0.039137 0.043735
v 0.048570 0.028200 0.032214
v 0.048151 0.028813 0.032877
v -0.035362 0.048711 -0.023844
v 0.047162 0.012329 -0.043050
v 0.045883 -0.045161 0.009207
v 0.025028 -0.058726 0.012424
v 0.019422 0.062281 0.013345
v 0.013561 0.062384 0.018940
v 0.003502 0.059177 -0.030329
v 0.006259 0.062259 -0.022768
v -0.000214 0.055673 -0.036534
v 0.051054 0.042718 -0.001694
v 0.039835 0.052772 -0.000154
v 0.042332 -0.026516 -0.044034
v 0.009585 -0.015050 -0.064155
v 0.000423 -0.050010 -0.043963
v -0.060577 0.010245 0.025684
v 0.006934 0.065552 -0.005164
v 0.042207 -0.040826 -0.031395
v -0.061069 -0.021745 0.015225
v -0.058287 -0.028403 0.015171
v -0.007206 0.064281 0.013705
v -0.007693 0.053487 -0.038887
v -0.011648 -0.059498 -0.026382
v 0.052137 -0.035633 -0.021080
v 0.012117 0.060024 0.026126
v 0.052323 -0.017887 -0.036249
v -0.008647 -0.060778 -0.024539
v 0.004083 -0.064277 -0.016804
v 0.005838 -0.010339 -0.065499
v -0.003788 0.051605 -0.041122
v -0.038315 -0.021967 0.049204
v -0.039002 -0.015350 0.051712
v -0.047497 0.002241 0.046593
v -0.046982 0.002690 0.046445
v -0.043167 -0.000948 0.050673
v -0.042733 -0.000461 0.050452
v 0.025445 0.049800 0.035274
v 0.028158 0.045446 0.039672
v 0.050055 0.037183 0.021992
v 0.050075 0.037782 0.022296
v 0.051321 0.038295 0.016474
v 0.051372 0.038921 0.016689
v -0.036381 0.055044 -0.004271
v -0.019008 0.056142 -0.030314
v -0.030029 0.053948 -0.024899
v 0.032499 0.016251 -0.055775
v 0.024113 0.004573 -0.061883
v 0.026488 0.010659 -0.060140
v -0.039300 -0.040238 -0.034756
v -0.039407 -0.035227 -0.039720
v -0.021532 -0.026341 -0.056695
v 0.030855 -0.057838 0.011568
v 0.024871 -0.061512 0.005459
v 0.054678 0.037151 -0.001063
v 0.054764 0.037828 -0.001085
v -0.051375 0.010515 0.041019
v -0.050771 0.010818 0.040953
v 0.016037 -0.002354 -0.064102
v 0.016531 -0.002678 -0.064437
v -0.018422 -0.056038 -0.030868
v 0.052684 0.038933 0.011890
v 0.050816 -0.010771 -0.040907
v -0.038308 -0.027518 0.046299
v 0.049257 0.029439 0.032792
v -0.035972 0.050746 -0.023656
v -0.038004 -0.024918 -0.047991
v -0.038434 -0.044473 -0.030221
v 0.046600 -0.045942 0.009301
v -0.061311 -0.025770 -0.003315
v -0.058492 -0.031822 -0.000575
v -0.063326 -0.019211 -0.007395
v -0.000027 -0.034602 0.056342
v 0.000522 -0.002568 0.066537
v -0.001661 0.004326 0.065957
v -0.002137 0.004138 0.066427
v 0.002284 -0.010310 0.065745
v 0.002768 -0.010138 0.065279
v -0.060578 0.024442 0.012918
v 0.014867 -0.042790 0.048805
v 0.042814 -0.023804 0.044408
v 0.048627 -0.021196 0.039470
v 0.043557 -0.006102 0.049997
v 0.015855 0.007264 0.063778
v -0.054008 0.001348 -0.038905
v 0.008336 -0.052910 0.039537
v 0.052815 -0.023978 0.032677
v 0.010727 0.043201 -0.048891
v 0.032964 0.050734 -0.027809
v -0.053423 0.023735 -0.031859
v 0.053305 -0.001531 0.039089
v 0.053381 -0.001595 0.039750
v 0.028996 -0.001909 0.059391
v -0.054011 0.005460 -0.037702
v -0.054723 -0.037084 0.001049
v -0.055008 -0.036619 0.001405
v 0.004498 -0.051463 0.041257
v 0.053412 -0.019957 0.034343
v 0.008133 0.045716 -0.047694
v -0.038205 -0.021994 0.049277
v -0.019999 -0.000857 0.063494
v 0.045195 0.031887 0.037038
v 0.033585 0.037849 0.042556
v 0.025620 0.029688 0.053797
v 0.050713 0.011553 0.040822
v 0.049606 0.017150 0.040210
v -0.036673 0.051983 -0.018014
v -0.037463 0.053869 -0.011207
v -0.036493 0.054971 -0.004253
v -0.048660 0.043662 0.009879
v -0.042331 0.045940 -0.023018
v 0.043796 0.013938 -0.047532
v 0.038545 0.016019 -0.051851
v 0.024921 0.030835 -0.053480
v 0.050688 0.027741 -0.032139
v 0.049274 0.024885 -0.037211
v -0.039408 -0.040183 -0.034698
v -0.039520 -0.035169 -0.039659
v -0.048653 -0.017022 -0.042131
v -0.043972 -0.021106 -0.044640
v -0.044837 -0.041296 -0.026767
v -0.049134 -0.039161 -0.022009
v 0.030673 -0.057306 0.012111
v 0.042381 -0.049690 0.010305
v 0.042688 -0.049907 0.010866
v 0.047177 -0.043385 0.016239
v 0.007132 0.017969 0.063224
v 0.053728 -0.005287 0.038937
v 0.017871 0.038571 -0.051239
v 0.015670 -0.055060 0.033989
v -0.017359 -0.038121 0.051750
v 0.052138 0.030237 -0.028282
v 0.018143 0.024189 0.059315
v -0.053133 -0.038275 -0.012027
v -0.052553 -0.038369 -0.011738
v -0.036663 -0.002573 0.054932
v -0.037430 -0.027733 0.046885
v -0.037708 -0.027484 0.047449
v 0.049243 0.029074 0.034037
v -0.036255 0.050070 -0.023398
v -0.036919 0.050130 -0.023510
v 0.060710 -0.016620 0.020242
v 0.063224 -0.017061 0.012051
v -0.013515 0.058720 0.027224
v -0.008003 0.061767 0.022195
v -0.021447 0.037535 -0.050645
v 0.057155 -0.028374 -0.019035
v -0.039902 -0.047933 0.023325
v 0.001123 0.029921 0.059478
v -0.007646 0.064582 0.014245
v -0.053374 0.001602 -0.039760
v -0.053306 0.001536 -0.039089
v 0.007889 -0.052850 0.038940
v -0.012128 -0.060024 -0.026117
v 0.054008 0.032715 -0.019615
v 0.052770 -0.035068 -0.020436
v 0.011644 0.059500 0.026380
v 0.008572 -0.007148 -0.065634
v -0.032971 -0.050714 0.027836
v -0.032613 -0.050656 0.027241
v 0.053367 -0.001507 0.039006
v 0.063728 0.005652 -0.018454
v -0.053731 0.005314 -0.038931
v -0.007493 -0.017711 -0.063729
v -0.009072 -0.061329 -0.024231
v -0.008707 -0.060803 -0.024458
v -0.033369 -0.057520 -0.003442
v 0.053408 -0.019664 0.033641
v 0.053718 -0.019125 0.033421
v -0.007768 -0.045143 0.047673
v -0.052456 0.021452 0.034009
v -0.054562 -0.034583 0.016068
v 0.007462 0.045117 -0.048370
v 0.007703 0.045089 -0.047735
v 0.054537 0.033877 -0.015780
v -0.003750 0.063961 0.016304
v -0.004093 0.064279 0.016798
v -0.052599 0.032187 0.023838
v -0.004500 0.051465 -0.041256
v -0.020005 -0.000268 0.063020
v -0.024928 -0.002613 0.061185
v -0.030892 -0.003269 0.058368
v -0.047972 -0.027239 0.037279
v -0.026173 -0.032560 0.051844
v -0.025833 -0.031973 0.051789
v 0.021766 0.053597 0.032964
v 0.021944 0.053310 0.032378
v 0.051421 0.011692 0.040646
v 0.049949 0.023194 0.037419
v -0.018585 0.063232 0.005313
v -0.018952 0.063565 0.005773
v -0.023499 0.061745 0.002684
v -0.023808 0.062098 0.003176
v -0.029855 0.053310 -0.025269
v -0.046461 0.040850 -0.024611
v 0.020650 0.034988 -0.052749
v 0.026188 0.024580 -0.055514
v 0.025933 0.024713 -0.056124
v 0.019765 0.000620 -0.063093
v 0.025517 0.011035 -0.060499
v 0.050013 0.024249 -0.036656
v -0.026747 -0.027349 -0.054494
v -0.050598 -0.011356 -0.041759
v -0.050518 -0.011449 -0.041094
v -0.032765 -0.047380 -0.032455
v -0.048737 -0.039983 -0.021425
v 0.047729 -0.046373 0.002099
v 0.048247 -0.045669 -0.004405
v 0.023896 -0.061876 0.005775
v 0.021679 -0.062951 -0.000307
v 0.018122 -0.063897 -0.004658
v 0.018577 -0.056312 0.030278
v 0.024079 -0.058829 0.019806
v 0.008439 0.061062 0.025122
v 0.055381 0.036923 -0.000924
v 0.055014 0.036611 -0.001403
v 0.017135 0.038087 -0.051853
v -0.018135 -0.023988 -0.059403
v 0.015836 -0.001892 -0.064642
v -0.017882 -0.038746 0.051106
v 0.014567 -0.063987 -0.008072
v 0.014395 -0.064544 -0.007726
v -0.051992 -0.029838 0.027898
v -0.038102 -0.028305 0.046692
v -0.035821 0.055540 0.001980
v -0.036159 0.049914 -0.023937
v 0.026423 0.017893 -0.058436
v -0.038878 -0.044300 -0.029962
v 0.047688 -0.045531 0.009264
v -0.012912 0.033195 0.056273
v -0.000961 0.049674 0.043628
v -0.000917 0.049120 0.043152
v -0.004423 -0.065899 -0.003080
v -0.007579 -0.066048 -0.003924
v -0.003320 -0.065520 -0.011459
v 0.056854 -0.027766 -0.019195
v 0.062198 -0.015523 -0.018047
v 0.064113 -0.016649 -0.006895
v 0.061446 -0.021150 -0.014571
v -0.013997 0.028677 -0.058455
v -0.012774 0.040690 -0.051151
v -0.007907 0.061084 0.021955
v 0.002187 0.059533 0.029772
v -0.011718 0.058303 0.029979
v -0.001335 0.063610 0.017995
v -0.007202 0.056494 0.034523
v -0.012693 0.050407 0.041633
v 0.003816 0.023756 0.062092
v 0.066576 0.001250 -0.001139
v 0.061902 -0.013537 0.020495
v 0.058165 -0.021646 -0.024155
v 0.056825 -0.017447 0.027244
v 0.006402 0.054452 0.037806
v 0.004526 0.043915 0.049863
v 0.005056 0.049760 0.043974
v 0.065226 -0.008112 -0.010721
v -0.019163 0.041039 0.048825
v -0.033957 0.043549 0.037225
v -0.031592 0.038113 0.044548
v -0.043207 0.047321 0.018142
v -0.038513 0.051200 0.018183
v -0.036981 0.048104 0.027455
v -0.052056 0.035123 0.020697
v -0.043065 0.043404 0.026398
v -0.039229 0.039261 -0.036809
v 0.061885 -0.002876 -0.020922
v 0.001824 0.048487 -0.044916
v 0.054166 0.034273 -0.012933
v -0.000227 -0.054557 0.036044
v 0.001266 -0.063635 -0.017906
v -0.013155 -0.056327 0.033007
v -0.019637 -0.058678 0.024627
v -0.010769 -0.061502 0.023167
v 0.020137 -0.000477 0.063478
v 0.000835 0.013868 0.063897
v 0.009469 0.001072 0.065912
v 0.014036 0.005196 0.064894
v 0.053076 -0.016725 0.034335
v 0.027375 -0.005302 0.060479
v 0.035952 -0.004894 0.054399
v 0.042800 -0.009344 0.050160
v 0.035353 -0.008205 0.055840
v -0.043942 0.028785 -0.040937
v -0.049001 0.025827 -0.036975
v -0.043194 0.024357 -0.044441
v -0.037911 0.032591 -0.043999
v -0.023260 0.057028 0.025339
v -0.010678 -0.012301 -0.063328
v -0.009465 -0.001079 -0.065913
v -0.048802 0.014039 -0.043088
v -0.028672 0.001899 -0.058737
v -0.035952 0.004895 -0.054399
v -0.027374 0.005300 -0.060480
v 0.062311 0.018611 0.006828
v 0.065132 0.013378 -0.003753
v 0.062478 0.022351 -0.005666
v 0.054918 0.036621 -0.003825
v 0.028955 -0.002407 0.059912
v -0.054358 -0.035364 0.008386
v -0.054002 -0.033808 0.014690
v 0.048801 -0.014036 0.043089
v 0.020594 -0.017208 0.060951
v 0.041842 -0.015357 0.049483
v 0.032896 -0.016384 0.055539
v 0.034889 -0.045026 -0.033573
v 0.052296 -0.029741 -0.025620
v 0.041550 -0.038897 -0.034581
v 0.026969 -0.028730 0.053688
v 0.020844 -0.036548 0.050054
v -0.052140 0.031131 0.024232
v -0.011577 0.062922 0.018496
v -0.008388 0.062288 0.022002
v -0.013885 0.059256 0.027017
v -0.016934 0.060401 0.022367
v 0.057092 -0.003154 0.031722
v 0.053164 -0.006036 0.037578
v 0.053256 -0.007687 0.037155
v 0.063119 0.011928 0.012223
v 0.056009 -0.032134 -0.016299
v -0.039392 -0.053577 0.003607
v -0.037727 -0.053527 0.012112
v -0.050866 -0.040427 0.014614
v -0.045189 -0.047682 0.010941
v -0.061446 0.021152 0.014570
v 0.027317 -0.049964 -0.033602
v -0.054792 -0.034623 0.013071
v 0.002140 -0.060594 -0.027550
v 0.025780 -0.048549 -0.037598
v 0.007201 -0.056493 -0.034523
v 0.018237 -0.053773 -0.034801
v 0.050872 0.040420 -0.014612
v -0.052465 0.026186 0.028941
v 0.013666 0.064871 0.006345
v 0.001838 0.047984 -0.044384
v -0.002070 0.049905 -0.042202
v 0.019637 0.058678 -0.024627
v -0.066576 -0.001253 0.001139
v -0.064874 -0.004729 0.014291
v -0.065227 0.008112 0.010721
v -0.063945 0.004095 0.018153
v 0.026820 0.059498 -0.013267
v 0.039184 0.050034 -0.019911
v 0.061675 -0.024710 0.004561
v 0.060877 -0.026787 -0.003423
v 0.058881 -0.029293 -0.010491
v 0.062996 -0.020862 -0.005461
v 0.056641 -0.035028 0.000048
v 0.054980 -0.037553 0.001456
v 0.054126 -0.038635 -0.003590
v 0.053025 -0.040217 0.002463
v 0.052848 -0.040497 -0.001495
v 0.004567 -0.056612 0.034777
v 0.000293 -0.062829 0.022082
v -0.054936 -0.035801 0.008488
v -0.054737 -0.034705 0.013088
v -0.054160 -0.034281 0.012935
v -0.019926 -0.063500 0.002414
v -0.017698 -0.063307 -0.010685
v -0.032637 -0.056586 -0.002924
v -0.037306 -0.051345 -0.020179
v -0.032433 -0.053655 -0.022461
v -0.033379 -0.051852 -0.025148
v -0.027992 -0.055081 -0.024854
v -0.022200 -0.053408 -0.032039
v -0.021821 -0.052539 -0.031556
v -0.029917 -0.053328 -0.026388
v -0.024698 -0.055111 -0.028071
v 0.057715 0.014899 -0.029703
v 0.054335 0.015372 -0.035308
v 0.055556 0.019806 -0.030927
v 0.053880 0.024053 -0.030881
v -0.014487 0.006946 -0.064631
v -0.003794 0.001456 -0.066474
v -0.004982 -0.007975 -0.065931
v 0.054301 0.018951 -0.033578
v 0.047789 -0.030901 -0.034591
v 0.048015 -0.026876 -0.037516
v 0.045195 0.047676 -0.010939
v -0.053256 0.007690 -0.037154
v 0.012915 -0.033199 -0.056270
v -0.053309 0.012113 -0.035878
v 0.007821 -0.026403 -0.060638
v 0.002151 -0.028911 -0.059956
v -0.006225 -0.017318 -0.062740
v -0.002685 -0.062055 -0.020436
v -0.001086 -0.022538 -0.062658
v 0.004682 -0.035884 -0.055907
v 0.005712 -0.043172 -0.050386
v 0.001523 -0.055592 -0.036639
v 0.012693 -0.050406 -0.041633
v 0.019164 -0.041040 -0.048822
v -0.004741 -0.016594 -0.063828
v 0.003061 -0.011311 -0.064331
v 0.012389 -0.022252 -0.061535
v 0.003303 -0.020112 -0.063402
v 0.005550 0.046405 -0.046771
v -0.007195 0.018425 -0.063593
v -0.020593 0.017206 -0.060952
v -0.006262 0.009496 -0.065619
v -0.003281 -0.023139 -0.061070
v -0.007816 0.026396 0.060642
v 0.006461 0.061589 0.023168
v 0.006423 0.060923 0.022868
v -0.012385 0.022246 0.061539
v 0.040681 -0.034716 -0.039687
v 0.025890 -0.030047 -0.053499
v -0.034587 0.044871 -0.035009
v -0.029557 0.047760 -0.035786
v -0.022855 0.049463 -0.038294
v -0.030540 0.049245 -0.032825
v -0.023492 0.054336 -0.026983
v -0.026975 0.050885 -0.033442
v -0.041083 -0.037006 0.037121
v -0.044995 -0.035278 0.034149
v 0.056711 0.018087 0.029866
v 0.055851 0.014267 0.033352
v 0.031592 -0.038113 -0.044548
v 0.033996 -0.030808 -0.048273
v 0.006265 -0.009501 0.065618
v 0.003798 -0.001463 0.066473
v 0.004987 0.007967 0.065931
v -0.004568 0.010286 0.064407
v 0.000594 0.005474 0.066370
v 0.008362 -0.037134 0.054648
v -0.006885 -0.045095 0.046840
v 0.013997 -0.028677 0.058454
v 0.002734 -0.035405 0.056340
v -0.065131 -0.013384 0.003754
v -0.062476 -0.022359 0.005668
v -0.047325 0.024340 0.037995
v -0.047790 0.030903 0.034590
v -0.052357 0.022689 0.031934
v -0.040681 0.034717 0.039687
v -0.041590 0.029532 0.042819
v -0.018552 0.026858 0.058050
v -0.025889 0.030045 0.053501
v 0.054285 0.036257 -0.003792
v 0.028672 -0.001900 0.058737
v 0.007096 -0.046134 0.047503
v 0.003152 -0.043729 0.050130
v 0.002451 -0.050499 0.043302
v -0.002189 -0.059531 -0.029773
v 0.048830 -0.044156 -0.009912
v 0.058864 -0.009997 0.029501
v 0.062730 0.005446 -0.017634
v -0.006647 -0.061069 0.022406
v -0.000480 0.034964 -0.056670
v -0.000589 -0.005482 -0.066369
v 0.001124 0.041819 -0.051819
v 0.001539 0.048533 -0.045533
v -0.000829 -0.013876 -0.063895
v 0.003124 -0.011478 -0.065041
v -0.000810 -0.014074 -0.064599
v -0.014291 0.042223 -0.049466
v 0.064354 -0.012638 0.011580
v -0.058905 -0.030985 0.002320
v -0.008533 -0.064506 0.014116
v -0.000868 -0.013989 -0.064617
v 0.053073 0.016716 0.036593
v 0.054936 0.020271 0.031724
v 0.005768 -0.027448 0.060403
v -0.062970 0.017372 -0.002951
v -0.001635 0.004281 0.065228
v 0.001749 -0.036466 -0.055686
v 0.053086 -0.026442 -0.029230
v 0.057736 -0.025805 -0.020877
v 0.057348 -0.027580 -0.019613
v -0.046029 -0.048060 0.002368
v -0.045767 -0.048147 0.004748
v -0.042801 0.009346 -0.050160
v -0.043336 0.007088 -0.050059
v 0.062021 0.013768 -0.015477
v -0.058376 0.015141 -0.028253
v -0.054361 0.016901 -0.034504
v -0.062711 0.006981 -0.021305
v -0.058865 0.009999 -0.029500
v -0.058538 0.005367 -0.031302
v 0.007197 -0.018427 0.063592
v 0.045616 0.045529 -0.016780
v 0.048895 -0.018945 0.041056
v 0.053868 -0.012259 0.036327
v 0.002749 0.062763 0.020616
v -0.002819 0.011039 0.065590
v 0.007921 0.064635 0.013961
v -0.000986 0.064186 0.017620
v -0.053165 0.006039 -0.037577
v -0.065183 -0.009878 -0.009426
v -0.062022 0.001630 -0.024206
v -0.065516 0.003289 -0.011493
v -0.063578 -0.018690 -0.006499
v -0.060272 -0.000605 -0.025351
v 0.037732 0.053524 -0.012112
v 0.039397 0.053574 -0.003606
v 0.054742 0.034696 -0.013086
v 0.054942 0.035793 -0.008486
v 0.054863 0.036703 -0.003842
v 0.053576 -0.029976 -0.025733
v 0.057768 -0.018176 -0.027706
v 0.053637 -0.022767 -0.032187
v 0.050879 0.041852 -0.009749
v -0.003297 0.020104 0.063405
v -0.053014 0.026509 0.029301
v -0.052296 0.029743 0.025618
v 0.018554 -0.026861 -0.058047
v 0.020245 -0.024435 -0.058539
v -0.062722 -0.013920 0.015619
v 0.028432 -0.031551 0.051278
v 0.019387 -0.034602 0.053498
v -0.064267 0.017167 -0.002890
v -0.064354 0.012639 -0.011580
v -0.065207 0.013382 -0.002056
v -0.037243 -0.008425 0.052672
v -0.057736 0.025808 0.020876
v 0.013154 0.056328 -0.033007
v 0.002678 0.054855 -0.037671
v 0.005136 0.016214 0.064363
v 0.009001 0.010942 0.065073
v 0.013138 0.062116 0.018463
v -0.002147 0.028906 0.059959
v -0.007097 0.046135 -0.047502
v -0.019388 0.034603 -0.053498
v 0.019927 0.063501 -0.002413
v 0.052464 -0.026183 -0.028943
v 0.052356 -0.022687 -0.031936
v -0.025780 0.048550 0.037598
v -0.002255 0.026813 -0.059596
v 0.032099 0.058348 -0.000666
v 0.019023 0.062010 0.012832
v 0.051001 0.042565 -0.004731
v 0.011647 0.063330 0.016998
v 0.031790 0.053199 -0.024384
v 0.039724 0.048503 -0.022432
v 0.032693 0.051334 -0.027011
v -0.062730 -0.005447 0.017635
v 0.010482 0.012188 0.064621
v 0.010782 0.012415 0.064043
v 0.007002 0.017330 0.063399
v 0.051418 -0.031875 0.027802
v -0.051926 0.023270 -0.031537
v -0.063276 0.019899 0.005799
v -0.064114 0.016650 0.006895
v -0.058166 0.021648 0.024154
v 0.004721 0.016362 0.063133
v 0.028414 -0.031683 0.050602
v 0.011009 0.065514 -0.004692
v 0.033956 -0.043548 -0.037225
v 0.002409 0.063034 0.021260
v -0.002141 0.060595 0.027549
v -0.034511 0.044549 0.033168
v -0.027318 0.050125 0.034271
v -0.002229 -0.049145 0.044842
v -0.007224 -0.052985 0.039694
v -0.002680 -0.054853 0.037671
v -0.032096 -0.058349 0.000667
v 0.065183 0.009876 0.009426
v -0.015607 -0.006927 -0.064362
v -0.004310 -0.057924 -0.030032
v 0.055657 0.035535 -0.008440
v -0.037884 -0.024688 -0.046743
v 0.054543 -0.007663 0.037384
v -0.049078 0.009165 -0.044075
v -0.003249 -0.040235 0.051442
v -0.059158 -0.029723 0.007224
v 0.003318 0.065521 0.011458
v 0.001318 0.065732 0.010571
v -0.046031 -0.036982 -0.030801
v -0.003868 0.018723 -0.063782
v -0.025789 -0.060977 -0.007111
v -0.024633 -0.061711 -0.004490
v -0.001840 -0.047982 0.044385
v -0.059613 0.023574 0.012896
v -0.062001 0.020029 0.005520
v 0.052719 0.021412 -0.034604
v 0.052080 0.016961 -0.037884
v -0.039388 -0.052194 0.000164
v -0.045251 -0.047168 0.001800
v 0.064874 0.004726 -0.014291
v 0.063945 -0.004095 -0.018153
v 0.001092 0.022531 0.062661
v 0.004515 0.017124 0.064174
v -0.006163 0.061715 0.024260
v -0.039180 -0.050037 0.019912
v -0.039721 -0.048503 0.022437
v -0.045813 -0.044465 0.018922
v -0.007923 -0.064634 -0.013961
v -0.041550 0.038898 0.034580
v -0.007121 0.063236 0.013525
v 0.033378 0.044204 0.036976
v 0.048205 -0.039095 -0.024147
v -0.035107 0.024379 -0.051073
v -0.042607 0.021285 -0.046550
v 0.062021 -0.001628 0.024206
v 0.064398 0.003454 0.016620
v -0.007319 -0.062101 0.022875
v -0.007123 -0.058435 0.031142
v 0.049985 -0.035883 0.025434
v 0.052611 -0.034296 0.022161
v -0.010880 -0.050518 0.042009
v -0.035353 0.008205 -0.055840
v -0.061795 -0.021826 0.011845
v -0.063999 -0.013680 0.012342
v -0.055394 -0.034080 -0.014327
v -0.061951 -0.024439 -0.000189
v 0.045773 0.048142 -0.004746
v 0.051042 0.042679 -0.002748
v 0.006161 -0.061714 -0.024261
v -0.002747 0.010021 -0.064558
v -0.018238 0.053773 0.034801
v -0.013293 0.059012 0.027836
v -0.031788 -0.053200 0.024384
v -0.024180 -0.054162 0.030283
v -0.025276 -0.052397 0.032395
v -0.035566 0.026974 -0.047783
v -0.004412 0.050052 0.043710
v -0.005711 0.043171 0.050388
v -0.021725 -0.002323 -0.061631
v -0.048015 0.026878 0.037515
v -0.033997 0.030809 0.048274
v 0.060271 0.000607 0.025351
v 0.047324 -0.024338 -0.037997
v 0.051905 -0.021200 -0.033597
v -0.048895 0.018947 -0.041055
v -0.042342 0.023532 -0.043922
v -0.027212 0.026235 0.053357
v -0.034614 0.027202 0.048350
v 0.059618 -0.010283 -0.024812
v -0.005553 -0.046403 0.046772
v 0.011716 -0.058302 -0.029979
v -0.048477 0.020698 0.040704
v 0.048091 -0.020953 0.039038
v 0.050125 0.041934 -0.002175
v -0.001541 -0.048531 0.045533
v -0.007496 -0.039345 0.053207
v 0.029438 -0.001484 0.059708
v -0.014399 -0.003024 0.064952
v -0.053397 -0.037052 -0.002878
v 0.058537 -0.005365 0.031302
v 0.061499 0.000205 0.025532
v -0.061408 0.011854 0.022886
v -0.047785 0.013468 0.044390
v 0.025726 0.017395 -0.056813
v -0.030534 0.051254 -0.029598
v -0.000388 -0.065079 0.014134
v 0.016148 0.060854 0.021710
v 0.050882 -0.040810 -0.013354
v 0.053478 -0.038313 -0.010363
v -0.047040 0.003175 0.047012
v -0.046849 0.010067 0.046251
v -0.020845 0.036550 -0.050054
v -0.032339 -0.032920 -0.048018
v 0.032638 0.056586 0.002925
v -0.004404 0.050868 -0.040735
v -0.003811 -0.023763 -0.062089
v -0.048450 0.045694 -0.000033
v 0.044581 -0.001479 0.049452
v 0.049585 -0.002216 0.044403
v 0.022970 -0.056753 0.026140
v -0.049846 0.031293 -0.027721
v -0.037159 0.055071 -0.004199
v -0.018572 0.052327 -0.036773
v 0.058501 0.031807 0.000551
v 0.033588 0.037949 0.042466
v 0.007492 0.039348 -0.053206
v 0.000203 -0.055669 0.036538
v 0.025387 0.010587 -0.058955
v 0.054646 0.032516 -0.019721
v 0.057370 0.027737 -0.019355
v -0.040900 0.050478 0.003394
v -0.002308 0.010302 -0.065746
v 0.004006 -0.065959 -0.008277
v -0.061676 0.024710 -0.004561
v -0.051259 0.032032 -0.027915
v -0.049218 0.043812 0.009502
v -0.051514 0.041968 0.004499
v -0.000020 -0.034223 0.055718
v 0.046962 -0.047142 0.002052
v 0.053402 0.037045 0.002879
v -0.005831 -0.031189 -0.058553
v 0.027212 -0.026236 -0.053356
v -0.029501 0.059153 0.001538
v 0.011139 0.043724 -0.048953
v -0.038927 -0.030208 -0.044758
v -0.025940 -0.047221 -0.039148
v 0.007823 0.063420 -0.013871
v -0.052592 -0.039107 -0.011733
v -0.049857 -0.042732 -0.011117
v 0.057763 -0.018236 0.027658
v -0.032248 -0.050104 0.026932
v 0.019683 0.007651 -0.063161
v -0.020817 0.023577 0.058692
v -0.023860 0.018881 0.059241
v -0.034800 -0.056067 -0.008984
v -0.037297 0.022211 0.050506
v -0.051229 -0.039252 -0.016368
v -0.042402 -0.031140 0.040837
v 0.010486 0.043140 -0.049610
v 0.053113 0.032228 -0.019306
v -0.031177 -0.028978 0.049200
v -0.037055 -0.027495 0.045421
v -0.043253 -0.020728 -0.043953
v 0.050869 -0.010973 -0.041528
v -0.007004 -0.017790 -0.062452
v -0.053229 0.038986 0.009063
v 0.026788 0.033939 0.048609
v -0.052435 -0.007161 -0.040395
v -0.057679 -0.032963 -0.004680
v -0.054330 -0.038369 -0.002912
v -0.049931 -0.038798 0.016656
v -0.041363 0.039853 0.031251
v -0.046783 -0.043310 -0.019256
v -0.021941 -0.026019 -0.057224
v -0.003294 0.018626 -0.063356
v -0.003270 0.018422 -0.062655
v -0.020172 0.023556 0.057567
v 0.061748 0.021828 0.012082
v -0.043953 0.048969 0.010274
v -0.048165 0.025227 0.038447
v -0.016151 -0.060853 -0.021710
v 0.019415 0.011289 0.062697
v 0.022414 0.002784 0.062640
v 0.025428 0.007248 0.061124
v 0.041704 -0.048903 0.010074
v 0.042379 -0.049719 0.010173
v 0.042738 -0.047658 0.018368
v 0.017319 0.023987 0.057940
v 0.021450 -0.037540 0.050638
v 0.039248 0.028566 0.045595
v -0.044056 0.048923 -0.010048
v -0.032580 -0.043879 -0.038057
v 0.033378 0.057513 0.003468
v 0.031723 0.008750 -0.057899
v 0.029286 0.001889 -0.059783
v 0.048476 -0.020694 -0.040707
v 0.046454 -0.042655 0.015964
v 0.046345 -0.044301 0.009014
v -0.056259 0.013756 0.032878
v -0.014393 -0.015586 -0.063128
v -0.052072 -0.030439 0.028195
v -0.049333 -0.034007 0.029069
v 0.014461 0.035353 -0.054555
v -0.031120 0.036977 -0.045821
v -0.042659 0.006465 -0.049134
v -0.043135 0.006529 -0.049684
v -0.000701 0.036649 0.055590
v 0.052569 0.007079 0.040240
v 0.058053 -0.002812 0.032500
v 0.057133 0.000813 0.034211
v -0.037111 -0.002419 0.054669
v -0.030392 -0.003254 0.057429
v 0.030583 -0.021078 -0.055278
v 0.032311 0.016617 -0.055240
v 0.030168 -0.052812 -0.027128
v -0.057764 0.018239 -0.027658
v -0.056569 0.022790 -0.026755
v 0.010255 0.019725 0.061140
v 0.015090 -0.064291 -0.008461
v 0.017809 -0.045781 0.044968
v -0.043539 0.047338 -0.017286
v -0.039847 -0.029736 -0.044262
v 0.043195 -0.024363 0.044435
v 0.001786 -0.027283 0.060715
v 0.030428 -0.055665 0.020267
v -0.056008 0.032137 0.016296
v -0.003046 -0.019265 0.063678
v 0.049229 -0.001217 -0.044811
v 0.017448 0.024994 0.059193
v 0.007716 0.025369 0.061092
v 0.010240 0.020661 0.062456
v 0.007119 -0.063235 -0.013527
v 0.003662 -0.063201 -0.016076
v -0.052111 0.020592 0.033551
v 0.026076 0.050098 0.035245
v 0.031276 0.049366 0.031939
v -0.029288 0.058529 -0.012325
v 0.043793 0.005799 -0.049838
v -0.011491 -0.058554 -0.025917
v 0.000387 0.065080 -0.014134
v 0.007452 0.064640 -0.014131
v 0.011259 0.012852 0.064361
v 0.033042 0.037293 0.041831
v 0.050728 0.011712 0.041493
v 0.039901 0.047951 -0.023295
v 0.032249 0.050104 -0.026933
v -0.025017 -0.003249 0.061608
v 0.053039 -0.005107 0.037761
v 0.012223 0.048244 -0.042413
v 0.007905 -0.061083 -0.021957
v -0.003916 -0.058027 0.029887
v 0.047821 0.018802 -0.039899
v -0.012373 0.049652 -0.042625
v 0.054106 -0.007824 -0.038034
v 0.060092 0.021353 -0.014448
v -0.003947 -0.066404 -0.002970
v -0.015671 -0.007182 -0.063076
v 0.008559 0.060056 0.024193
v 0.061408 -0.011853 -0.022887
v -0.050994 -0.042573 0.004733
v -0.054947 -0.037379 0.003935
v 0.063999 0.013675 -0.012341
v -0.008996 -0.010951 -0.065072
v 0.013481 -0.058712 -0.027256
v 0.019988 -0.054718 -0.031274
v 0.013356 -0.058068 -0.026933
v -0.047218 0.035514 0.028019
v -0.020135 0.000473 -0.063479
v -0.021825 -0.001930 -0.062879
v -0.004679 0.035881 0.055910
v -0.049586 0.002221 -0.044403
v 0.003908 0.059116 0.030405
v -0.007012 0.064837 0.013390
v -0.050058 -0.020418 0.038892
v -0.048369 -0.026211 0.037487
v 0.049274 -0.036354 0.026127
v 0.043065 -0.043402 -0.026398
v -0.017650 -0.024911 -0.059164
v 0.042674 -0.050150 0.009745
v -0.057236 0.016334 0.029860
v -0.004773 -0.037508 -0.054823
v -0.049930 0.010680 0.040315
v 0.037296 -0.022210 -0.050507
v 0.027037 0.039245 0.043830
v 0.044171 0.031585 0.035828
v -0.036205 0.055691 -0.004346
v 0.009038 -0.015126 -0.062970
v -0.006406 -0.054450 -0.037807
v -0.004832 -0.058878 -0.030731
v -0.008604 -0.057822 -0.031902
v 0.007121 0.058436 -0.031141
v 0.010769 0.061503 -0.023168
v 0.053062 -0.026950 -0.029817
v 0.033077 0.057736 0.002475
v -0.060314 -0.025103 -0.002794
v -0.037638 -0.008722 0.054208
v -0.057518 -0.031104 -0.000080
v 0.001197 -0.035903 -0.054638
v 0.000613 0.029243 0.058483
v 0.062400 0.005723 0.018685
v -0.057463 0.017618 -0.027558
v 0.052022 0.038091 0.016609
v 0.051409 -0.037746 0.019169
v 0.024708 0.030336 0.053872
v -0.046135 -0.047999 0.001340
v -0.051048 -0.042725 0.001723
v -0.050997 -0.042751 -0.002641
v -0.018938 -0.056350 -0.029981
v -0.021757 -0.057170 -0.026333
v -0.034262 -0.047107 0.032284
v -0.020787 -0.040989 0.048198
v -0.015277 -0.046287 0.045380
v 0.016932 -0.060400 -0.022368
v 0.019223 -0.062710 -0.011538
v -0.001595 0.066558 0.001655
v -0.012772 0.065301 0.002823
v -0.000084 0.066331 -0.005954
v 0.021674 0.060582 0.017185
v 0.018833 0.061315 0.012711
v -0.004570 0.056613 -0.034775
v 0.007897 0.064130 -0.014026
v 0.046142 0.047992 -0.001312
v 0.040213 0.053073 0.000345
v -0.057092 0.003157 -0.031722
v -0.060944 -0.000620 -0.025637
v 0.034613 -0.027201 -0.048350
v -0.059092 0.008047 0.029643
v -0.061799 -0.006765 0.023883
v -0.061030 0.001043 0.026636
v -0.050031 0.006454 0.043444
v -0.057366 -0.027744 0.019358
v 0.046574 -0.044919 -0.015757
v 0.052055 -0.035121 -0.020698
v 0.032718 -0.054805 -0.019003
v -0.005056 -0.049759 -0.043974
v -0.016573 -0.053905 -0.035423
v -0.018183 -0.054954 -0.029693
v -0.007712 -0.025375 -0.061089
v 0.000916 -0.049120 -0.043152
v -0.001221 -0.054243 -0.036495
v 0.000916 -0.049665 -0.043637
v -0.004362 -0.058569 -0.030371
v -0.001242 -0.054847 -0.036906
v -0.000609 -0.029248 -0.058480
v -0.061885 0.002876 0.020922
v 0.043345 -0.022090 -0.045481
v 0.047250 -0.012391 -0.045268
v 0.012739 -0.012073 -0.064243
v 0.015743 -0.002287 -0.063081
v -0.056302 0.016333 0.028967
v -0.057329 -0.027960 0.014399
v -0.038985 -0.022032 0.049253
v 0.004343 0.065175 0.003031
v 0.034511 -0.044548 -0.033169
v -0.000294 0.062830 -0.022083
v -0.001996 0.059890 -0.029060
v -0.007892 0.052852 -0.038938
v 0.027031 -0.049428 -0.033194
v -0.062020 -0.013772 0.015479
v -0.049532 -0.003196 0.044403
v -0.054556 -0.004229 0.037961
v -0.052385 0.001696 0.041087
v -0.053899 0.006465 0.038580
v -0.044620 -0.006531 0.049006
v -0.054897 -0.015677 0.034290
v -0.057960 -0.012833 0.030186
v -0.056457 -0.009310 0.034076
v -0.057727 -0.004301 0.032930
v -0.047094 -0.026136 0.036489
v -0.053117 -0.022356 0.033378
v -0.047877 -0.026518 0.037097
v -0.051623 -0.011394 0.040504
v -0.045050 -0.020635 0.044497
v -0.037659 -0.015115 0.050849
v 0.049466 0.034514 0.028179
v -0.049706 -0.027554 0.031661
v 0.037218 0.051622 0.019628
v 0.032955 0.054685 0.018943
v 0.040131 0.050972 0.015056
v 0.038614 0.047302 0.026585
v 0.027261 0.053503 0.028802
v 0.028176 0.055838 0.022882
v 0.039538 0.041714 0.033645
v -0.036386 0.052676 -0.018236
v -0.029604 0.056402 -0.019436
v 0.048697 0.033394 0.027310
v 0.049282 0.036552 0.021624
v 0.045262 0.038109 0.030567
v 0.045786 0.041925 0.024109
v 0.042392 0.047605 0.019284
v 0.049322 0.042977 0.012474
v -0.036146 0.052955 -0.011026
v -0.036561 0.052056 -0.018031
v -0.011199 0.065561 -0.003411
v -0.015324 0.064362 -0.007613
v -0.017083 0.064365 -0.000812
v -0.022569 0.062528 -0.004025
v -0.020888 0.061854 -0.013157
v -0.009640 0.063327 -0.018223
v -0.015477 0.061808 -0.019377
v -0.009525 0.065234 -0.009438
v -0.008343 0.064592 -0.013914
v -0.011465 0.061134 -0.023800
v -0.022800 0.058690 -0.021701
v -0.014991 0.053965 -0.033098
v -0.018724 0.054567 -0.030070
v 0.025500 -0.009011 -0.060859
v 0.040199 -0.008573 -0.052400
v 0.033498 -0.014010 -0.055829
v 0.030140 -0.011983 -0.058165
v 0.030393 -0.006180 -0.058935
v 0.024984 -0.002742 -0.061673
v 0.023079 0.004713 -0.060642
v 0.036625 -0.001982 -0.055587
v -0.039158 -0.040731 -0.035196
v 0.044027 -0.001710 -0.049939
v 0.045580 -0.007761 -0.047932
v -0.025640 -0.033838 -0.051311
v -0.020235 -0.032155 -0.054698
v -0.014622 -0.035108 -0.054671
v -0.015993 -0.029603 -0.057473
v -0.023942 0.055888 -0.027115
v -0.018627 -0.038066 -0.051374
v -0.014982 -0.050538 -0.040703
v -0.018831 -0.046970 -0.043295
v -0.012112 -0.043678 -0.048793
v -0.013303 -0.046793 -0.045483
v -0.016152 -0.043164 -0.048075
v -0.020666 -0.050851 -0.037714
v 0.030214 -0.059221 0.003886
v 0.036558 -0.055609 0.002507
v 0.044707 -0.048038 -0.011347
v 0.041763 -0.048970 -0.017115
v 0.039266 -0.052257 -0.012748
v 0.035434 -0.056014 -0.006488
v 0.023017 0.056496 0.026716
v 0.044852 0.047240 0.013854
v 0.051002 0.042745 0.002643
v 0.041096 0.052087 0.005781
v 0.036398 0.053428 0.015999
v 0.031118 -0.036975 0.045823
v 0.047194 -0.034594 0.031798
v -0.058881 0.029297 0.010491
v 0.020912 0.047887 -0.041289
v 0.018735 0.051054 -0.038428
v 0.015275 0.046289 -0.045380
v 0.048764 0.033670 -0.030392
v 0.046160 0.041491 -0.024146
v 0.045899 0.043980 -0.019828
v 0.050850 0.039311 -0.017415
v 0.040657 0.044780 -0.027876
v 0.044237 0.037002 -0.033304
v 0.035699 0.041789 -0.037610
v 0.034262 0.047109 -0.032283
v -0.055658 0.032388 -0.016983
v -0.057138 0.032431 -0.010897
v -0.061252 -0.000999 -0.026105
v -0.058049 0.002793 -0.032511
v -0.060099 -0.027626 -0.007757
v 0.007794 -0.051973 0.038345
v 0.024189 -0.041514 0.046116
v 0.029957 -0.045201 0.038660
v 0.032062 0.003572 0.058262
v 0.038661 0.000527 0.054225
v 0.043778 0.008349 0.049487
v -0.003748 -0.040811 0.052486
v 0.003271 -0.018423 0.062655
v 0.022071 0.020699 0.059327
v 0.014398 0.015580 0.063129
v 0.027054 0.016895 0.058463
v -0.004204 -0.004074 0.066340
v 0.002749 -0.010025 0.064557
v -0.060042 0.016427 -0.020021
v -0.061679 -0.009765 -0.023144
v -0.062337 -0.015724 -0.017383
v -0.057133 -0.000810 -0.034212
v -0.058623 -0.023880 -0.020697
v -0.059239 -0.019965 -0.022967
v -0.015835 0.002422 0.063053
v -0.008735 0.007528 0.065106
v -0.008620 0.007447 0.064051
v 0.018180 0.050424 -0.037452
v 0.014335 -0.041747 0.048242
v 0.028114 -0.031362 0.050016
v 0.008778 -0.046524 0.045101
v -0.014718 -0.019260 0.062030
v -0.011648 -0.015110 0.063806
v -0.011914 -0.023652 0.061105
v -0.024173 -0.009380 0.061343
v -0.017137 -0.013240 0.062978
v -0.018694 -0.006474 0.063591
v -0.030966 -0.017106 0.056425
v -0.022689 -0.018435 0.059838
v 0.044987 0.025703 0.041842
v -0.031386 -0.023975 0.053622
v -0.019446 -0.030526 0.055904
v -0.017494 -0.024690 0.059326
v -0.024703 -0.026600 0.055834
v -0.015396 -0.034277 0.054985
v 0.038828 0.034636 0.039052
v 0.027918 0.034490 0.049630
v 0.038006 0.021045 0.050476
v 0.038849 0.009367 0.053275
v 0.031883 0.018646 0.055417
v 0.034952 0.010216 0.055761
v 0.036168 0.013839 0.054181
v 0.046800 0.012564 0.045686
v 0.030754 0.026347 0.052871
v -0.037340 0.052055 -0.018088
v 0.049928 0.011361 0.040130
v -0.053788 0.036889 -0.013468
v -0.057853 0.032388 -0.006278
v -0.053634 0.039443 -0.001704
v -0.055393 0.036815 0.003406
v -0.045242 0.046361 0.006017
v -0.043350 0.050479 -0.002818
v -0.041927 0.045494 -0.023327
v -0.048680 0.041856 -0.017709
v -0.049662 0.036192 -0.025618
v -0.050434 0.042635 -0.008599
v -0.051836 0.036604 -0.020211
v -0.053647 0.032006 -0.023083
v 0.022040 0.040210 -0.048298
v 0.026247 0.036598 -0.049061
v 0.031848 0.037498 -0.044888
v 0.032178 0.041731 -0.040723
v 0.039468 0.039925 -0.035827
v 0.046830 0.031567 -0.035295
v 0.041642 0.035096 -0.038334
v 0.038463 0.023797 -0.048884
v 0.044281 0.021762 -0.044731
v 0.037657 0.015118 -0.050850
v -0.038722 -0.039569 -0.034165
v 0.030204 0.031512 -0.050299
v 0.037685 0.031813 -0.044755
v 0.032209 0.024715 -0.052792
v -0.040079 -0.040259 -0.034699
v 0.051277 0.029184 -0.027410
v -0.050604 -0.021050 -0.037834
v -0.052552 -0.026882 -0.030837
v -0.045790 -0.026021 -0.040761
v 0.030870 -0.057594 0.012689
v 0.025076 -0.058364 0.019919
v -0.047845 -0.038657 -0.021185
v -0.055647 -0.028186 -0.023327
v -0.050899 -0.034434 -0.025668
v -0.053809 -0.033895 -0.019773
v -0.057281 -0.029031 -0.017646
v 0.024209 -0.052927 0.032369
v 0.019843 -0.052385 0.036017
v 0.021949 -0.055710 0.025434
v 0.023997 -0.057262 0.019427
v 0.035886 -0.048473 0.028243
v 0.034445 -0.044513 0.035600
v 0.039853 -0.042480 0.032285
v 0.042440 -0.037692 0.034833
v 0.025092 -0.048976 0.037509
v 0.047137 -0.044015 0.016516
v 0.047819 -0.040589 0.022308
v 0.043342 -0.043997 0.024918
v 0.045234 -0.039251 0.029126
v 0.048518 -0.035235 0.025233
v 0.028302 -0.053780 0.027238
v 0.036145 -0.052955 0.011026
v -0.031874 -0.029186 0.050640
v 0.005833 0.031186 0.058555
v 0.004776 0.037507 0.054824
v -0.009139 0.015282 0.063677
v -0.009033 0.015119 0.062973
v -0.014058 0.019700 0.060746
v -0.014633 0.019681 0.061909
v -0.017785 0.015823 0.062198
v -0.017811 0.045782 -0.044967
v -0.007955 0.052795 -0.039003
v -0.028152 0.046467 -0.038518
v -0.024191 0.041515 -0.046115
v -0.038661 -0.000526 -0.054225
v -0.040620 -0.008685 -0.052056
v -0.044582 0.001483 -0.049453
v -0.052479 0.001498 -0.038419
v 0.000019 0.034225 -0.055717
v -0.001813 0.027285 -0.060715
v 0.003246 0.040237 -0.051441
v -0.016275 -0.007678 -0.064112
v -0.010250 -0.019732 -0.061138
v -0.017411 -0.023853 -0.057967
v -0.019412 -0.011293 -0.062697
v -0.029935 -0.014153 -0.057783
v -0.035448 -0.011513 -0.055192
v -0.032063 -0.003573 -0.058262
v -0.025428 -0.007251 -0.061124
v 0.004207 0.004070 -0.066340
v -0.001000 0.002361 -0.065339
v 0.011794 -0.065426 -0.003933
v 0.009852 -0.065462 0.007265
v -0.020916 -0.047886 0.041288
v -0.027427 -0.048190 0.036888
v -0.035946 -0.040673 0.038585
v -0.025075 -0.042078 0.045122
v -0.018835 -0.061314 -0.012711
v -0.025532 -0.059737 -0.007439
v -0.028075 -0.058998 -0.012893
v -0.019051 -0.061996 -0.012858
v -0.008494 -0.060350 -0.023624
v -0.050684 -0.037533 0.021395
v -0.041152 -0.039164 0.034756
v -0.040654 -0.044781 0.027877
v -0.050119 -0.041941 0.002176
v -0.045758 -0.047694 0.001811
v 0.051925 -0.023268 0.031538
v 0.049945 -0.031250 0.027589
v 0.052805 -0.023634 0.032012
v 0.061087 -0.023285 0.012705
v 0.056811 -0.032201 0.013070
v 0.057009 -0.033788 0.006593
v 0.061798 0.006766 -0.023884
v 0.051514 -0.017572 -0.035635
v 0.056850 0.020591 -0.027917
v 0.055110 0.025544 -0.027307
v 0.059740 0.021593 -0.020003
v 0.061310 0.014520 -0.021576
v 0.060316 0.025096 0.002795
v -0.048387 0.006652 -0.043477
v -0.048927 0.006722 -0.043964
v -0.021677 -0.060580 -0.017185
v -0.036674 -0.052815 -0.017343
v -0.031144 -0.055322 -0.020119
v -0.025962 -0.056862 -0.022976
v 0.007000 -0.064839 -0.013377
v -0.000405 -0.065808 -0.010162
v -0.046198 -0.046437 -0.012022
v -0.041093 -0.052088 -0.005781
v -0.000222 -0.055170 0.036442
v -0.018181 -0.050423 0.037452
v -0.012225 -0.048242 0.042414
v 0.004308 0.057925 0.030031
v 0.060760 0.021592 -0.014619
v 0.013406 0.001954 -0.065205
v 0.011848 0.013025 -0.064228
v -0.048091 0.020956 -0.039037
v 0.003691 0.027022 -0.060757
v 0.012239 0.025697 -0.060209
v 0.003047 0.019265 -0.063678
v 0.010523 0.042479 -0.048137
v 0.017036 0.037511 -0.050349
v -0.027031 0.049429 0.033194
v 0.062573 -0.002901 -0.021164
v 0.056301 -0.016331 -0.028968
v 0.052472 -0.020694 -0.033028
v -0.043345 0.022093 0.045480
v -0.039265 0.013898 0.051965
v -0.043880 0.014403 0.047983
v -0.051515 0.017575 0.035633
v 0.060042 -0.016425 0.020022
v 0.062918 -0.016466 0.011913
v 0.062969 -0.017371 0.002951
v -0.013357 0.058069 0.026932
v 0.062001 -0.020027 -0.005521
v 0.063669 -0.017578 0.002987
v 0.062690 -0.020263 -0.005575
v -0.039098 -0.047352 0.022470
v -0.045026 -0.043425 0.019044
v -0.000829 -0.064589 -0.010163
v -0.006872 -0.064826 0.005103
v -0.004345 -0.065174 -0.003031
v -0.007824 -0.063419 0.013871
v -0.012734 0.012067 0.064246
v -0.023263 0.009364 0.061696
v -0.028411 0.011240 0.059176
v -0.030584 0.021077 0.055278
v -0.026346 0.002111 0.061128
v -0.022333 0.004083 0.062609
v -0.020370 0.000166 0.063388
v -0.024514 -0.002610 0.060205
v -0.027630 0.004838 0.060402
v -0.031155 0.005306 0.058622
v -0.025548 0.006958 0.061108
v -0.034001 0.012598 0.055862
v -0.031344 0.001538 0.058741
v -0.050593 -0.028657 0.032437
v -0.043497 0.011347 0.049138
v -0.039517 0.010805 0.052507
v -0.040039 0.007480 0.052690
v -0.034934 0.009478 0.055902
v -0.048646 0.006759 0.042665
v -0.042034 -0.000406 0.049652
v -0.042918 0.008576 0.050198
v -0.044891 0.006644 0.048744
v -0.035798 0.006044 0.055832
v -0.041332 0.003982 0.052068
v -0.037299 -0.001959 0.055119
v -0.036596 0.002233 0.055597
v -0.020746 -0.034609 0.051031
v -0.023694 -0.038379 0.048999
v -0.027517 -0.035705 0.049023
v -0.037090 -0.035299 0.042586
v -0.031971 -0.030092 0.050054
v -0.021107 -0.035197 0.051840
v -0.025402 -0.031430 0.050982
v -0.027068 -0.039668 0.046141
v -0.028963 -0.037426 0.046858
v -0.030335 -0.041833 0.042012
v -0.031574 -0.039338 0.043484
v -0.032463 -0.036578 0.045204
v 0.016902 0.050634 0.039822
v 0.015622 0.054712 0.034610
v 0.018214 0.056064 0.030952
v 0.018719 0.052716 0.036137
v 0.019398 0.049110 0.040586
v 0.013594 0.048281 0.043812
v 0.014055 0.052087 0.039047
v 0.016586 0.047298 0.043853
v 0.021580 0.049880 0.038491
v 0.023321 0.046036 0.042096
v 0.023836 0.041541 0.046276
v 0.054012 0.012166 0.037013
v 0.016539 0.034334 0.054616
v 0.016751 0.043097 0.047930
v 0.019638 0.038345 0.050787
v 0.013581 0.043548 0.048522
v 0.013372 0.038418 0.052731
v 0.021207 0.033042 0.053794
v 0.019091 0.035228 0.053196
v 0.024554 0.029306 0.052636
v 0.023123 0.036966 0.050340
v 0.020154 0.042439 0.047202
v 0.027772 0.040367 0.045082
v 0.018355 0.055804 0.030345
v 0.051784 0.037645 0.011559
v -0.014454 0.062910 0.008107
v 0.049970 0.028982 0.033108
v 0.052704 0.026736 0.030705
v 0.052914 0.030859 0.026135
v 0.050185 0.033822 0.027759
v 0.056200 0.030546 0.018540
v 0.055016 0.030874 0.021337
v 0.057415 0.030005 0.015444
v 0.056915 0.022616 0.026161
v 0.055113 0.028333 0.024393
v 0.054996 0.024599 0.028382
v 0.058538 0.020784 0.024012
v 0.056892 0.026723 0.022009
v -0.042689 0.048839 0.015091
v -0.046064 0.046180 0.013446
v -0.048677 0.044230 0.010358
v -0.039041 0.052693 0.011600
v -0.040252 0.052450 0.008006
v -0.034700 0.055853 0.010569
v -0.021614 0.052972 -0.034090
v -0.027435 0.058406 0.016474
v -0.033947 0.055534 0.014104
v -0.028915 0.058458 0.013487
v -0.029979 0.058587 0.010203
v -0.033142 0.055080 0.017411
v -0.021045 0.062454 0.009586
v -0.024375 0.060751 0.012267
v -0.017933 0.062964 0.012219
v -0.026409 0.060315 0.009996
v -0.048316 0.035319 -0.025505
v -0.043900 0.035774 -0.035047
v -0.042570 0.040741 -0.031037
v -0.035856 0.048380 -0.028443
v -0.039601 0.043352 -0.031428
v -0.042057 0.045681 -0.024033
v -0.045627 0.039938 -0.023569
v -0.043314 0.038416 -0.032914
v -0.035253 0.046631 -0.031908
v 0.019581 0.000989 -0.063629
v 0.017571 0.009899 -0.063471
v 0.014894 0.013647 -0.063460
v 0.012135 0.019438 -0.062532
v 0.021663 0.012643 -0.061694
v 0.022453 0.018487 -0.059911
v 0.012798 0.031134 -0.057465
v 0.015321 0.019256 -0.061885
v 0.018745 0.018940 -0.061034
v 0.017530 0.032887 -0.055194
v 0.023858 0.030059 -0.052532
v 0.025801 0.024188 -0.054604
v 0.022018 0.024314 -0.057960
v 0.018477 0.024110 -0.059267
v 0.019470 0.000579 -0.062072
v 0.052056 -0.000246 -0.041537
v 0.053008 -0.004567 -0.040057
v 0.050030 -0.010585 -0.040215
v 0.054926 -0.001146 -0.037643
v 0.051723 0.005292 -0.041617
v 0.051778 0.011315 -0.040326
v 0.048877 0.005323 -0.044897
v 0.048853 -0.006569 -0.042457
v 0.053758 0.001099 -0.039295
v 0.056151 -0.003451 -0.035642
v 0.056124 0.009427 -0.034590
v 0.054019 0.004997 -0.038629
v 0.057809 0.008642 -0.031916
v 0.055852 0.003771 -0.036078
v -0.048038 -0.009762 -0.045081
v -0.048947 -0.005890 -0.044775
v -0.041377 -0.014822 -0.050035
v -0.044767 -0.009812 -0.048321
v -0.045137 -0.006550 -0.048529
v -0.046125 -0.013921 -0.045978
v -0.022594 -0.053925 -0.031852
v -0.027278 -0.050982 -0.033011
v -0.027097 -0.018865 -0.057837
v -0.031494 -0.016527 -0.056305
v -0.025989 -0.027204 -0.053074
v -0.023905 -0.022122 -0.058090
v -0.032316 -0.027007 -0.050972
v -0.026428 -0.027610 -0.053954
v -0.032632 -0.019307 -0.054751
v -0.032803 -0.022785 -0.053292
v -0.037979 -0.020821 -0.050590
v -0.037208 -0.017455 -0.052404
v -0.032575 -0.026752 -0.051539
v -0.050974 -0.006726 -0.039859
v -0.048807 -0.042741 -0.015042
v -0.051686 -0.037789 -0.011529
v -0.050329 -0.037932 -0.016140
v 0.051120 -0.042574 -0.003067
v 0.050643 -0.043180 0.002444
v -0.042120 -0.047368 -0.020430
v -0.043236 -0.045039 -0.023182
v -0.037947 -0.049577 -0.023181
v -0.038565 -0.047450 -0.026392
v -0.045640 -0.046017 -0.015319
v -0.041792 -0.049826 -0.014355
v 0.050581 -0.042468 0.008561
v 0.053164 -0.037905 0.013114
v 0.050799 -0.040580 0.014419
v 0.054406 -0.033961 0.017937
v 0.055160 -0.036611 0.007230
v 0.055819 -0.030987 0.018954
v 0.055129 -0.035073 0.012877
v 0.013057 -0.064822 0.007923
v 0.019985 -0.063121 0.007173
v 0.016415 -0.064031 0.008110
v 0.018060 -0.062304 -0.004924
v 0.021610 -0.061359 -0.000585
v 0.018083 -0.064063 0.002029
v 0.013281 -0.065203 0.002710
v 0.015066 -0.064853 -0.001517
v 0.018513 -0.054753 0.029861
v 0.013372 -0.063791 0.013675
v 0.016554 -0.061718 0.018761
v 0.009992 -0.064371 0.013845
v 0.010022 -0.062635 0.020287
v 0.015449 -0.058468 0.027893
v 0.010563 -0.060423 0.025935
v 0.013561 -0.060529 0.024238
v 0.020141 -0.060522 0.019148
v 0.016905 -0.062995 0.013456
v 0.020673 -0.061921 0.013174
v -0.001810 0.042758 0.049439
v 0.057038 0.011333 0.032456
v 0.060102 0.027620 0.007757
v 0.055633 0.034269 0.012879
v 0.054301 0.037610 0.002936
v 0.062336 0.015725 0.017384
v 0.058354 0.025561 0.019408
v 0.015611 0.006921 0.064362
v -0.060844 0.010733 0.024840
v 0.017696 0.063308 0.010685
v 0.003914 0.058028 -0.029886
v 0.006871 0.064827 -0.005103
v -0.046211 0.002688 0.045713
v 0.018080 0.054917 0.029825
v 0.021616 0.052461 0.031827
v -0.018264 0.062224 0.005196
v 0.021005 0.026156 0.055740
v -0.049310 0.040239 0.013483
v -0.038216 -0.015376 0.051717
v 0.017083 0.053084 -0.036407
v -0.039070 -0.029814 -0.044229
v 0.007681 -0.062118 -0.022725
v -0.032234 -0.046599 -0.031966
v 0.045256 0.047164 -0.001799
v 0.042341 -0.023530 0.043923
v 0.001004 -0.002366 0.065338
v 0.001005 -0.002395 0.066068
v 0.045031 0.043420 -0.019043
v 0.045536 0.043899 -0.019264
v 0.032315 0.016746 -0.055199
v 0.038273 0.015432 -0.051658
v 0.003286 0.023132 0.061073
v 0.001461 -0.050038 -0.043907
v 0.024037 -0.058812 0.012455
v 0.020174 -0.023559 -0.057565
v 0.048305 0.012409 -0.043410
v 0.035565 -0.026973 0.047783
v 0.046783 -0.044985 -0.004468
v -0.049728 -0.011276 -0.040403
v 0.030175 -0.056403 0.011852
v 0.041589 -0.029530 -0.042819
v -0.038331 -0.015348 0.051641
v 0.010683 0.012294 0.063328
v -0.001126 -0.041817 0.051819
v -0.037881 -0.027680 0.046590
v -0.058776 -0.028840 0.012201
v 0.036736 -0.053803 0.011275
v -0.062311 -0.018615 -0.006828
v -0.039178 -0.029758 -0.044171
v 0.020534 0.034427 -0.051240
v 0.012773 -0.040688 0.051152
v 0.049077 -0.009162 0.044076
v -0.063682 -0.005461 -0.018670
v -0.064398 -0.003454 -0.016620
v -0.061500 -0.000203 -0.025532
v -0.061903 0.013539 -0.020495
v -0.000112 -0.029628 -0.059634
v 0.014062 -0.019706 -0.060743
v -0.036794 0.053781 -0.011197
v 0.050730 -0.031783 0.028070
v 0.001810 -0.042758 -0.049438
v 0.041917 -0.026806 -0.043544
v 0.034993 -0.027536 -0.048877
v -0.056223 0.027481 0.018962
v 0.034991 -0.045117 -0.034256
v 0.047217 -0.035512 -0.028020
v -0.060089 -0.021359 0.014450
v 0.047960 -0.034525 -0.030709
v 0.048568 0.019128 -0.040583
v 0.055461 0.036762 -0.001932
v -0.002947 0.063855 0.016873
v 0.007044 0.045052 -0.047844
v 0.004589 -0.010375 -0.065132
v 0.053522 -0.021405 -0.033284
v -0.007389 -0.046185 0.047360
v 0.002615 -0.064434 -0.016490
v 0.053518 -0.018744 0.033989
v 0.054174 -0.018780 0.033808
v 0.003641 -0.051187 0.041682
v -0.054745 -0.037010 0.002038
v -0.007916 -0.061109 -0.023957
v -0.006313 -0.017466 -0.063451
v 0.054435 0.037458 -0.001614
v 0.008309 0.061626 0.023745
v -0.053724 0.019093 -0.033430
v -0.052978 0.031525 0.023831
v -0.002882 0.063881 0.016784
v -0.002617 0.064435 0.016489
v 0.054584 0.034220 -0.014850
v 0.007383 0.046190 -0.047357
v 0.004971 -0.010931 -0.065474
v -0.004345 0.010015 0.065665
v -0.052863 0.021578 0.033330
v 0.052795 -0.021635 -0.033399
v -0.006920 -0.045573 0.047393
v -0.006705 -0.045581 0.048041
v 0.003625 -0.063778 -0.016956
v 0.052738 -0.031995 -0.025010
v 0.053452 -0.018770 0.034077
v -0.055455 -0.036770 0.001934
v -0.053791 0.006102 -0.037950
v -0.054449 0.005971 -0.037820
v -0.053040 0.005110 -0.037761
v -0.008562 -0.060054 -0.024194
v -0.053851 -0.037020 0.001574
v 0.003758 -0.051003 0.040705
v 0.004402 -0.050866 0.040736
v 0.003644 -0.050596 0.041250
v 0.052549 -0.019130 0.033838
v 0.052361 -0.031214 -0.023586
v 0.051997 -0.031761 -0.023532
v 0.052139 -0.031129 -0.024233
v 0.052245 -0.021359 -0.033003
v -0.051906 0.021202 0.033596
v -0.004726 0.009611 0.064484
v 0.007575 0.045080 -0.046722
v 0.007631 0.044574 -0.047119
v -0.002892 0.063165 0.016636
v -0.003761 0.051005 -0.040704
v -0.052894 0.018564 -0.033653
v 0.006230 0.017310 0.062741
v 0.006914 0.017182 0.062688
v 0.007942 0.060131 0.024365
v 0.052839 -0.005643 0.038061
v -0.006901 -0.018625 -0.063535
v -0.008441 -0.061060 -0.025123
v 0.003748 -0.063960 -0.016305
v 0.052721 -0.020861 -0.034004
v 0.052770 -0.021244 -0.034565
v -0.052783 0.020809 0.033940
v -0.054532 -0.033885 0.015782
v 0.008626 0.061032 0.023857
v -0.037893 -0.002860 0.054632
v -0.038636 -0.027257 0.046829
v 0.028059 0.040312 0.044227
v 0.049261 0.029916 0.033271
v -0.035364 0.055806 0.001862
v -0.036148 0.050139 -0.023415
v 0.026700 0.017169 -0.057971
v 0.047900 0.012479 -0.043803
v 0.048235 0.011902 -0.043589
v 0.046954 -0.045683 0.008755
v 0.024991 -0.059969 0.012143
v -0.054380 0.005028 -0.038058
v -0.055373 -0.036935 0.000899
v -0.007073 -0.045037 0.047854
v -0.007484 -0.045102 0.048379
v 0.007700 0.045600 -0.047220
v -0.054064 0.019698 -0.033463
v 0.007521 0.017716 0.063724
v 0.049240 0.028642 0.033517
v -0.036593 0.055564 0.001520
v 0.027373 0.018271 -0.057841
v -0.038868 -0.024475 -0.047524
v -0.038560 -0.025100 -0.047454
v 0.046937 -0.046107 0.009981
v 0.025640 -0.059960 0.013266
v 0.025005 -0.059740 0.013196
v -0.053663 0.005173 -0.038270
v 0.004436 -0.051518 0.041194
v 0.054064 -0.019696 0.033463
v 0.052972 -0.031549 -0.023809
v 0.053320 -0.032089 -0.023619
v 0.003688 -0.063984 -0.016224
v -0.052774 0.021267 0.034548
v -0.005350 0.010525 0.065034
v -0.003654 0.063784 0.016932
v -0.053348 0.019691 -0.033721
v 0.006907 0.018617 0.063536
v 0.008645 0.060780 0.024537
v 0.053722 -0.005146 0.038189
v 0.053938 -0.012230 0.036232
v 0.054599 -0.012181 0.036076
v 0.054448 -0.005968 0.037820
v 0.055574 0.036461 -0.003744
v 0.002678 0.062735 0.020711
v 0.006233 0.061877 0.023742
v 0.007633 0.061368 0.024625
v 0.004747 0.016585 0.063829
v 0.006264 0.017538 0.063436
v -0.053700 0.017166 -0.035397
v -0.053636 0.016925 -0.034763
v -0.004054 0.051206 -0.042332
v -0.052895 0.030586 0.026418
v -0.052737 0.032007 0.024998
v -0.052689 0.031500 0.024545
v -0.003288 0.064172 0.017371
v -0.001648 0.063921 0.018513
v 0.055000 0.035708 -0.008469
v 0.054798 0.034614 -0.013069
v 0.005306 0.046431 -0.047406
v 0.002824 -0.011048 -0.065588
v 0.003068 -0.011397 -0.065058
v 0.000538 0.014576 0.064953
v -0.003440 0.011950 0.065401
v -0.003118 0.011470 0.065042
v -0.004965 0.010923 0.065476
v -0.054825 -0.035349 0.013285
v -0.054666 -0.034870 0.015060
v -0.053062 0.026952 0.029816
v -0.052795 0.021638 0.033398
v -0.008628 -0.061030 -0.023859
v -0.013165 -0.062103 -0.018483
v -0.026180 -0.060700 -0.008005
v 0.053750 -0.026336 -0.029125
v 0.052862 -0.021575 -0.033331
v -0.005990 -0.047037 0.046721
v -0.006988 -0.045633 0.047325
v -0.002751 -0.062762 -0.020617
v -0.003078 -0.063300 -0.020360
v 0.000984 -0.064185 -0.017621
v 0.053417 -0.031399 -0.024316
v 0.053702 -0.016896 0.034674
v 0.054361 -0.016898 0.034504
v 0.001769 -0.051107 0.042616
v 0.002055 -0.050490 0.042640
v 0.003372 -0.051811 0.041649
v -0.019411 -0.062288 -0.013325
v -0.055026 -0.036460 0.008632
v -0.054835 -0.037679 0.002123
v -0.008311 -0.061625 -0.023747
v -0.004797 -0.016512 -0.063845
v -0.005130 -0.016222 -0.064361
v -0.053817 0.007789 -0.037614
v -0.053932 0.012451 -0.036977
v -0.053882 0.007931 -0.038277
v -0.053726 0.006129 -0.038038
v -0.002403 0.043500 0.050354
v -0.001768 0.036458 0.055690
v -0.001241 0.036297 0.055252
v -0.001866 0.043237 0.049989
v 0.000095 0.029616 0.059640
v 0.003298 0.023379 0.061761
v 0.007988 0.060795 0.024668
v -0.001320 -0.065731 -0.010571
v -0.000862 -0.065307 -0.010293
v -0.007550 -0.065956 0.005120
v -0.004945 -0.066324 -0.003235
v -0.002837 0.018801 -0.063815
v 0.060843 -0.010731 -0.024840
v -0.047748 0.035891 0.028352
v -0.042042 0.040312 0.032270
v -0.034996 0.045125 0.034242
v -0.035957 0.027244 -0.048339
v -0.028427 0.031541 -0.051287
v -0.043046 0.023519 -0.045031
v -0.048631 0.021163 -0.039484
v -0.053108 0.019340 -0.034262
v -0.042815 0.023765 -0.044428
v -0.048969 0.020877 -0.040005
v -0.050490 -0.039241 0.016816
v -0.054249 -0.034469 0.015418
v 0.064266 -0.017166 0.002890
v 0.060830 -0.023551 -0.013375
v -0.020971 0.036869 -0.051326
v 0.003286 0.040684 -0.052018
v -0.002270 0.027109 -0.060264
v 0.061312 0.021760 -0.014189
v 0.063296 0.013966 -0.015241
v 0.058475 0.028547 -0.014142
v -0.012341 -0.048797 0.042876
v -0.032693 -0.051332 0.027015
v -0.007693 0.062122 0.022714
v 0.057966 -0.017276 0.027849
v 0.061270 -0.016214 0.020418
v 0.057430 -0.016960 -0.029129
v 0.064028 0.005425 -0.017452
v 0.053817 -0.007786 0.037614
v 0.053725 -0.006126 0.038039
v 0.055032 0.036451 -0.008630
v 0.054841 0.037670 -0.002121
v 0.006528 0.061616 0.023078
v 0.007914 0.061110 0.023955
v 0.006894 0.062143 0.022849
v 0.004802 0.016504 0.063846
v -0.054600 0.012183 -0.036076
v -0.053939 0.012233 -0.036231
v -0.054174 0.018782 -0.033808
v -0.020403 0.023808 0.058213
v -0.027519 0.026517 0.053957
v -0.005810 0.010346 0.065501
v -0.009560 0.015061 0.064157
v -0.014220 0.019912 0.061426
v -0.018253 -0.051665 0.037836
v -0.048232 0.024386 0.038903
v -0.027939 0.026287 0.054428
v -0.041920 0.026774 0.043562
v -0.035001 0.027496 0.048895
v -0.002057 0.050492 -0.042639
v -0.001771 0.051109 -0.042615
v -0.003644 0.051188 -0.041681
v -0.003374 0.051813 -0.041649
v -0.053750 0.026338 0.029124
v -0.053577 0.029978 0.025732
v -0.001269 0.063636 0.017905
v 0.054831 0.035341 -0.013283
v 0.001896 0.048551 -0.044844
v 0.002227 0.049146 -0.044841
v 0.005988 0.047039 -0.046720
v -0.000532 -0.014584 -0.064951
v 0.003446 -0.011958 -0.065399
v -0.004583 0.010366 0.065134
v -0.055651 -0.035544 0.008442
v -0.054994 -0.035717 0.008471
v -0.055446 -0.034439 0.013095
v -0.053523 0.021407 0.033282
v 0.052906 -0.022971 -0.032327
v 0.053013 -0.026507 -0.029303
v 0.052955 -0.023375 -0.032873
v 0.001645 -0.063920 -0.018514
v 0.001333 -0.063609 -0.017996
v 0.003274 -0.064169 -0.017380
v 0.002945 -0.063854 -0.016874
v 0.052845 -0.030102 -0.025941
v 0.052688 -0.031498 -0.024546
v 0.052894 -0.030584 -0.026419
v 0.053932 -0.012448 0.036977
v 0.053700 -0.017163 0.035397
v 0.053515 -0.019044 0.034698
v 0.053636 -0.016923 0.034764
v 0.002124 -0.050429 0.042709
v -0.054913 -0.036630 0.003827
v -0.055568 -0.036469 0.003745
v -0.006235 -0.061876 -0.023743
v -0.002411 -0.063032 -0.021261
v -0.006464 -0.061588 -0.023169
v -0.004509 -0.017132 -0.064172
v -0.006031 -0.018088 -0.063777
v -0.054544 0.007666 -0.037384
v -0.021951 -0.002320 -0.062327
v -0.053790 0.006235 -0.038710
v -0.028980 0.001953 -0.059398
v -0.028954 0.002405 -0.059912
v 0.063579 0.018686 0.006500
v 0.061528 0.025353 0.002360
v 0.058654 0.031525 -0.000425
v 0.058168 0.031437 0.000056
v 0.057733 -0.003217 0.032067
v 0.021827 0.001926 0.062878
v 0.053789 -0.006232 0.038711
v 0.060950 0.000586 0.025621
v -0.033075 -0.057736 -0.002474
v -0.040003 -0.053226 0.000692
v -0.051036 -0.042686 0.002749
v -0.012916 -0.062717 -0.018279
v -0.018907 -0.062605 -0.012540
v -0.054832 -0.033616 0.015240
v -0.055287 -0.033963 0.014865
v 0.036346 -0.004982 0.055008
v 0.043335 -0.007086 0.050060
v 0.043132 -0.006566 0.049682
v 0.036432 -0.005477 0.055466
v -0.002811 0.010129 -0.065279
v -0.001040 0.002377 -0.066069
v -0.061310 -0.021767 0.014190
v 0.048969 -0.020888 0.039999
v -0.058471 -0.028555 0.014144
v 0.036079 -0.027054 0.048988
v 0.052343 -0.032089 -0.024471
v 0.043048 -0.023529 0.045023
v 0.001635 -0.004349 -0.065956
v 0.004746 -0.009700 -0.065209
v -0.000010 0.034618 -0.056333
v 0.004063 -0.051210 0.042326
v 0.004390 -0.051027 0.041777
v 0.008589 -0.047153 0.046227
v 0.048070 -0.035847 -0.028955
v 0.042039 -0.040302 -0.032284
v -0.002824 0.027338 -0.060650
v -0.020243 0.024431 0.058541
v -0.027467 0.027185 0.054223
v -0.008801 0.015750 0.064100
v -0.013964 0.020465 0.061808
v -0.047854 0.024636 0.038404
v -0.052843 0.022014 0.033966
v -0.042115 0.027439 0.043676
v -0.057348 0.027583 0.019611
v 0.008854 -0.047034 0.045620
v -0.035070 0.028178 0.049091
v 0.020977 -0.036878 0.051317
v -0.052549 0.019132 -0.033838
v 0.014298 -0.042230 0.049458
v -0.063685 0.017526 -0.002975
v -0.062703 0.020218 0.005599
v -0.060831 0.023553 0.013374
v 0.005329 -0.010553 -0.065031
v 0.004574 -0.010294 -0.064405
v -0.007851 -0.061082 -0.024045
v -0.007944 -0.060130 -0.024366
v 0.052893 -0.018561 0.033653
v 0.019886 -0.054942 -0.031926
v 0.013283 -0.059007 -0.027849
v 0.007970 -0.061762 -0.022219
v 0.004944 0.066325 0.003235
v 0.007549 0.065957 -0.005121
v -0.057430 0.016963 0.029128
v 0.012339 0.048799 -0.042875
v 0.032596 0.050686 -0.027208
v 0.025278 0.051731 -0.032507
v 0.025274 0.052401 -0.032391
v 0.018363 0.051006 -0.037855
v -0.064028 -0.005427 0.017453
v -0.062585 0.002926 0.021127
v 0.045818 0.044463 -0.018916
v 0.050863 0.039701 -0.016465
v -0.057967 0.017279 -0.027849
v -0.062931 0.016416 -0.011916
v -0.063508 0.016046 -0.011952
v -0.060719 0.016578 -0.020253
v 0.001867 -0.043237 -0.049988
v 0.009118 -0.015313 -0.063673
v -0.003929 -0.059109 -0.030413
v 0.027468 -0.027186 -0.054222
v 0.013968 -0.020470 -0.061805
v 0.047854 -0.024634 -0.038405
v 0.014199 -0.019949 -0.061418
v -0.001188 0.004597 0.066421
v 0.048164 -0.025225 -0.038448
v 0.035070 -0.028177 -0.049091
v 0.042114 -0.027437 -0.043677
v 0.003331 -0.010106 0.065731
v 0.001532 -0.002237 0.066533
v -0.003260 -0.040697 0.052008
v 0.003869 -0.018724 0.063781
v 0.002823 -0.027338 0.060650
v -0.064412 -0.011828 -0.012033
v -0.051997 0.031763 0.023530
v -0.052661 0.032132 0.023776
v -0.035931 0.055459 0.001428
v -0.036260 0.055223 0.002000
v -0.057734 0.003220 -0.032067
v -0.058650 -0.031533 0.000427
v -0.061525 -0.025360 -0.002359
v 0.050686 0.042401 -0.002226
v -0.003690 0.063985 0.016223
v -0.053408 0.019667 -0.033640
v 0.046601 -0.045915 0.009427
v 0.047601 0.012044 -0.042203
v 0.045759 0.047692 -0.001850
v 0.000251 0.055158 -0.036460
v 0.046034 0.048056 -0.002367
v 0.012913 0.062718 0.018277
v 0.000700 0.055426 -0.036901
v -0.003573 0.063089 0.016718
v -0.007804 -0.060419 -0.023741
v -0.053673 -0.034049 0.015256
v -0.054578 -0.034228 0.014852
v -0.007680 -0.045615 0.047208
v 0.054042 0.036662 -0.001055
v 0.026713 0.017330 -0.056707
v -0.006380 -0.017964 -0.062526
v -0.038293 -0.043256 -0.029870
v -0.038024 -0.043651 -0.028996
v -0.053389 0.005425 -0.037318
v 0.051794 -0.031721 -0.024157
v 0.006985 0.045635 -0.047324
v 0.053106 -0.019370 0.034247
v 0.053348 -0.019688 0.033722
v 0.007318 0.062102 -0.022875
v 0.006757 0.061745 -0.022665
v 0.018905 0.062606 0.012539
v 0.025788 0.060977 0.007111
v 0.025799 0.060416 0.007495
v 0.032988 0.057228 0.002926
v 0.006448 0.018199 0.063214
v 0.052598 -0.032185 -0.023840
v 0.005259 -0.010393 -0.064321
v -0.037587 -0.023788 -0.047048
v -0.039299 -0.044030 -0.029754
v -0.053723 0.005149 -0.038189
v -0.037541 -0.002358 0.054345
v -0.037231 -0.002958 0.054533
v -0.036576 -0.002881 0.053699
v -0.036276 -0.001938 0.053595
v -0.035297 0.054605 0.001439
v -0.035021 0.054403 0.002375
v -0.037304 -0.026772 0.046058
v 0.053853 0.033508 -0.015584
v 0.054833 0.033600 -0.015271
v 0.003571 -0.063088 -0.016719
v -0.052473 0.020697 0.033026
v 0.048906 0.029258 0.033480
v -0.036596 0.049619 -0.023813
v -0.005403 0.009816 0.065157
v -0.004770 0.009675 0.065211
v -0.004328 0.050498 -0.041275
v -0.003646 0.050598 -0.041249
v -0.003711 0.051128 -0.041749
v -0.007011 -0.044572 0.047292
v 0.054751 0.037002 -0.002036
v 0.054173 0.036555 -0.001995
v -0.035616 0.049284 -0.023070
v -0.052721 0.020864 0.034003
v 0.003709 -0.051126 0.041750
v -0.053090 0.020914 0.033354
v 0.007009 0.017782 0.062454
v -0.051794 0.031723 0.024156
v -0.052245 0.021362 0.033001
v -0.006909 -0.017190 -0.062686
v 0.053388 -0.005422 0.037319
v -0.006414 -0.018191 -0.063220
v 0.002880 -0.063880 -0.016785
v 0.002890 -0.063164 -0.016637
v 0.003020 -0.063309 -0.015975
v -0.052737 0.019429 -0.033280
v 0.053400 -0.005733 0.038521
v -0.004438 0.051520 -0.041193
v 0.008705 0.060804 0.024456
v 0.007801 0.060420 0.023739
v 0.008491 0.060352 0.023623
v -0.053401 0.005705 -0.038526
v 0.053100 -0.018908 0.033094
v -0.007023 -0.017357 -0.063390
v -0.007706 -0.045087 0.047736
v -0.054037 -0.036670 0.001057
v 0.028041 0.039514 0.044952
v -0.052362 0.031217 0.023584
v 0.007848 0.061084 0.024044
v 0.027191 0.017668 -0.057596
v 0.054253 0.034450 -0.015448
v -0.005352 0.009742 0.064360
v -0.005255 0.010384 0.064323
v 0.026189 0.060693 0.008029
v 0.052455 -0.021450 -0.034010
v 0.048233 -0.024361 -0.038916
v 0.035430 -0.027239 -0.049363
v 0.014654 -0.019666 -0.061908
v 0.020834 -0.023558 -0.058693
v 0.027951 -0.026264 -0.054431
v -0.001730 -0.055177 -0.037238
v 0.001324 -0.043584 -0.050324
v -0.003325 -0.023400 -0.061751
v -0.053443 0.020648 0.033888
v -0.000625 -0.029576 -0.059132
v 0.001198 -0.036304 -0.055247
v -0.001119 -0.029926 -0.059475
v 0.000703 -0.036652 -0.055588
v -0.062870 0.002764 0.021765
v -0.060283 0.010394 0.025094
v -0.003042 0.064029 0.016106
v 0.000394 0.065810 0.010158
v 0.003936 0.066405 0.002968
v 0.004381 0.065903 0.003059
v 0.006487 0.066060 -0.005256
v 0.000828 0.065312 0.010270
v 0.008380 -0.062286 -0.022009
v 0.047744 -0.035915 -0.028326
v 0.013879 -0.059253 -0.027025
v 0.027717 -0.050521 -0.033359
v 0.020386 -0.055271 -0.031033
v 0.035285 -0.045580 -0.033331
v 0.041824 -0.040304 -0.031592
v 0.048106 -0.036446 -0.028137
v -0.055178 -0.033685 0.015873
v -0.037969 -0.027157 0.046794
v -0.063018 -0.014074 0.016267
v -0.063731 -0.005652 0.018446
v -0.003435 0.064539 0.015923
v -0.004178 0.052147 -0.041157
v -0.010242 -0.020657 -0.062457
v -0.010392 -0.020095 -0.062129
v -0.011495 -0.059771 -0.026972
v 0.052649 -0.032687 -0.024295
v -0.054634 -0.032535 0.019724
v -0.052625 -0.029524 0.028134
v -0.052388 0.017834 0.036183
v -0.053030 0.017648 0.036175
v 0.011707 0.059525 0.026297
v 0.009090 0.061323 0.024243
v 0.052601 0.038298 0.011753
v 0.054364 0.038324 0.002917
v 0.005460 -0.009899 -0.065139
v 0.009172 -0.008029 -0.065451
v 0.007266 -0.064255 -0.013790
v 0.007613 -0.064594 -0.014213
v 0.052406 -0.018206 -0.036803
v -0.037906 -0.008555 0.053493
v -0.038573 -0.008493 0.053583
v 0.044889 0.032153 0.036370
v 0.048909 0.029353 0.033394
v -0.049462 0.006831 0.043343
v -0.051087 -0.027682 0.032497
v -0.050538 -0.027961 0.032185
v -0.043937 -0.026221 0.042591
v -0.043527 -0.026513 0.042121
v 0.033806 0.038586 0.042419
v 0.028705 0.040459 0.044360
v 0.028519 0.039810 0.044392
v 0.045214 0.032736 0.036266
v 0.039463 0.035254 0.039642
v 0.039736 0.035866 0.039567
v 0.018931 0.056246 0.030175
v 0.022586 0.053688 0.032244
v 0.027507 0.045227 0.039618
v 0.049458 0.033970 0.027779
v -0.035824 0.055529 0.001411
v -0.036677 0.053857 -0.011215
v -0.036502 0.054494 -0.011355
v 0.044087 0.013417 -0.048036
v 0.043792 0.013809 -0.047573
v 0.048223 0.012079 -0.044241
v -0.014607 0.064487 0.007787
v -0.018551 0.063760 0.004772
v -0.023562 0.062229 0.002090
v -0.029692 0.059577 0.001030
v -0.035646 0.056180 0.001374
v -0.015144 0.055533 -0.033456
v -0.035700 0.050202 -0.023951
v 0.027187 0.017545 -0.057635
v 0.038512 0.014918 -0.052203
v 0.038269 0.015298 -0.051701
v -0.038870 -0.043961 -0.030419
v -0.038728 -0.044479 -0.030830
v 0.020385 0.000291 -0.063376
v 0.027340 0.017187 -0.058187
v 0.048144 0.005293 -0.045009
v 0.048132 0.005368 -0.045680
v 0.048497 -0.001333 -0.044922
v 0.048492 -0.001369 -0.045593
v 0.049641 -0.006813 -0.043837
v 0.049619 -0.006685 -0.043186
v -0.038456 -0.025153 -0.047510
v -0.038310 -0.025517 -0.048061
v -0.039265 -0.035673 -0.040207
v 0.025476 -0.059682 0.012559
v 0.025626 -0.060201 0.012154
v -0.017681 -0.024286 -0.058901
v -0.021567 -0.026997 -0.056906
v -0.026524 -0.028364 -0.054073
v -0.032531 -0.027731 -0.051037
v -0.022188 -0.053524 -0.032787
v -0.027021 -0.050472 -0.033975
v -0.032964 -0.047371 -0.033187
v 0.046923 -0.046348 0.008869
v 0.030671 -0.057335 0.011979
v 0.036975 -0.054303 0.010716
v 0.036734 -0.053833 0.011137
v 0.046992 -0.046467 0.002042
v 0.047514 -0.045754 -0.004548
v 0.047495 -0.046418 -0.004648
v 0.048818 -0.043520 -0.009722
v 0.050232 -0.041432 -0.013881
v 0.050187 -0.040834 -0.013619
v 0.018921 -0.063610 -0.005298
v 0.022587 -0.062619 -0.000807
v -0.063095 -0.005796 -0.018898
v -0.063406 -0.006169 -0.019381
v -0.064139 -0.012447 -0.012851
v -0.060985 -0.025388 -0.002834
v -0.063821 -0.012072 -0.012367
v -0.000505 -0.034762 0.056793
v 0.002270 -0.027108 0.060264
v 0.002811 -0.018804 0.063815
v -0.005218 0.009430 0.065689
v 0.003295 -0.018627 0.063355
v -0.061012 0.017213 -0.020378
v -0.063225 0.017062 -0.012051
v 0.050495 0.039221 -0.016847
v 0.039541 0.047871 -0.022730
v 0.025644 0.051777 -0.033100
v 0.012733 0.048859 -0.043418
v -0.057156 0.028376 0.019034
v -0.060277 0.023846 0.013032
v -0.062997 0.020864 0.005461
v -0.063980 0.018176 -0.003113
v 0.021085 -0.036964 0.050604
v 0.009261 -0.047599 0.045636
v 0.048987 -0.021759 0.039509
v 0.049317 -0.006294 0.044301
v 0.036349 -0.027849 0.048340
v 0.028810 -0.032293 0.050602
v 0.035964 -0.027286 0.048309
v 0.036793 -0.004513 0.055316
v 0.048926 -0.006719 0.043965
v 0.016295 0.007692 0.064104
v -0.037864 -0.027183 0.046864
v -0.053320 0.032091 0.023618
v -0.052119 0.035067 0.020632
v -0.052760 0.035080 0.020446
v -0.050140 0.040879 0.013665
v -0.053368 0.001510 -0.039005
v -0.051831 -0.006861 -0.040475
v 0.004847 -0.051547 0.041833
v 0.007953 -0.052794 0.039003
v 0.052743 -0.023660 0.032095
v 0.054572 0.034584 -0.016032
v 0.054046 0.033397 -0.019904
v 0.010840 0.019780 0.062640
v 0.010452 0.020008 0.062147
v -0.008574 0.007152 0.065634
v 0.007765 0.045145 -0.047673
v -0.052805 0.023638 -0.032011
v -0.054915 -0.037517 -0.003085
v -0.054296 -0.037618 -0.002935
v -0.010514 -0.043167 0.049582
v -0.010667 -0.043142 0.048957
v 0.053662 -0.005170 0.038270
v 0.051922 0.006960 0.041087
v -0.036965 -0.003087 0.055252
v -0.037126 -0.002984 0.054604
v -0.037796 -0.008582 0.053567
v -0.038050 -0.022261 0.049878
v -0.038060 -0.015580 0.052341
v 0.044886 0.032053 0.036461
v -0.016038 0.001956 0.064587
v -0.031102 -0.003899 0.058733
v -0.025901 -0.031728 0.052484
v -0.021086 -0.035021 0.052547
v 0.028517 0.039714 0.044479
v 0.028686 0.039616 0.045126
v 0.033788 0.037737 0.043191
v 0.039460 0.035149 0.039736
v 0.039717 0.035010 0.040345
v 0.024996 0.029761 0.053490
v 0.021953 0.026431 0.057023
v 0.049592 0.017404 0.040861
v 0.049210 0.023570 0.038143
v 0.049220 0.023217 0.037551
v 0.047904 0.012602 -0.043763
v 0.044120 0.014509 -0.047687
v -0.050737 0.040986 0.013360
v -0.045997 0.047108 0.006071
v -0.046498 0.047310 0.005628
v -0.041579 0.051296 0.003401
v -0.041997 0.051573 0.002928
v -0.046868 0.040964 -0.023612
v -0.046388 0.040599 -0.023909
v -0.049126 0.035899 -0.025878
v 0.032532 0.017343 -0.055426
v -0.038974 -0.043908 -0.030363
v -0.039641 -0.044010 -0.030337
v 0.021486 0.035366 -0.052152
v 0.026916 0.024756 -0.055630
v 0.026732 0.018195 -0.057643
v 0.050705 0.028242 -0.032613
v 0.049291 0.024448 -0.036666
v 0.048256 0.013163 -0.043894
v 0.048549 0.019465 -0.041184
v 0.048267 0.012928 -0.043261
v -0.039224 -0.025048 -0.047568
v -0.040193 -0.035197 -0.039706
v 0.025478 -0.059655 0.012685
v -0.051131 -0.011869 -0.040951
v -0.048137 -0.016555 -0.042196
v -0.044409 -0.021638 -0.044629
v -0.044417 -0.041355 -0.026241
v -0.048642 -0.039254 -0.021561
v -0.051716 -0.038416 -0.016794
v -0.051171 -0.038515 -0.016428
v 0.036989 -0.054058 0.011846
v 0.049241 -0.007274 0.044235
v 0.053881 -0.007928 0.038277
v 0.049279 -0.035835 0.025672
v 0.050761 -0.032235 0.028576
v 0.046968 -0.045454 0.009808
v 0.019420 -0.055772 0.030732
v -0.050680 -0.042409 0.002193
v -0.054428 -0.037469 0.001582
v -0.054760 -0.037832 0.001114
v -0.040205 -0.053080 -0.000317
v -0.033006 -0.057215 -0.002967
v 0.063413 0.006152 0.019363
v 0.054381 -0.005049 0.038053
v 0.054010 -0.005457 0.037702
v 0.061320 0.025753 0.003292
v 0.063334 0.019194 0.007373
v 0.063004 0.018826 0.006914
v 0.064146 0.012430 0.012831
v -0.043552 0.006129 -0.049999
v -0.011234 -0.012842 -0.064367
v -0.022398 -0.002766 -0.062647
v -0.029425 0.001506 -0.059714
v -0.003949 -0.058678 0.030216
v -0.003513 -0.059174 0.030331
v 0.004168 -0.052142 0.041163
v 0.003786 -0.051604 0.041123
v -0.006271 -0.062256 0.022769
v -0.006707 -0.061754 0.022653
v -0.018390 -0.050982 0.037874
v -0.025303 -0.051702 0.032533
v -0.025657 -0.051754 0.033124
v -0.018753 -0.051030 0.038449
v -0.012756 -0.048836 0.043435
v 0.063016 0.014071 -0.016274
v -0.048987 0.021754 -0.039513
v -0.053414 0.019951 -0.034345
v -0.036347 0.027843 -0.048346
v -0.041825 0.040305 0.031591
v -0.034899 0.045054 0.033526
v -0.027721 0.050526 0.033351
v -0.035289 0.045585 0.033323
v -0.027339 0.049986 0.033553
v 0.060283 -0.010392 -0.025095
v 0.060574 -0.010239 -0.025692
v 0.062867 -0.002761 -0.021773
v 0.063427 0.005512 -0.017841
v 0.056930 -0.016509 -0.029295
v 0.061011 -0.017211 0.020378
v 0.057458 -0.017651 0.027545
v -0.020391 0.055275 0.031025
v -0.020020 0.054732 0.031231
v -0.028808 0.032287 -0.050609
v -0.028434 0.031723 -0.050565
v -0.014505 0.042220 -0.048774
v -0.014863 0.042786 -0.048811
v -0.009257 0.047597 -0.045641
v 0.060578 -0.024440 -0.012919
v 0.060277 -0.023844 -0.013033
v 0.063980 -0.018175 0.003113
v -0.045896 -0.043968 0.019860
v -0.045531 -0.043904 0.019265
v -0.050843 -0.039303 0.017449
v -0.039537 -0.047873 0.022730
v -0.006499 -0.066059 0.005255
v -0.007463 -0.064638 0.014131
v 0.003425 -0.064538 -0.015930
v -0.000423 0.050011 0.043963
v 0.001728 0.055178 0.037237
v 0.004830 0.058879 0.030729
v -0.001323 0.043583 0.050325
v -0.052648 0.032695 0.024287
v -0.052106 0.035662 0.021103
v -0.007267 0.064256 0.013789
v -0.014716 0.063929 0.008269
v -0.051850 -0.006785 -0.041213
v -0.004842 0.051545 -0.041837
v -0.008347 0.052904 -0.039543
v -0.007126 -0.017977 -0.063222
v -0.010843 -0.019777 -0.062639
v 0.007681 -0.053495 0.038877
v 0.014931 -0.055609 0.033429
v 0.053450 -0.023723 0.031817
v -0.011709 -0.059523 -0.026298
v -0.018506 -0.055860 -0.030149
v 0.055182 0.033674 -0.015879
v 0.052136 0.029628 -0.027855
v 0.052765 0.029423 -0.027983
v 0.052660 -0.032130 -0.023777
v 0.052119 -0.035064 -0.020635
v -0.054033 -0.033414 0.019908
v -0.053948 -0.032801 0.019633
v -0.052325 0.017891 0.036247
v -0.052376 0.018230 0.036832
v 0.011484 0.059769 0.026982
v -0.016118 0.002491 0.064077
v -0.009175 0.008032 0.065450
v 0.010663 0.043145 -0.048955
v 0.017293 0.038101 -0.051197
v 0.054944 0.037470 0.003099
v -0.052807 0.023984 -0.032686
v -0.052743 0.023662 -0.032094
v -0.050696 0.032168 -0.028777
v 0.005201 -0.009454 -0.065687
v 0.008740 -0.007536 -0.065105
v 0.007203 -0.064280 -0.013707
v -0.008162 -0.045697 0.047707
v -0.010730 -0.043199 0.048892
v -0.011151 -0.043727 0.048946
v -0.017448 -0.038233 0.051045
v 0.051929 0.006894 0.040344
v 0.054014 -0.001340 0.038894
v 0.053441 -0.020639 -0.033894
v 0.052783 -0.020806 -0.033942
v 0.053036 -0.017637 -0.036169
v 0.052387 -0.017831 -0.036185
v -0.049482 0.007253 0.043954
v -0.050772 0.011192 0.041592
v -0.042845 0.000064 0.050965
v -0.016521 0.002897 0.064433
v -0.025235 -0.002150 0.061576
v -0.031138 -0.002800 0.058785
v -0.043676 -0.027231 0.042236
v -0.031691 -0.029483 0.049982
v -0.021504 -0.035743 0.051894
v 0.017583 0.024413 0.058878
v 0.021325 0.026615 0.056645
v 0.021152 0.027175 0.056984
v 0.027193 0.034513 0.049409
v 0.026954 0.034987 0.049824
v 0.025151 0.050132 0.035877
v 0.028018 0.039944 0.044623
v 0.027187 0.045617 0.040163
v 0.050334 0.017205 0.040043
v 0.049302 0.029029 0.033142
v 0.050777 0.036994 0.022047
v 0.053285 0.038092 0.011944
v -0.015120 0.064254 0.008700
v -0.029754 0.059526 0.002128
v -0.036011 0.055949 0.002477
v -0.050137 0.041477 0.014101
v -0.046054 0.047627 0.006607
v -0.041692 0.051760 0.003970
v -0.015679 0.054945 -0.034178
v -0.015262 0.054826 -0.033661
v -0.019052 0.055438 -0.030586
v -0.019432 0.055553 -0.031134
v -0.024215 0.055320 -0.028042
v -0.023891 0.055201 -0.027456
v -0.030119 0.053446 -0.025875
v -0.036363 0.050081 -0.024554
v -0.049157 0.036218 -0.026549
v -0.050637 0.031816 -0.028205
v 0.020844 0.034969 -0.052101
v 0.023980 0.030610 -0.054046
v 0.024215 0.030536 -0.053413
v 0.026683 0.017697 -0.057850
v 0.023424 0.004816 -0.061643
v 0.023196 0.005137 -0.062197
v 0.025768 0.010774 -0.059931
v 0.051386 0.027494 -0.032195
v 0.049296 0.018998 -0.040522
v 0.048974 0.012377 -0.043376
v 0.050331 -0.006490 -0.043100
v 0.051513 -0.010525 -0.040847
v -0.038446 -0.024667 -0.047804
v -0.048212 -0.016348 -0.042911
v -0.044099 -0.020840 -0.045322
v -0.038648 -0.024433 -0.048400
v -0.026941 -0.050428 -0.033212
v -0.033043 -0.047963 -0.032261
v -0.039098 -0.044910 -0.029792
v -0.044566 -0.042055 -0.026045
v 0.049529 -0.043467 -0.009502
v 0.048588 -0.039993 0.021741
v 0.047919 -0.039960 0.021878
v 0.047912 -0.043327 0.016130
v 0.047015 -0.045554 0.009278
v 0.024170 -0.061290 0.005574
v 0.021930 -0.062373 -0.000570
v 0.018330 -0.063332 -0.004974
v 0.018790 -0.055668 0.030326
v 0.015108 -0.054960 0.033510
v 0.022019 -0.057274 0.025839
v 0.022274 -0.056641 0.025833
v 0.024964 -0.059898 0.012679
v 0.024355 -0.058214 0.019739
v 0.024682 -0.060495 0.012812
vn 0.0844 0.5021 -0.8607
vn 0.0563 0.1770 -0.9826
vn 0.1019 -0.0259 -0.9945
vn -0.3965 -0.8960 0.1997
vn 0.1386 0.8973 -0.4191
vn 0.4970 -0.2644 0.8265
vn 0.7082 -0.3105 0.6341
vn -0.0414 0.8338 0.5505
vn -0.2671 -0.4687 -0.8420
vn -0.8559 0.3091 0.4147
vn -0.1933 -0.9782 0.0761
vn 0.2368 -0.1576 0.9587
vn 0.9856 -0.1674 0.0235
vn -0.2213 -0.9524 0.2097
vn -0.3914 0.4059 -0.8259
vn 0.9000 0.4338 -0.0422
vn 0.2630 -0.7588 -0.5959
vn -0.6789 -0.6938 0.2403
vn -0.6998 0.3447 -0.6256
vn -0.6952 -0.7158 -0.0655
vn -0.1733 -0.8930 -0.4153
vn -0.1393 0.2782 0.9504
vn -0.7850 -0.2084 -0.5834
vn 0.8432 -0.1970 -0.5003
vn 0.9141 -0.0095 -0.4053
vn 0.8860 -0.1125 -0.4499
vn 0.9446 -0.1037 0.3114
vn 0.9865 -0.0483 0.1565
vn 0.8904 0.4423 -0.1076
vn 0.8802 -0.2133 0.4240
vn -0.4548 0.6341 0.6253
vn 0.8477 -0.3528 0.3961
vn 0.8888 -0.3487 0.2974
vn 0.2036 0.9789 -0.0169
vn 0.1279 0.9586 0.2545
vn -0.1858 -0.1503 -0.9710
vn -0.0244 -0.3872 -0.9217
vn 0.2038 -0.5514 -0.8090
vn -0.7170 0.5115 0.4735
vn 0.2151 -0.5678 0.7945
vn -0.2089 -0.9741 -0.0870
vn 0.7736 -0.0124 0.6335
vn -0.7610 -0.6318 0.1471
vn -0.0507 0.6538 -0.7550
vn -0.1319 0.5518 -0.8235
vn -0.8695 0.0722 -0.4886
vn -0.4800 0.2516 -0.8404
vn -0.6213 0.2335 -0.7480
vn 0.8856 0.4315 -0.1718
vn 0.9325 0.3222 -0.1630
vn 0.5514 -0.3054 0.7763
vn -0.2720 -0.9623 0.0046
vn -0.5301 0.2469 -0.8112
vn -0.6462 0.4837 0.5903
vn -0.7363 0.4128 0.5361
vn -0.2085 -0.8145 0.5414
vn -0.1408 -0.7551 0.6403
vn -0.2514 -0.8081 0.5327
vn 0.8945 0.3960 0.2075
vn -0.6895 -0.6204 0.3737
vn -0.2048 -0.0629 -0.9768
vn 0.0092 -0.9954 0.0955
vn 0.2213 0.9524 -0.2097
vn 0.0313 -0.9994 -0.0167
vn 0.9483 -0.1556 0.2765
vn 0.9864 0.1615 -0.0293
vn 0.8549 -0.0743 -0.5135
vn -0.7094 -0.0582 0.7024
vn 0.6361 0.7373 -0.2273
vn 0.9706 0.2367 0.0438
vn 0.5191 0.8316 -0.1973
vn 0.8873 0.4591 -0.0446
vn 0.2262 -0.1184 0.9669
vn -0.7921 0.5192 0.3210
vn -0.1138 0.7896 -0.6030
vn -0.9371 0.2286 0.2638
vn 0.1110 0.7980 -0.5924
vn 0.1383 0.8637 0.4847
vn 0.7878 -0.5230 -0.3254
vn 0.5717 -0.8063 0.1518
vn -0.7212 0.5954 0.3541
vn 0.5115 -0.3495 0.7850
vn 0.6327 -0.3070 0.7110
vn 0.1603 0.9026 0.3995
vn 0.9346 0.3557 -0.0085
vn 0.4629 -0.8714 0.1627
vn -0.1572 -0.6652 0.7300
vn 0.8138 -0.0336 0.5802
vn -0.1685 -0.9551 -0.2439
vn 0.0471 -0.1619 -0.9857
vn -0.0872 -0.9354 -0.3426
vn -0.8227 -0.5301 0.2056
vn 0.2614 -0.6530 -0.7108
vn -0.1146 0.4064 -0.9065
vn -0.0596 0.5307 -0.8454
vn 0.1324 0.9895 0.0586
vn 0.7812 -0.6146 -0.1097
vn 0.1572 0.7671 -0.6220
vn 0.3583 0.8283 -0.4308
vn -0.8711 0.2789 0.4042
vn 0.0208 -0.7582 0.6517
vn 0.0087 -0.9602 -0.2790
vn -0.0736 -0.7087 0.7017
vn 0.0826 0.2461 0.9657
vn 0.0735 0.7087 -0.7017
vn 0.0371 -0.9026 0.4288
vn -0.5044 -0.7465 -0.4341
vn -0.4285 -0.7869 -0.4441
vn 0.8457 0.2189 -0.4867
vn 0.0942 -0.7463 -0.6589
vn -0.0087 0.9602 0.2790
vn -0.8127 0.2431 -0.5296
vn -0.1035 0.2660 0.9584
vn -0.3594 0.6991 0.6182
vn 0.1036 -0.2661 -0.9584
vn -0.5789 -0.3252 0.7478
vn -0.8301 -0.4939 -0.2588
vn -0.2858 0.9221 0.2607
vn 0.3971 -0.7519 0.5262
vn 0.8584 -0.1052 -0.5020
vn -0.6823 0.1032 0.7238
vn -0.6735 0.2703 0.6881
vn 0.6160 -0.7841 0.0759
vn -0.5542 0.7891 -0.2651
vn -0.5516 0.8309 -0.0722
vn -0.2756 -0.1642 0.9471
vn -0.1624 -0.0689 0.9843
vn -0.4088 -0.6113 0.6776
vn 0.1196 0.5446 0.8301
vn -0.3025 0.1786 0.9363
vn 0.6564 0.2116 -0.7241
vn 0.4956 0.2509 -0.8315
vn -0.6017 0.7598 -0.2463
vn -0.6757 0.6011 -0.4267
vn -0.6918 -0.0357 -0.7212
vn -0.1182 0.9820 -0.1472
vn -0.5969 -0.5324 -0.6003
vn -0.5923 -0.4567 -0.6637
vn 0.8951 0.3622 -0.2601
vn -0.1206 0.9092 -0.3985
vn 0.6272 -0.7489 -0.2137
vn 0.2692 0.3874 -0.8817
vn -0.2972 0.7326 -0.6123
vn -0.9706 -0.2368 -0.0438
vn -0.7064 -0.6974 -0.1207
vn -0.6575 -0.5586 -0.5057
vn 0.6695 0.4918 -0.5567
vn -0.8725 -0.3035 0.3830
vn -0.3755 0.7550 -0.5376
vn -0.3833 0.7976 -0.4658
vn -0.7254 -0.4819 0.4914
vn -0.6180 -0.5157 0.5934
vn -0.6165 -0.5371 -0.5757
vn -0.5769 -0.5575 -0.5969
vn -0.5389 -0.2268 0.8113
vn -0.5990 -0.2467 0.7618
vn -0.5919 -0.5422 -0.5964
vn 0.9707 0.0514 -0.2349
vn -0.6938 -0.4610 0.5533
vn -0.6631 -0.5050 0.5525
vn 0.0401 0.9493 0.3119
vn 0.8314 0.5407 -0.1282
vn 0.8152 -0.1863 0.5484
vn 0.7864 0.3333 0.5201
vn 0.3644 0.9304 0.0396
vn 0.8209 0.2578 0.5096
vn 0.3553 -0.8565 -0.3743
vn 0.1902 -0.9438 -0.2703
vn -0.0721 0.9912 0.1107
vn -0.8943 -0.3166 0.3161
vn -0.9178 -0.2159 0.3332
vn 0.5545 -0.7270 -0.4050
vn 0.2825 -0.2293 -0.9315
vn 0.3655 -0.2768 -0.8887
vn -0.6839 -0.2032 0.7007
vn 0.4980 0.7825 0.3737
vn 0.7089 0.6483 0.2778
vn -0.2023 0.9576 -0.2053
vn -0.2677 0.8876 -0.3748
vn -0.4414 0.8936 -0.0811
vn 0.5696 0.1013 -0.8157
vn 0.5246 -0.1391 -0.8399
vn -0.3684 -0.6206 -0.6922
vn -0.4827 -0.5832 -0.6534
vn 0.6382 -0.7660 -0.0773
vn 0.4456 -0.8808 -0.1600
vn 0.4283 -0.9025 -0.0450
vn 0.6335 -0.7732 0.0300
vn 0.5101 -0.8340 -0.2104
vn 0.3646 -0.9238 -0.1169
vn 0.4257 0.8828 0.1988
vn 0.6939 0.7165 0.0711
vn -0.8489 0.0268 0.5279
vn -0.1813 0.8765 -0.4459
vn 0.5659 -0.2245 -0.7933
vn 0.6394 -0.2136 -0.7386
vn 0.2989 -0.1011 -0.9489
vn -0.1817 -0.5947 -0.7831
vn 0.5558 -0.7774 -0.2945
vn 0.4237 -0.8633 -0.2742
vn 0.3544 -0.9057 -0.2328
vn -0.8301 -0.3729 0.4147
vn -0.8574 -0.2868 0.4274
vn 0.5229 0.8412 0.1379
vn -0.0710 -0.6598 -0.7481
vn -0.8893 -0.1202 0.4414
vn 0.6549 -0.4468 0.6094
vn 0.5683 -0.4966 0.6561
vn 0.7300 -0.4044 0.5510
vn -0.9117 0.4084 0.0458
vn 0.4158 0.7186 -0.5574
vn 0.7553 0.5605 -0.3397
vn -0.8877 0.3534 -0.2951
vn -0.9147 0.3576 -0.1883
vn 0.2020 -0.7478 0.6325
vn -0.8965 -0.0846 -0.4350
vn -0.9246 -0.3297 -0.1908
vn -0.1044 0.0200 0.9943
vn -0.0568 -0.1754 0.9829
vn -0.0890 -0.4991 0.8619
vn -0.0623 -0.4033 0.9130
vn -0.4648 -0.1547 0.8718
vn 0.6219 0.2164 0.7526
vn 0.6734 0.2921 0.6791
vn 0.4073 0.3472 0.8447
vn 0.5026 0.4746 0.7226
vn -0.8274 0.5510 -0.1088
vn 0.6683 0.4176 -0.6156
vn 0.5495 0.5703 -0.6105
vn -0.8279 -0.2991 -0.4744
vn -0.7000 -0.4718 -0.5361
vn -0.8530 -0.3420 -0.3942
vn -0.7994 -0.2391 -0.5511
vn 0.4542 -0.7376 0.4997
vn 0.5522 -0.7777 0.3003
vn -0.8853 -0.2414 -0.3974
vn -0.8619 -0.1899 -0.4702
vn -0.8303 -0.1358 -0.5405
vn -0.8649 0.5017 -0.0163
vn 0.4000 0.6309 -0.6649
vn -0.1905 -0.4440 0.8755
vn -0.1810 -0.1301 0.9748
vn 0.4599 0.1871 0.8680
vn 0.7264 0.0941 0.6808
vn 0.5672 -0.5883 0.5764
vn -0.1384 -0.2924 0.9462
vn 0.4965 -0.6189 0.6087
vn -0.4528 0.1316 0.8818
vn -0.4894 -0.4966 0.7169
vn 0.2997 0.6936 0.6551
vn 0.2428 0.5841 0.7745
vn 0.2781 0.4550 0.8460
vn 0.7977 0.5091 0.3233
vn 0.8154 0.5203 0.2538
vn -0.6296 0.7547 0.1844
vn -0.5762 0.7847 0.2284
vn -0.3759 0.9210 0.1025
vn -0.4544 0.8864 0.0884
vn -0.6699 0.6112 -0.4216
vn -0.7022 0.5520 -0.4496
vn -0.6113 0.6748 -0.4135
vn -0.5860 0.6225 -0.5188
vn 0.2244 0.1283 -0.9660
vn 0.2751 0.2099 -0.9382
vn 0.2545 0.0618 -0.9651
vn 0.2737 0.4148 -0.8678
vn 0.2338 0.4422 -0.8659
vn 0.3130 0.4405 -0.8414
vn 0.2250 0.3688 -0.9019
vn -0.6626 -0.1942 -0.7234
vn -0.6099 -0.1743 -0.7731
vn -0.6404 -0.2746 -0.7173
vn -0.4398 -0.3085 -0.8434
vn -0.4187 -0.3570 -0.8350
vn -0.6739 -0.6850 -0.2768
vn -0.6238 -0.7370 -0.2600
vn 0.7964 -0.5502 0.2512
vn 0.2403 -0.9685 0.0650
vn 0.2438 -0.9096 0.3365
vn 0.2833 -0.8868 0.3652
vn 0.1945 -0.9380 0.2871
vn 0.8975 0.0793 0.4338
vn 0.9240 0.1545 0.3498
vn 0.8644 0.4957 0.0840
vn -0.7114 0.6497 0.2679
vn -0.3222 0.9143 0.2455
vn -0.7214 0.4840 -0.4953
vn -0.6852 -0.5694 0.4542
vn 0.1300 -0.9914 0.0140
vn 0.1670 -0.8682 0.4672
vn 0.8853 0.2214 0.4090
vn 0.8317 0.1093 0.5443
vn 0.8164 -0.4458 0.3670
vn 0.8736 0.0271 -0.4858
vn 0.8447 -0.5266 -0.0963
vn -0.2741 0.1085 0.9556
vn 0.2109 0.4240 0.8808
vn 0.1844 0.4985 0.8470
vn 0.1606 0.1015 -0.9818
vn -0.2983 -0.2959 -0.9074
vn -0.3620 -0.2384 -0.9012
vn -0.4558 0.7954 0.3994
vn -0.5660 -0.4755 0.6735
vn -0.5474 -0.5762 0.6069
vn -0.5325 0.8411 0.0945
vn 0.8126 0.1551 -0.5619
vn -0.5452 -0.2120 -0.8111
vn 0.7962 -0.5933 0.1184
vn -0.5013 0.6301 -0.5930
vn 0.8626 -0.4831 -0.1499
vn -0.6855 0.2842 0.6703
vn -0.5676 0.3695 0.7357
vn 0.5177 0.1355 0.8448
vn 0.1682 -0.4647 -0.8693
vn -0.8887 -0.1207 0.4424
vn 0.5019 -0.6314 0.5911
vn 0.6682 0.5085 0.5431
vn 0.8311 0.3798 0.4063
vn -0.1436 -0.2654 0.9534
vn -0.1906 0.0584 0.9799
vn 0.9496 0.1641 -0.2670
vn 0.8833 0.4492 0.1343
vn 0.6378 0.2753 -0.7193
vn 0.9435 0.3048 0.1298
vn 0.1194 0.8909 0.4382
vn 0.3079 0.6753 0.6702
vn 0.3328 0.7173 0.6122
vn 0.5324 0.5869 0.6100
vn 0.4382 -0.8796 0.1850
vn 0.5016 0.1450 0.8529
vn 0.4366 -0.8804 0.1851
vn -0.7908 0.2198 0.5712
vn -0.8649 0.4877 -0.1192
vn 0.1690 0.8887 -0.4263
vn 0.5206 0.8201 0.2373
vn 0.0782 0.9942 0.0732
vn -0.8963 -0.2697 -0.3519
vn -0.9110 0.2398 -0.3356
vn -0.7131 -0.4340 0.5506
vn 0.8278 -0.5594 0.0433
vn 0.6119 0.7574 -0.2278
vn 0.5658 0.6187 -0.5450
vn 0.8052 0.5819 0.1142
vn 0.5359 0.6191 -0.5740
vn 0.4953 -0.2131 -0.8422
vn -0.8965 -0.3116 -0.3148
vn -0.9495 0.1673 0.2655
vn -0.5418 -0.4989 -0.6764
vn -0.6678 0.4800 -0.5689
vn -0.5966 -0.4585 -0.6587
vn -0.4202 0.4221 -0.8033
vn 0.6636 0.5368 0.5210
vn -0.3742 0.8018 -0.4659
vn -0.5160 0.8099 -0.2788
vn -0.5507 0.7770 -0.3051
vn -0.1658 -0.6360 -0.7537
vn 0.1635 -0.3258 -0.9312
vn 0.4968 0.1512 0.8546
vn 0.6467 -0.5859 -0.4884
vn -0.1659 -0.6777 -0.7164
vn -0.2177 -0.8696 -0.4433
vn -0.8685 0.4807 -0.1209
vn 0.0993 -0.8121 -0.5751
vn 0.4745 -0.2194 -0.8525
vn -0.4531 0.8672 0.2066
vn 0.6677 0.4888 0.5614
vn 0.9359 -0.3016 0.1819
vn -0.1661 -0.6455 -0.7455
vn 0.8294 -0.5315 0.1719
vn 0.8127 0.1004 -0.5740
vn -0.6679 0.7307 0.1412
vn -0.5720 0.6406 -0.5123
vn -0.4149 -0.4958 0.7629
vn 0.2731 -0.8830 0.3819
vn 0.2276 -0.9158 0.3310
vn -0.3962 -0.3806 -0.8355
vn -0.5499 -0.4931 -0.6742
vn -0.6296 -0.5835 -0.5130
vn -0.7081 -0.2344 -0.6661
vn -0.6022 -0.2399 -0.7615
vn 0.3366 0.4646 0.8191
vn 0.5248 0.5227 0.6718
vn -0.5426 -0.8102 -0.2216
vn -0.5325 -0.6425 0.5510
vn 0.0893 -0.9959 -0.0128
vn -0.4904 0.8223 0.2885
vn -0.1681 0.4646 0.8694
vn -0.1439 0.8273 0.5430
vn 0.1616 0.6573 0.7361
vn 0.9664 0.2567 -0.0087
vn 0.1935 0.6333 0.7493
vn 0.5085 -0.8332 -0.2172
vn -0.1786 0.9621 -0.2063
vn 0.1443 0.3188 -0.9368
vn 0.1988 0.6150 -0.7631
vn 0.1658 0.6777 0.7164
vn 0.2144 0.8749 0.4342
vn -0.5091 0.8155 0.2753
vn -0.2922 -0.2122 -0.9325
vn -0.3449 -0.0650 -0.9364
vn 0.8867 0.1363 -0.4419
vn -0.4968 -0.1512 -0.8546
vn -0.5139 0.8080 0.2883
vn -0.5696 0.5062 0.6476
vn 0.1658 0.6360 0.7537
vn 0.8754 0.1218 -0.4677
vn -0.2894 0.7195 -0.6313
vn -0.3495 0.5913 -0.7268
vn 0.5566 0.1576 -0.8157
vn -0.2620 -0.8400 0.4752
vn -0.5467 -0.7985 -0.2522
vn -0.7023 -0.7068 0.0848
vn 0.1436 0.2654 -0.9534
vn -0.2936 -0.6233 -0.7248
vn -0.6444 -0.2358 0.7274
vn -0.3994 0.7235 0.5630
vn -0.5359 0.7126 0.4527
vn 0.5605 0.4836 0.6723
vn -0.8070 -0.2423 0.5386
vn -0.6327 -0.2725 0.7249
vn -0.6382 -0.2658 0.7226
vn 0.5411 -0.7909 0.2859
vn 0.7677 0.2716 0.5804
vn 0.8209 0.3316 0.4650
vn -0.6343 0.7640 -0.1180
vn -0.3677 -0.9169 -0.1552
vn 0.2813 0.1962 -0.9393
vn 0.3254 0.0874 -0.9415
vn 0.3024 0.1364 -0.9434
vn 0.3462 0.4422 -0.8274
vn -0.8146 -0.5544 0.1705
vn 0.0188 -0.9428 -0.3328
vn -0.4255 -0.4602 -0.7792
vn 0.4139 0.4970 -0.7627
vn 0.4605 0.5153 -0.7228
vn -0.8311 0.2515 0.4960
vn -0.8038 -0.1069 0.5852
vn -0.0301 -0.9490 -0.3137
vn 0.6470 0.4525 0.6137
vn 0.4842 -0.8331 0.2674
vn 0.0284 0.2368 0.9711
vn 0.6187 -0.7826 0.0691
vn -0.2222 -0.8771 -0.4258
vn 0.0223 -0.7240 0.6894
vn -0.7932 0.5617 -0.2352
vn 0.8097 -0.4259 -0.4038
vn -0.7986 -0.0337 -0.6009
vn 0.6679 0.0740 -0.7405
vn 0.8416 0.5322 -0.0916
vn 0.7821 -0.4581 -0.4224
vn 0.4034 0.0937 -0.9102
vn -0.0421 0.7193 -0.6934
vn -0.3379 -0.4650 -0.8183
vn -0.3258 -0.7208 -0.6118
vn 0.5412 0.6075 0.5814
vn -0.8173 0.3833 0.4302
vn 0.0258 0.7411 -0.6709
vn 0.5423 0.1626 -0.8243
vn 0.3810 0.0060 -0.9246
vn -0.3457 -0.4424 0.8275
vn -0.3099 -0.3988 0.8631
vn -0.6631 -0.5248 -0.5337
vn -0.8946 -0.4434 -0.0551
vn 0.8265 -0.2261 0.5156
vn -0.0251 0.9438 0.3296
vn 0.8059 -0.2237 0.5481
vn -0.7699 -0.2674 -0.5795
vn 0.6411 0.7039 0.3059
vn 0.0368 0.9165 -0.3983
vn -0.2455 0.9144 -0.3219
vn -0.3308 0.6388 0.6946
vn 0.6866 0.4806 0.5455
vn 0.9988 -0.0431 -0.0229
vn -0.5494 0.7857 -0.2843
vn 0.9993 -0.0352 0.0138
vn 0.9999 -0.0063 -0.0116
vn -0.3790 -0.9033 0.2010
vn 0.0627 0.9953 -0.0737
vn -0.0698 0.9970 0.0319
vn 0.3684 0.7560 -0.5411
vn 0.4214 0.8217 -0.3837
vn 0.3063 0.6789 -0.6673
vn 0.7166 0.5921 -0.3687
vn 0.6283 0.5781 0.5206
vn 0.5464 -0.6928 -0.4705
vn -0.1183 -0.4455 -0.8874
vn 0.3598 -0.7414 -0.5664
vn -0.9335 0.3513 0.0720
vn -0.4275 0.8852 -0.1835
vn 0.5675 -0.3663 -0.7374
vn -0.9448 -0.3067 -0.1152
vn -0.8849 -0.4496 -0.1216
vn -0.5685 0.2180 0.7933
vn -0.3172 0.5890 -0.7433
vn -0.5976 -0.6030 0.5284
vn 0.9436 -0.3225 -0.0751
vn -0.0082 0.7715 0.6362
vn 0.8760 0.3683 0.3113
vn -0.2665 -0.6738 0.6892
vn -0.3758 -0.9087 -0.1820
vn -0.3229 -0.0893 -0.9422
vn -0.6382 0.3215 -0.6995
vn 0.4673 -0.3252 0.8221
vn -0.2906 -0.2834 0.9139
vn -0.5465 0.2681 0.7934
vn -0.7098 0.1694 0.6838
vn -0.5283 0.2731 0.8039
vn -0.4871 0.2947 0.8221
vn 0.3693 0.6769 0.6367
vn 0.1278 0.6999 0.7027
vn 0.8019 0.4369 0.4075
vn 0.9144 0.3032 0.2681
vn 0.9691 -0.0008 0.2467
vn 0.9250 0.2740 0.2633
vn -0.9906 -0.1089 0.0833
vn -0.4263 0.6527 -0.6263
vn -0.4529 0.6489 -0.6115
vn 0.4761 0.5427 -0.6919
vn 0.1419 0.2179 -0.9656
vn 0.1303 0.2477 -0.9601
vn -0.9843 0.0951 0.1487
vn -0.9854 0.1260 0.1147
vn -0.3142 -0.3262 -0.8915
vn 0.4473 -0.7517 0.4846
vn 0.0959 -0.9824 0.1604
vn 0.8176 0.0178 -0.5755
vn 0.9310 0.2479 -0.2680
vn -0.5226 0.3462 0.7791
vn -0.5353 0.3505 0.7685
vn 0.4913 -0.4608 -0.7391
vn 0.0401 0.2173 -0.9753
vn -0.4338 -0.8814 -0.1867
vn 0.9424 0.2593 0.2114
vn 0.9339 0.0111 -0.3575
vn 0.0884 -0.9668 0.2399
vn 0.8858 -0.4496 0.1149
vn -0.7245 0.4218 -0.5452
vn -0.5233 0.5943 -0.6107
vn -0.5511 -0.6514 0.5216
vn 0.4704 0.0038 0.8824
vn -0.9390 -0.2215 0.2632
vn -0.8778 -0.3502 0.3268
vn -0.9808 -0.0859 0.1748
vn -0.0012 -0.4739 0.8806
vn 0.3506 0.0665 0.9342
vn -0.5135 -0.1867 0.8375
vn 0.2958 0.2136 0.9311
vn 0.3852 -0.0974 0.9177
vn -0.4993 -0.2095 0.8407
vn -0.9253 0.0525 0.3757
vn -0.0168 -0.4347 0.9004
vn 0.6054 -0.3855 0.6963
vn 0.5896 -0.7622 0.2673
vn 0.5604 -0.4423 0.7002
vn 0.5492 0.4930 0.6748
vn -0.5656 0.0848 -0.8203
vn -0.0671 -0.9318 0.3568
vn 0.9427 -0.2735 0.1913
vn -0.4660 -0.1926 -0.8636
vn 0.3432 0.9294 -0.1360
vn -0.5557 0.4271 -0.7133
vn 0.8736 0.1986 -0.4442
vn 0.9485 0.0673 0.3095
vn 0.5751 0.4723 0.6679
vn -0.2608 0.5288 -0.8077
vn -0.7733 -0.1061 0.6251
vn -0.2412 -0.9543 -0.1763
vn -0.7493 -0.6550 -0.0976
vn 0.9270 0.1066 0.3596
vn -0.3335 0.6427 -0.6897
vn -0.9882 0.0302 -0.1502
vn -0.4283 0.2375 0.8719
vn 0.6455 0.6986 0.3088
vn 0.2453 0.9178 -0.3122
vn 0.1503 0.6057 0.7814
vn 0.3631 0.0921 0.9272
vn 0.3572 0.2896 0.8880
vn 0.4932 0.8376 -0.2350
vn -0.2634 0.9434 -0.2014
vn 0.4943 0.8570 -0.1458
vn -0.7064 0.6672 0.2363
vn -0.5248 0.5762 -0.6266
vn 0.2702 -0.7553 -0.5972
vn 0.5397 -0.0814 -0.8379
vn 0.1469 0.3752 -0.9152
vn 0.3715 0.7442 -0.5552
vn 0.8999 0.1708 -0.4012
vn 0.4485 -0.6393 -0.6247
vn 0.4456 -0.6074 -0.6576
vn -0.5728 -0.0867 -0.8151
vn -0.7302 -0.4721 -0.4939
vn -0.5611 -0.8107 -0.1670
vn -0.5736 -0.8025 -0.1642
vn 0.1994 -0.5785 -0.7909
vn 0.2753 -0.5291 -0.8027
vn 0.6000 -0.7827 -0.1652
vn 0.9010 -0.4246 0.0893
vn -0.6290 0.1609 0.7605
vn 0.9155 -0.3286 0.2320
vn 0.0542 0.3923 -0.9182
vn 0.0216 -0.9514 0.3073
vn -0.4317 -0.7277 0.5329
vn 0.9253 0.1766 -0.3358
vn 0.0691 0.5962 0.7998
vn -0.5467 -0.8325 -0.0905
vn -0.3493 -0.9366 -0.0282
vn -0.5112 0.7968 0.3222
vn -0.5591 -0.8063 -0.1930
vn -0.7463 -0.5663 0.3498
vn 0.8728 0.4790 0.0938
vn 0.4924 0.7425 -0.4542
vn -0.2128 0.7436 -0.6339
vn 0.6577 -0.7339 0.1697
vn 0.9799 0.1095 0.1668
vn -0.5346 0.8438 -0.0465
vn -0.5150 0.8543 -0.0704
vn -0.1192 0.3259 -0.9379
vn 0.8563 -0.1228 -0.5017
vn -0.4867 -0.8724 0.0464
vn -0.3095 0.3361 0.8895
vn 0.0765 0.9943 -0.0739
vn -0.9485 -0.0688 -0.3091
vn -0.8731 -0.2068 0.4415
vn 0.5971 0.1231 0.7927
vn 0.0136 -0.7647 -0.6442
vn 0.7949 0.5157 -0.3196
vn 0.5517 -0.6841 -0.4771
vn 0.6062 0.5990 -0.5231
vn 0.3178 -0.3566 -0.8786
vn -0.3425 -0.9295 0.1369
vn -0.5970 -0.3134 0.7385
vn -0.1685 -0.2086 0.9634
vn 0.9976 -0.0302 0.0629
vn -0.9095 0.3497 -0.2247
vn 0.3201 -0.2936 -0.9008
vn 0.3227 -0.8731 -0.3655
vn 0.7203 -0.2810 -0.6342
vn -0.3351 -0.8996 0.2801
vn -0.1278 -0.0010 0.9918
vn 0.1838 -0.6098 0.7710
vn 0.7334 0.0041 0.6798
vn -0.9359 -0.3248 0.1363
vn -0.9315 -0.3462 -0.1113
vn -0.0057 0.9305 -0.3662
vn 0.2822 0.8962 0.3422
vn 0.7926 0.3452 0.5026
vn 0.7470 0.5534 -0.3683
vn 0.3780 0.9055 0.1930
vn -0.8621 -0.4899 -0.1293
vn 0.7485 0.6559 0.0977
vn -0.3531 -0.0406 0.9347
vn -0.2027 -0.5229 0.8279
vn -0.4161 -0.3428 0.8422
vn -0.8134 -0.0765 0.5767
vn -0.2525 -0.1728 0.9520
vn -0.4895 -0.4507 0.7465
vn 0.5428 0.8157 0.2000
vn 0.2925 0.8309 0.4732
vn 0.5222 0.1224 0.8440
vn 0.4752 0.4562 0.7524
vn -0.2359 0.9665 0.1012
vn -0.0852 0.9690 -0.2320
vn -0.4541 0.7025 0.5480
vn -0.2317 0.9233 -0.3063
vn -0.3867 0.9156 -0.1101
vn -0.7984 0.6008 -0.0395
vn 0.5400 0.6578 -0.5251
vn 0.1239 0.3156 -0.9408
vn 0.7002 0.3520 -0.6211
vn 0.2591 -0.0139 -0.9658
vn 0.6906 0.0353 -0.7224
vn 0.4890 0.5517 -0.6756
vn -0.2850 -0.7180 -0.6351
vn -0.9044 -0.2801 -0.3220
vn -0.7637 -0.1228 -0.6338
vn -0.4324 -0.5374 -0.7240
vn -0.8271 -0.3042 -0.4727
vn 0.4335 -0.9008 0.0256
vn 0.4539 -0.8772 -0.1564
vn 0.6717 -0.7406 -0.0181
vn 0.6088 -0.7687 -0.1960
vn 0.4976 -0.8043 -0.3249
vn 0.5098 -0.5998 0.6166
vn 0.6759 -0.6701 0.3068
vn 0.0131 0.9991 -0.0398
vn 0.6387 0.6689 -0.3802
vn 0.2525 0.9555 0.1524
vn 0.4440 0.7305 -0.5189
vn -0.0753 -0.5945 -0.8006
vn 0.4024 -0.3047 -0.8633
vn -0.0354 -0.3660 0.9299
vn 0.0152 -0.9951 0.0980
vn 0.3958 -0.8318 -0.3892
vn -0.8090 -0.4312 0.3996
vn -0.5654 -0.0757 0.8214
vn -0.2975 0.2381 -0.9245
vn -0.2715 0.6017 0.7511
vn 0.7109 0.1946 -0.6758
vn -0.2894 0.3605 -0.8867
vn 0.4257 -0.8854 0.1867
vn -0.2026 0.5098 0.8361
vn 0.5212 0.5715 0.6338
vn 0.9829 -0.0694 0.1703
vn 0.4465 -0.8790 0.1673
vn -0.1324 -0.9895 -0.0586
vn -0.0640 -0.9825 -0.1750
vn 0.6359 -0.7628 0.1170
vn 0.9371 -0.2286 -0.2638
vn 0.9696 -0.2218 -0.1033
vn 0.9278 -0.2998 -0.2221
vn -0.2219 0.4195 -0.8802
vn -0.1857 0.5977 -0.7799
vn -0.7483 0.1207 -0.6523
vn 0.0193 0.8952 0.4452
vn -0.1695 0.8683 0.4662
vn 0.5101 0.6451 -0.5689
vn -0.1144 0.8443 0.5236
vn -0.2022 0.7479 0.6323
vn -0.2597 0.1991 0.9450
vn 0.9998 0.0122 -0.0157
vn 0.9346 -0.1858 0.3033
vn 0.8758 -0.3225 -0.3591
vn -0.1755 -0.9448 -0.2768
vn 0.1032 0.8133 0.5726
vn 0.0760 0.6601 0.7473
vn 0.0832 0.7439 0.6631
vn 0.9825 -0.1141 -0.1469
vn -0.2909 0.6200 0.7287
vn -0.4937 0.6462 0.5819
vn -0.4603 0.5799 0.6721
vn -0.6465 0.7033 0.2956
vn -0.5714 0.7637 0.3005
vn -0.5530 0.7283 0.4046
vn -0.8812 -0.2391 -0.4078
vn -0.6431 0.6594 0.3894
vn -0.5828 0.5734 -0.5758
vn -0.2818 0.4450 -0.8500
vn 0.5426 0.8102 0.2216
vn 0.8247 0.5630 -0.0532
vn 0.8575 -0.2728 -0.4362
vn 0.5200 -0.2316 -0.8222
vn -0.2014 -0.8492 0.4882
vn -0.3003 -0.8853 0.3550
vn -0.1898 -0.9206 0.3411
vn 0.2961 -0.0340 0.9546
vn 0.0128 0.2121 0.9772
vn 0.1468 0.0089 0.9891
vn 0.2049 0.0628 0.9768
vn 0.8127 -0.2431 0.5296
vn 0.3968 -0.1101 0.9113
vn 0.2742 0.9599 -0.0588
vn 0.6347 -0.1567 0.7567
vn 0.5149 -0.1461 0.8447
vn -0.6561 0.4421 -0.6116
vn -0.7330 0.3989 -0.5510
vn -0.5901 0.0415 -0.8063
vn -0.5668 0.4980 -0.6563
vn -0.3572 0.8557 0.3744
vn -0.7388 -0.6274 0.2459
vn -0.1467 -0.0090 -0.9891
vn -0.7294 0.2123 -0.6503
vn -0.3959 -0.9094 0.1273
vn -0.2554 -0.9636 0.0795
vn -0.3967 0.1100 -0.9113
vn -0.2453 0.5245 0.8153
vn 0.9814 0.1847 -0.0529
vn 0.9411 0.3277 -0.0834
vn -0.1266 0.9728 -0.1941
vn 0.5394 0.2626 0.8000
vn -0.8313 -0.5408 0.1282
vn -0.4088 -0.0970 0.9074
vn 0.7294 -0.2123 0.6503
vn 0.3123 -0.2637 0.9126
vn 0.6213 -0.2335 0.7480
vn 0.4800 -0.2516 0.8404
vn 0.5486 -0.8353 0.0350
vn 0.8006 -0.4452 -0.4012
vn 0.6165 -0.5775 -0.5352
vn 0.3914 -0.4059 0.8259
vn 0.5226 -0.5830 -0.6221
vn -0.4566 0.8406 -0.2914
vn -0.1841 0.9447 0.2712
vn 0.1604 0.8210 0.5480
vn 0.0456 0.7635 0.6442
vn -0.2641 0.9060 0.3309
vn -0.1292 0.9165 0.3786
vn 0.4797 0.6725 0.5636
vn 0.8149 -0.1308 0.5646
vn -0.2445 0.6542 0.7157
vn 0.8395 -0.4899 -0.2352
vn -0.5772 -0.8130 0.0762
vn -0.5525 -0.8130 0.1837
vn -0.7615 -0.6134 0.2097
vn -0.6722 -0.7216 0.1654
vn -0.9278 0.2998 0.2221
vn 0.5490 -0.8349 0.0387
vn 0.1271 -0.9663 0.2237
vn 0.0354 -0.9082 -0.4170
vn 0.3729 -0.7139 -0.5927
vn 0.1144 -0.8443 -0.5236
vn 0.2682 -0.7929 -0.5471
vn 0.7616 0.6132 -0.2096
vn -0.8023 0.4013 0.4419
vn 0.2089 0.9741 0.0870
vn 0.0272 0.7343 -0.6783
vn -0.0208 0.7582 -0.6517
vn 0.3004 0.8853 -0.3550
vn -0.9998 -0.0123 0.0157
vn -0.9812 -0.0610 0.1831
vn -0.9825 0.1141 0.1469
vn -0.9674 0.0641 0.2450
vn 0.3966 0.8960 -0.1997
vn 0.5746 0.7683 -0.2821
vn 0.9228 -0.3789 0.0702
vn 0.9118 -0.4083 -0.0438
vn 0.8830 -0.4454 -0.1481
vn 0.9748 0.0252 -0.2216
vn 0.8650 -0.5018 -0.0053
vn 0.8281 -0.5601 0.0248
vn 0.8134 -0.5792 -0.0538
vn 0.7953 -0.6048 0.0414
vn 0.7928 -0.6091 -0.0203
vn 0.0776 -0.8537 0.5149
vn 0.0122 -0.9454 0.3256
vn -0.8704 0.4834 -0.0936
vn -0.8678 0.4923 -0.0677
vn -0.8246 -0.5632 0.0532
vn -0.3043 -0.9512 0.0516
vn -0.2602 -0.9549 -0.1432
vn -0.3530 0.2510 -0.9013
vn -0.5592 -0.7730 -0.2996
vn -0.4894 -0.8062 -0.3325
vn -0.5051 -0.7760 -0.3778
vn -0.4206 -0.8274 -0.3722
vn -0.0313 -0.5329 -0.8456
vn 0.4800 0.2570 -0.8388
vn -0.4513 -0.7993 -0.3969
vn -0.3704 -0.8254 -0.4260
vn 0.8786 0.2189 -0.4245
vn 0.8147 0.2276 -0.5334
vn 0.8346 0.2968 -0.4640
vn 0.8060 0.3639 -0.4669
vn -0.2261 0.1183 -0.9669
vn -0.0734 0.0226 -0.9970
vn -0.0772 -0.1161 -0.9902
vn 0.8145 0.2832 -0.5063
vn 0.7141 -0.4667 -0.5217
vn 0.7173 -0.4160 -0.5589
vn 0.6723 0.7216 -0.1654
vn -0.8149 0.1308 -0.5646
vn 0.2027 -0.5098 -0.8360
vn -0.8152 0.1863 -0.5484
vn 0.1221 -0.4028 -0.9071
vn 0.0488 -0.4344 -0.8994
vn -0.7227 -0.5748 -0.3838
vn -0.0401 -0.9493 -0.3119
vn -0.0046 -0.3365 -0.9417
vn 0.0973 -0.5423 -0.8346
vn 0.1194 -0.6461 -0.7538
vn 0.0414 -0.8338 -0.5505
vn 0.2022 -0.7479 -0.6323
vn 0.2909 -0.6201 -0.7286
vn -0.5155 0.6258 -0.5853
vn -0.0826 -0.2463 -0.9657
vn 0.1802 -0.3489 -0.9197
vn 0.0520 -0.3055 -0.9508
vn 0.5656 0.7965 0.2139
vn -0.1416 0.2760 -0.9507
vn -0.3123 0.2637 -0.9127
vn -0.1209 0.1479 -0.9816
vn -0.8982 -0.3920 0.1991
vn -0.1220 0.4027 0.9072
vn 0.5558 0.6330 -0.5388
vn 0.0871 0.9354 0.3426
vn -0.1801 0.3488 0.9197
vn 0.6037 -0.5260 -0.5991
vn 0.3746 -0.4801 -0.7932
vn -0.5185 0.6716 -0.5292
vn -0.4463 0.7133 -0.5403
vn -0.3332 0.7319 -0.5944
vn -0.4625 0.7384 -0.4907
vn 0.2866 0.5571 0.7794
vn -0.4071 0.7640 -0.5006
vn -0.6132 -0.5595 0.5576
vn -0.6752 -0.5304 0.5127
vn 0.8539 0.2723 0.4436
vn 0.8392 0.2141 0.4999
vn 0.4603 -0.5799 -0.6721
vn 0.4945 -0.4859 -0.7207
vn 0.1209 -0.1480 0.9816
vn 0.0735 -0.0227 0.9970
vn 0.0773 0.1159 0.9902
vn -0.7087 -0.3661 0.6032
vn 0.0206 0.0842 0.9962
vn 0.1319 -0.5518 0.8235
vn -0.6757 -0.0809 0.7328
vn 0.2219 -0.4195 0.8802
vn 0.0596 -0.5307 0.8454
vn -0.9813 -0.1848 0.0529
vn -0.9410 -0.3279 0.0834
vn 0.6995 0.3803 0.6050
vn -0.7141 0.4667 0.5217
vn -0.8013 0.3575 0.4797
vn -0.6037 0.5260 0.5990
vn -0.6165 0.4598 0.6392
vn -0.2724 0.4283 0.8616
vn -0.3745 0.4801 0.7932
vn 0.8227 0.5299 -0.2056
vn 0.3898 0.9096 -0.1441
vn 0.0991 -0.6842 0.7225
vn 0.0507 -0.6538 0.7550
vn -0.1690 -0.8887 0.4263
vn -0.0194 -0.8952 -0.4453
vn 0.9035 -0.4269 0.0384
vn 0.8862 -0.1493 0.4386
vn 0.0011 0.9581 0.2863
vn 0.9677 -0.1733 -0.1831
vn 0.3145 0.3967 -0.8624
vn -0.0205 -0.0844 -0.9962
vn 0.0034 0.6299 -0.7767
vn 0.2148 0.8644 -0.4546
vn -0.0127 -0.2122 -0.9771
vn -0.4904 0.6422 -0.5892
vn -0.5019 0.6313 -0.5912
vn -0.4156 0.7553 -0.5067
vn 0.9731 -0.1642 0.1618
vn -0.8872 -0.4592 0.0447
vn 0.1898 -0.9599 0.2063
vn 0.4904 -0.8224 -0.2884
vn 0.7921 0.2542 0.5550
vn 0.8240 0.3088 0.4751
vn 0.1146 -0.4064 0.9065
vn 0.2148 0.9538 -0.2099
vn -0.8995 -0.4368 -0.0075
vn -0.2947 -0.5667 -0.7694
vn -0.1616 -0.6573 -0.7361
vn 0.8705 -0.3746 -0.3191
vn 0.7595 -0.6483 -0.0540
vn -0.6897 -0.6646 -0.2876
vn -0.6809 -0.7273 0.0859
vn -0.6347 0.1567 -0.7567
vn -0.6614 -0.2291 -0.7141
vn 0.1839 -0.9693 -0.1634
vn -0.8802 0.2133 -0.4239
vn -0.5862 0.3057 -0.7503
vn -0.9446 0.1037 -0.3114
vn -0.8862 0.1494 -0.4386
vn -0.8824 0.0909 -0.4617
vn 0.1416 -0.2761 0.9507
vn 0.6790 0.6937 -0.2403
vn 0.7313 -0.2730 0.6250
vn 0.8887 0.1207 -0.4424
vn -0.4958 0.2297 0.8375
vn -0.2177 0.4343 0.8741
vn 0.1213 0.9711 0.2053
vn -0.1935 0.8367 0.5124
vn -0.4822 -0.6754 -0.5579
vn -0.9851 -0.1261 -0.1168
vn -0.9363 0.0356 -0.3495
vn -0.9865 0.0483 -0.1565
vn -0.8242 -0.4354 -0.3621
vn 0.2134 -0.8460 -0.4886
vn 0.5526 0.8129 -0.1837
vn 0.5773 0.8130 -0.0762
vn 0.8677 -0.4924 0.0676
vn 0.8703 -0.4836 0.0936
vn 0.8684 -0.4808 0.1211
vn 0.5690 -0.5924 -0.5703
vn 0.8711 -0.2788 -0.4042
vn 0.5696 -0.5062 -0.6476
vn 0.7611 0.6317 -0.1471
vn -0.0519 0.3053 0.9508
vn -0.8987 -0.2885 -0.3303
vn -0.8006 0.4452 0.4012
vn 0.2724 -0.4283 -0.8616
vn 0.4640 -0.0637 -0.8836
vn -0.6433 -0.2527 0.7228
vn 0.5173 -0.6686 0.5342
vn 0.2860 -0.4962 0.8198
vn -0.8275 0.5509 -0.1088
vn -0.9731 0.1642 -0.1618
vn -0.9856 0.1673 -0.0235
vn -0.5732 -0.1372 0.8079
vn -0.8705 0.3746 0.3191
vn 0.2014 0.8492 -0.4882
vn 0.0543 0.8212 -0.5681
vn -0.1180 0.4868 0.8655
vn 0.1288 0.1546 0.9795
vn 0.5625 0.5884 0.5808
vn -0.0487 0.4343 0.8995
vn -0.0992 0.6842 -0.7225
vn -0.2860 0.4962 -0.8198
vn 0.3043 0.9512 -0.0516
vn 0.8023 -0.4012 -0.4419
vn 0.8013 -0.3575 -0.4797
vn -0.3729 0.7139 0.5927
vn 0.9819 -0.1567 -0.1065
vn 0.4690 0.8823 -0.0406
vn 0.5739 0.5920 0.5658
vn 0.7632 0.6408 -0.0825
vn 0.1685 0.9551 0.2439
vn 0.4651 0.8171 -0.3405
vn 0.6295 0.5136 -0.5831
vn 0.5735 0.5291 -0.6254
vn 0.2357 -0.3021 0.9237
vn 0.4008 0.3844 0.8316
vn 0.5463 0.5039 0.6690
vn 0.0169 0.8583 0.5130
vn 0.5515 -0.5182 0.6537
vn -0.7950 0.3465 -0.4979
vn -0.8183 0.5726 -0.0502
vn -0.9696 0.2218 0.1033
vn -0.8758 0.3226 0.3591
vn -0.0572 0.1767 0.9826
vn 0.5526 -0.7796 0.2947
vn 0.1933 0.9782 -0.0761
vn 0.4937 -0.6462 -0.5819
vn 0.2214 0.9739 0.0498
vn -0.0354 0.9082 0.4170
vn -0.1923 0.4666 -0.8633
vn -0.5048 0.8313 0.2327
vn 0.1618 -0.5285 0.8334
vn -0.1110 -0.7979 0.5924
vn -0.0544 -0.8212 0.5681
vn -0.4690 -0.8823 0.0406
vn 0.9851 0.1261 0.1169
vn -0.4373 -0.3434 -0.8312
vn 0.4409 0.2714 -0.8556
vn 0.6063 0.7755 -0.1763
vn -0.3205 0.3153 -0.8933
vn 0.5882 -0.1952 0.7848
vn -0.7333 0.1507 -0.6630
vn -0.8828 0.3882 0.2646
vn -0.8903 -0.4425 0.1077
vn 0.0640 0.9825 0.1750
vn -0.2683 0.9633 -0.0119
vn -0.6920 -0.5506 -0.4669
vn 0.2672 0.2657 -0.9263
vn -0.5265 -0.7629 -0.3753
vn -0.3644 -0.9304 -0.0396
vn -0.0273 -0.7343 0.6783
vn 0.1909 0.8197 -0.5400
vn 0.2130 0.8918 -0.3993
vn 0.7866 0.3249 -0.5250
vn 0.7767 0.2553 -0.5759
vn -0.2190 0.1819 -0.9586
vn -0.7033 0.7046 0.0940
vn 0.9812 0.0610 -0.1831
vn 0.9674 -0.0641 -0.2450
vn 0.0047 0.3364 0.9417
vn 0.2419 -0.0341 0.9697
vn -0.0849 0.9227 0.3760
vn -0.5745 -0.7683 0.2821
vn -0.6293 -0.5156 0.5815
vn -0.6778 -0.4775 0.5591
vn -0.1214 -0.9711 -0.2053
vn -0.6165 0.5775 0.5352
vn -0.1030 0.9691 0.2239
vn 0.5068 0.6619 0.5523
vn 0.7182 -0.6004 -0.3518
vn -0.5115 0.3495 -0.7850
vn -0.6327 0.3070 -0.7110
vn 0.9363 -0.0356 0.3495
vn 0.9735 0.0380 0.2254
vn 0.1970 -0.9426 0.2697
vn -0.1256 -0.8754 0.4668
vn 0.5012 -0.6196 0.6040
vn 0.7870 -0.5180 0.3352
vn -0.1572 -0.7671 0.6220
vn -0.5149 0.1461 -0.8447
vn -0.9325 -0.3223 0.1630
vn -0.9679 -0.1921 0.1621
vn -0.8381 -0.5067 -0.2019
vn -0.9345 -0.3558 0.0086
vn 0.6810 0.7272 -0.0859
vn 0.7238 0.6189 0.3050
vn 0.0848 -0.9227 -0.3760
vn 0.9876 0.1490 -0.0491
vn -0.2682 0.7929 0.5471
vn -0.4051 0.9000 0.1609
vn -0.4650 -0.8172 0.3405
vn -0.3583 -0.8283 0.4308
vn -0.5106 -0.5420 0.6675
vn -0.2035 0.8036 0.5592
vn -0.0942 0.7463 0.6589
vn -0.1194 0.6461 0.7539
vn -0.5290 -0.8316 0.1689
vn -0.7173 0.4160 0.5589
vn -0.4945 0.4859 0.7207
vn -0.1886 0.8459 0.4988
vn 0.0447 0.8457 -0.5317
vn 0.8193 0.5645 -0.1008
vn -0.7313 0.2730 -0.6250
vn -0.0823 0.8741 0.4787
vn -0.3756 -0.8978 0.2302
vn -0.7958 0.0192 -0.6053
vn -0.2397 0.5717 -0.7847
vn -0.5656 -0.7965 -0.2138
vn 0.1695 -0.8683 -0.4663
vn -0.7261 0.3015 0.6180
vn -0.0542 -0.8961 -0.4405
vn 0.0383 0.0620 0.9973
vn -0.2148 -0.8644 0.4546
vn -0.1243 -0.5796 0.8054
vn 0.2849 -0.3399 0.8963
vn -0.2017 -0.0414 0.9786
vn 0.5788 -0.7639 0.2853
vn 0.8824 -0.0909 0.4617
vn 0.7964 0.2960 0.5274
vn -0.9275 0.1824 0.3264
vn -0.7202 0.2174 0.6589
vn 0.4798 0.2541 -0.8398
vn -0.4612 0.7724 -0.4366
vn 0.0028 -0.9772 0.2121
vn 0.2577 0.9075 0.3318
vn 0.5379 -0.7456 -0.3935
vn 0.8094 -0.5623 -0.1693
vn -0.8177 -0.2274 0.5288
vn -0.7056 0.1467 0.6933
vn -0.5227 0.5844 0.6207
vn -0.4855 -0.4997 -0.7174
vn 0.3689 -0.2220 0.9026
vn 0.5281 0.3115 -0.7900
vn 0.2681 -0.1958 -0.9433
vn -0.7257 0.6879 -0.0107
vn 0.6666 -0.0077 0.7454
vn 0.7404 -0.0172 0.6720
vn 0.1175 -0.9500 0.2893
vn 0.5330 0.2407 -0.8112
vn -0.2566 0.9607 -0.1062
vn -0.2650 0.7808 -0.5657
vn 0.8755 0.3443 -0.3389
vn 0.2157 -0.4036 0.8892
vn 0.1215 0.5843 -0.8024
vn -0.3228 -0.6675 0.6710
vn 0.8850 -0.4031 0.2332
vn 0.5781 0.7355 -0.3533
vn 0.8594 0.4116 -0.3035
vn -0.3266 -0.2240 -0.9182
vn -0.3830 0.0981 -0.9185
vn 0.0694 -0.9908 -0.1164
vn -0.9248 0.3742 -0.0692
vn -0.5321 0.5180 -0.6697
vn -0.5171 0.7797 0.3530
vn -0.7710 0.6342 0.0580
vn 0.3251 0.6959 0.6404
vn 0.8940 -0.4464 0.0398
vn 0.5553 -0.8158 0.1616
vn -0.1004 -0.4784 -0.8724
vn 0.4020 0.8710 -0.2823
vn -0.4651 0.8140 0.3480
vn -0.0282 0.4383 -0.8984
vn -0.8175 -0.2987 -0.4924
vn -0.3940 -0.7015 -0.5939
vn -0.9929 0.1180 -0.0154
vn -0.9299 -0.3019 -0.2102
vn -0.7524 -0.6415 -0.1494
vn 0.8675 0.1011 0.4871
vn -0.3261 0.6162 0.7169
vn 0.3030 0.1124 -0.9463
vn -0.1052 0.6424 0.7591
vn -0.3667 0.2778 0.8879
vn -0.5238 -0.8398 -0.1427
vn -0.5592 0.3261 0.7622
vn -0.9005 -0.2891 -0.3249
vn -0.6365 -0.4606 0.6186
vn 0.3646 0.7842 -0.5020
vn -0.6585 0.6856 -0.3104
vn 0.1237 0.7720 0.6235
vn -0.5746 -0.3429 0.7432
vn -0.3278 -0.6722 0.6639
vn 0.9340 0.0259 -0.3563
vn 0.1946 0.6202 -0.7600
vn -0.8075 0.5720 0.1443
vn -0.8366 0.5300 0.1389
vn -0.5540 -0.0072 -0.8325
vn -0.8651 -0.4935 -0.0898
vn -0.9467 -0.3027 -0.1103
vn -0.5348 0.7946 -0.2874
vn -0.0697 0.5663 -0.8212
vn -0.7048 -0.6452 -0.2950
vn -0.1541 -0.6617 -0.7338
vn 0.4957 0.2291 -0.8377
vn 0.9984 -0.0136 -0.0557
vn -0.5094 -0.8473 0.1504
vn 0.9250 0.3280 0.1915
vn -0.6625 0.7346 0.1467
vn -0.6883 0.0595 0.7230
vn -0.2518 -0.9093 -0.3313
vn 0.3068 0.1760 0.9354
vn 0.1423 -0.2508 0.9575
vn 0.3890 0.1146 0.9141
vn 0.6349 -0.7567 0.1560
vn 0.2980 -0.1502 0.9427
vn 0.6367 -0.7194 0.2775
vn 0.5740 -0.7994 0.1775
vn 0.1219 -0.3297 0.9362
vn 0.5891 0.4273 0.6858
vn -0.6631 0.7332 -0.1506
vn -0.4889 -0.6547 -0.5765
vn 0.3480 0.9011 -0.2588
vn 0.4819 0.1296 -0.8666
vn 0.4490 0.0308 -0.8930
vn 0.7235 -0.2982 -0.6226
vn 0.7082 0.5558 -0.4353
vn 0.6498 -0.7446 0.1532
vn -0.8437 0.1911 0.5017
vn -0.2277 -0.2403 -0.9436
vn -0.9308 -0.1563 0.3305
vn -0.7450 -0.5177 0.4206
vn 0.2030 0.5403 -0.8166
vn -0.4699 0.5607 -0.6818
vn -0.7250 0.1009 0.6813
vn -0.6820 0.1040 -0.7239
vn -0.3430 0.4776 0.8089
vn 0.5495 0.0101 0.8354
vn 0.8667 -0.3896 0.3114
vn 0.8564 0.0236 0.5158
vn -0.3195 -0.9370 0.1414
vn 0.0699 -0.9959 0.0581
vn 0.4609 -0.3138 -0.8301
vn 0.2481 0.9633 -0.1026
vn 0.4541 -0.7940 -0.4042
vn -0.8708 -0.0815 -0.4849
vn -0.8482 0.3569 -0.3914
vn 0.6924 -0.3851 0.6102
vn 0.0089 -0.9919 0.1267
vn 0.2813 -0.6899 0.6671
vn -0.6547 0.7122 -0.2533
vn -0.3045 -0.5616 -0.7693
vn 0.5853 -0.0250 0.8104
vn 0.3830 -0.4414 0.8115
vn 0.4626 -0.8327 0.3044
vn -0.8401 0.4917 0.2291
vn -0.0488 -0.2899 0.9558
vn 0.4697 -0.0831 -0.8789
vn 0.4292 0.0710 0.9004
vn 0.1268 0.3882 0.9128
vn 0.3358 0.0475 0.9407
vn 0.0920 -0.9735 -0.2091
vn -0.5427 -0.6057 -0.5820
vn -0.6186 0.7827 -0.0690
vn 0.1441 0.7148 0.6843
vn 0.4786 0.7355 0.4795
vn -0.4379 0.8797 -0.1853
vn 0.6526 0.0878 -0.7526
vn -0.1717 -0.9071 -0.3843
vn 0.0023 0.9772 -0.2122
vn 0.4558 0.8687 -0.1937
vn -0.0970 -0.0405 0.9945
vn 0.5148 0.5704 0.6400
vn 0.9147 0.2128 0.3435
vn 0.4825 0.8752 -0.0355
vn -0.8770 0.0648 -0.4761
vn -0.4333 0.2089 0.8767
vn 0.6280 -0.7413 0.2369
vn 0.6939 -0.5492 -0.4657
vn 0.7547 -0.1713 0.6333
vn 0.9184 -0.2148 -0.3324
vn -0.6756 0.4865 -0.5540
vn -0.1959 0.7482 -0.6339
vn 0.8173 -0.1307 -0.5611
vn -0.2442 -0.0104 -0.9697
vn -0.3816 -0.9084 -0.1711
vn -0.6414 -0.7373 0.2121
vn -0.4750 0.8743 -0.0994
vn 0.9275 -0.1824 -0.3264
vn -0.7631 -0.6410 0.0825
vn -0.9664 -0.2569 0.0087
vn 0.9679 0.1920 -0.1621
vn -0.1287 -0.1547 -0.9795
vn 0.5359 -0.8429 0.0491
vn 0.5491 -0.8349 0.0376
vn 0.6690 -0.2266 0.7079
vn 0.0093 0.6523 -0.7579
vn -0.2960 0.0340 -0.9546
vn -0.4862 -0.3059 -0.8186
vn -0.0972 0.5422 0.8346
vn -0.7429 0.0221 -0.6691
vn 0.3624 0.7448 0.5603
vn -0.3018 0.8458 0.4398
vn -0.7494 -0.2988 0.5909
vn -0.5743 -0.6478 0.5005
vn 0.8946 -0.4233 0.1433
vn 0.6420 -0.6628 -0.3854
vn -0.4289 -0.0614 -0.9013
vn 0.6082 -0.6471 0.4598
vn -0.8634 0.4808 0.1531
vn -0.0803 -0.5668 -0.8199
vn 0.5157 0.5677 0.6416
vn 0.5606 -0.3266 -0.7610
vn 0.4991 0.5734 0.6498
vn 0.6731 0.4892 0.5546
vn -0.7883 0.6148 -0.0242
vn 0.6305 -0.7084 0.3174
vn -0.1077 -0.8111 -0.5749
vn 0.2704 -0.9187 -0.2880
vn -0.1412 -0.8607 -0.4892
vn 0.1256 0.8754 -0.4668
vn 0.1899 0.9206 -0.3411
vn 0.9497 -0.2122 -0.2305
vn 0.5860 0.7377 0.3353
vn 0.3055 -0.8589 0.4109
vn -0.8034 -0.0633 0.5921
vn -0.4374 0.8525 -0.2861
vn -0.9881 -0.1380 0.0683
vn 0.9525 0.2855 -0.1057
vn -0.2346 0.7618 0.6038
vn -0.6342 0.7490 -0.1920
vn 0.5448 0.8101 0.2164
vn 0.7669 -0.5722 0.2906
vn 0.6311 0.2055 0.7480
vn -0.6006 -0.7003 0.3859
vn -0.7077 -0.5841 0.3975
vn -0.7633 -0.6439 -0.0531
vn -0.0564 -0.7183 -0.6934
vn -0.3146 -0.8670 -0.3865
vn -0.5155 -0.7022 0.4911
vn -0.3002 -0.6270 0.7189
vn -0.2387 -0.6887 0.6847
vn 0.2684 -0.9058 -0.3278
vn 0.2799 -0.9413 -0.1887
vn -0.0356 0.9993 0.0135
vn -0.1748 0.9835 0.0467
vn -0.0089 0.9956 -0.0935
vn 0.3375 0.9034 0.2645
vn 0.6049 -0.2935 0.7402
vn -0.0801 0.8565 -0.5099
vn -0.4306 0.8831 -0.1865
vn 0.6101 0.7057 -0.3602
vn 0.4858 0.8111 -0.3257
vn 0.4550 0.3657 -0.8119
vn -0.6549 -0.4758 -0.5871
vn 0.8318 0.0110 0.5550
vn -0.8849 0.1082 0.4531
vn -0.9268 -0.1018 0.3615
vn -0.9140 0.0113 0.4055
vn -0.5279 0.2893 0.7985
vn -0.8599 -0.4072 0.3078
vn 0.6991 -0.6687 -0.2534
vn 0.8747 0.2557 0.4117
vn 0.4845 -0.8182 -0.3094
vn -0.0829 -0.7451 -0.6617
vn -0.2349 -0.8143 -0.5308
vn 0.5434 0.1607 -0.8240
vn -0.1292 -0.3935 -0.9102
vn -0.9842 0.1043 -0.1429
vn -0.3145 -0.5005 0.8066
vn -0.5226 -0.5700 -0.6340
vn -0.0621 -0.8569 -0.5117
vn -0.0434 -0.8474 -0.5291
vn -0.9530 -0.2601 0.1552
vn 0.2361 -0.4447 0.8640
vn 0.6479 -0.3196 -0.6915
vn 0.7088 -0.2005 -0.6763
vn 0.2091 -0.1734 -0.9624
vn 0.5681 -0.8047 0.1723
vn 0.5875 0.6264 0.5123
vn 0.1423 0.1296 0.9813
vn -0.2878 -0.3747 0.8813
vn -0.9275 0.0626 -0.3686
vn 0.2194 -0.5061 0.8341
vn -0.0120 0.9448 -0.3275
vn -0.0413 0.9039 -0.4257
vn -0.5892 -0.1274 -0.7979
vn 0.3940 -0.4108 0.8222
vn 0.2252 -0.1516 0.9624
vn -0.7421 -0.0585 0.6678
vn -0.8143 -0.0710 0.5761
vn -0.7842 0.0153 0.6204
vn -0.8159 0.1050 0.5686
vn -0.6711 -0.1042 0.7340
vn -0.8191 -0.2332 0.5242
vn -0.8774 -0.2005 0.4359
vn -0.8411 -0.1432 0.5216
vn -0.8738 -0.0502 0.4836
vn -0.3656 0.9244 0.1091
vn -0.7946 -0.3296 0.5098
vn -0.8225 0.0721 0.5642
vn -0.7704 -0.1731 0.6136
vn -0.6772 -0.3037 0.6702
vn -0.5789 -0.2323 0.7816
vn 0.9166 0.2900 0.2754
vn -0.5035 0.8592 -0.0908
vn 0.5615 0.7691 0.3053
vn 0.4823 0.8319 0.2745
vn 0.6086 0.7661 0.2067
vn 0.5809 0.7059 0.4052
vn 0.4183 0.7974 0.4349
vn 0.4130 0.8476 0.3333
vn 0.5936 0.6277 0.5037
vn -0.7908 0.5738 -0.2133
vn -0.4441 0.8492 -0.2857
vn -0.6643 0.6760 0.3190
vn -0.1497 -0.3564 0.9223
vn 0.6749 0.5757 0.4616
vn 0.6811 0.6317 0.3702
vn 0.6345 0.7123 0.3000
vn 0.7410 0.6491 0.1723
vn -0.5556 0.8140 -0.1695
vn -0.9917 -0.1283 -0.0060
vn -0.1499 0.9877 -0.0434
vn -0.2392 0.9637 -0.1188
vn -0.2631 0.9646 -0.0203
vn -0.3434 0.9366 -0.0697
vn -0.3203 0.9266 -0.1970
vn -0.1260 0.9499 -0.2859
vn -0.2413 0.9275 -0.2855
vn -0.1239 0.9837 -0.1306
vn -0.1000 0.9726 -0.2099
vn -0.1541 0.9176 -0.3663
vn -0.3466 0.8830 -0.3164
vn 0.5658 0.6065 0.5585
vn 0.5000 0.5744 0.6481
vn 0.3705 -0.1475 -0.9170
vn 0.6018 -0.1184 -0.7898
vn 0.4956 -0.2310 -0.8373
vn 0.4372 -0.1921 -0.8786
vn 0.4629 -0.0845 -0.8824
vn 0.3843 -0.0364 -0.9225
vn 0.5022 0.8252 0.2584
vn 0.5512 -0.0224 -0.8341
vn -0.8207 -0.4419 -0.3623
vn 0.6547 -0.0194 -0.7557
vn 0.6797 -0.1085 -0.7254
vn -0.3898 -0.5147 -0.7636
vn -0.3108 -0.4886 -0.8153
vn -0.2045 -0.5216 -0.8283
vn -0.2257 -0.4423 -0.8680
vn -0.4303 0.6711 -0.6038
vn -0.2891 -0.5737 -0.7664
vn -0.2098 -0.7660 -0.6076
vn -0.2920 -0.6998 -0.6520
vn -0.1603 -0.6576 -0.7361
vn -0.1837 -0.7120 -0.6777
vn -0.2545 -0.6459 -0.7197
vn -0.3170 -0.7567 -0.5717
vn 0.4594 -0.8864 0.0569
vn 0.5488 -0.8352 0.0356
vn 0.6663 -0.7276 -0.1634
vn 0.6292 -0.7269 -0.2752
vn 0.5875 -0.7885 -0.1819
vn 0.5332 -0.8412 -0.0904
vn 0.3387 0.8560 0.3905
vn 0.6768 0.7111 0.1907
vn 0.7605 0.6468 0.0579
vn 0.6160 0.7818 0.0966
vn 0.5421 0.8109 0.2206
vn 0.4683 -0.5574 0.6855
vn 0.7088 -0.5072 0.4903
vn -0.8820 0.4488 0.1440
vn 0.3259 0.7106 -0.6235
vn 0.0510 0.9398 -0.3379
vn 0.2444 0.6869 -0.6845
vn 0.7329 0.5152 -0.4443
vn 0.6881 0.6188 -0.3789
vn 0.6063 0.7939 0.0458
vn 0.7143 0.6924 0.1018
vn 0.6092 0.6681 -0.4273
vn 0.6679 0.5643 -0.4852
vn 0.5320 0.6435 -0.5503
vn 0.5147 0.7055 -0.4872
vn -0.8442 0.4687 -0.2599
vn -0.8669 0.4680 -0.1716
vn -0.9363 0.2989 -0.1843
vn -0.8685 0.3824 -0.3154
vn -0.9002 -0.4143 -0.1340
vn 0.1024 -0.7997 0.5916
vn 0.3692 -0.6262 0.6868
vn 0.4350 -0.6742 0.5968
vn 0.4831 0.0561 0.8738
vn 0.5811 0.0152 0.8137
vn 0.6587 0.1084 0.7445
vn 0.2788 -0.7177 0.6381
vn -0.9991 0.0159 0.0401
vn 0.3230 0.2998 0.8977
vn 0.2339 0.2400 0.9422
vn 0.3940 0.2440 0.8861
vn -0.0761 -0.0731 0.9944
vn -0.9896 -0.1437 0.0039
vn 0.1709 0.9757 0.1369
vn -0.9239 -0.1528 -0.3508
vn -0.9349 -0.2375 -0.2636
vn -0.8569 -0.0296 -0.5146
vn -0.8869 -0.3584 -0.2915
vn -0.8993 -0.2875 -0.3296
vn 0.5725 -0.3882 -0.7222
vn -0.1689 0.1341 0.9765
vn 0.2117 -0.6978 0.6843
vn 0.5879 -0.5772 -0.5667
vn 0.6468 -0.4937 -0.5814
vn 0.3606 -0.7004 -0.6159
vn 0.7396 -0.4225 -0.5239
vn -0.2331 -0.2880 0.9288
vn -0.1589 -0.2155 0.9635
vn -0.1629 -0.3660 0.9163
vn -0.3679 -0.1497 0.9178
vn -0.2669 -0.2027 0.9422
vn -0.2878 -0.1049 0.9519
vn -0.4632 -0.2572 0.8481
vn -0.3477 -0.2758 0.8961
vn 0.6707 0.3884 0.6319
vn -0.4708 -0.3541 0.8080
vn -0.2986 -0.4499 0.8417
vn -0.2719 -0.3649 0.8905
vn -0.3752 -0.3900 0.8409
vn -0.2172 -0.5197 0.8263
vn 0.5968 0.5324 0.6003
vn 0.1446 0.6250 0.7671
vn 0.5719 0.3224 0.7543
vn 0.5867 0.1216 0.8006
vn 0.4852 0.2864 0.8262
vn 0.5175 0.1343 0.8451
vn 0.5461 0.2188 0.8087
vn 0.6981 0.1984 0.6880
vn 0.4709 0.3959 0.7884
vn -0.2590 0.9196 -0.2953
vn -0.6204 -0.1360 0.7724
vn -0.8025 0.5624 -0.1989
vn -0.8810 0.4646 -0.0894
vn -0.8004 0.5986 -0.0323
vn -0.8400 0.5388 0.0631
vn 0.5788 0.6240 -0.5250
vn -0.6520 0.7567 -0.0486
vn -0.6927 0.7107 -0.1229
vn -0.7289 0.6344 -0.2574
vn -0.5234 0.5658 -0.6372
vn -0.7527 0.6454 -0.1303
vn -0.7756 0.5572 -0.2965
vn -0.8139 0.4650 -0.3483
vn 0.3243 0.6152 -0.7186
vn 0.4030 0.5431 -0.7366
vn 0.4843 0.5545 -0.6768
vn 0.4708 0.6406 -0.6066
vn 0.5992 0.6081 -0.5208
vn 0.6982 0.4709 -0.5392
vn 0.6230 0.5204 -0.5840
vn 0.5775 0.3592 -0.7332
vn 0.6600 0.3289 -0.6754
vn 0.5788 0.2324 -0.7816
vn -0.5956 -0.6028 -0.5310
vn 0.4626 0.4679 -0.7530
vn 0.5669 0.4713 -0.6757
vn 0.4893 0.3706 -0.7894
vn -0.3076 -0.7048 -0.6392
vn -0.5410 0.8204 -0.1853
vn -0.7581 -0.3261 -0.5648
vn -0.7845 -0.4077 -0.4673
vn -0.6886 -0.3955 -0.6078
vn 0.4392 -0.8874 -0.1403
vn 0.1044 -0.9597 0.2610
vn 0.5533 -0.2349 -0.7992
vn -0.8306 -0.4251 -0.3598
vn -0.7622 -0.5128 -0.3949
vn -0.8053 -0.5070 -0.3073
vn -0.8662 -0.4336 -0.2485
vn 0.3724 -0.7942 0.4802
vn 0.2896 -0.7798 0.5549
vn 0.4659 -0.2053 -0.8607
vn 0.9065 0.3706 0.2020
vn 0.5398 -0.7308 0.4177
vn 0.5196 -0.6745 0.5244
vn 0.5960 -0.6453 0.4778
vn 0.6397 -0.5508 0.5361
vn 0.3650 -0.7295 0.5784
vn 0.8870 -0.4417 0.1347
vn 0.8783 -0.4494 0.1630
vn 0.6440 -0.6684 0.3720
vn 0.6741 -0.5980 0.4337
vn 0.0701 0.8589 0.5073
vn 0.4341 -0.8050 0.4044
vn 0.5556 -0.8140 0.1695
vn -0.4820 -0.6641 0.5715
vn 0.0961 0.4752 0.8746
vn 0.0798 0.5682 0.8190
vn -0.5206 -0.1697 0.8368
vn -0.7379 -0.6736 0.0420
vn -0.6313 -0.7704 0.0891
vn 0.0279 0.5617 0.8269
vn -0.2775 0.2322 0.9322
vn -0.2771 0.6886 -0.6701
vn 0.4753 0.8319 0.2865
vn -0.4155 0.6822 -0.6016
vn -0.3710 0.6254 -0.6865
vn -0.5798 -0.0163 -0.8146
vn -0.6025 -0.1079 -0.7908
vn -0.6673 0.0132 -0.7447
vn -0.8101 0.0350 -0.5853
vn 0.9429 -0.2751 -0.1876
vn -0.3907 0.4408 -0.8081
vn 0.8827 -0.3875 -0.2659
vn -0.0059 0.1561 -0.9877
vn -0.5610 0.8054 -0.1914
vn -0.6635 0.7206 -0.2013
vn -0.3019 -0.1737 -0.9374
vn -0.4406 -0.1910 -0.8771
vn -0.5236 -0.1492 -0.8388
vn -0.4854 -0.0603 -0.8722
vn -0.3902 -0.1134 -0.9137
vn 0.0717 0.0693 -0.9950
vn 0.9533 0.2985 -0.0459
vn 0.1600 -0.9847 -0.0692
vn 0.1194 -0.9868 0.1097
vn -0.3219 -0.7138 0.6219
vn -0.4175 -0.7181 0.5568
vn -0.5349 -0.6310 0.5619
vn -0.3683 -0.6481 0.6666
vn -0.6865 0.2650 0.6772
vn 0.7764 -0.2362 -0.5843
vn -0.4273 -0.8821 -0.1983
vn -0.3333 -0.9280 -0.1663
vn 0.0041 -0.1686 -0.9857
vn -0.7582 -0.5597 0.3343
vn -0.6141 -0.6064 0.5051
vn -0.6077 -0.6689 0.4280
vn 0.6543 -0.7547 0.0480
vn -0.7242 -0.6888 0.0315
vn 0.7984 -0.3453 0.4932
vn -0.5739 -0.2429 0.7820
vn -0.1686 -0.3741 0.9119
vn 0.9148 -0.3583 0.1864
vn 0.8675 -0.4591 0.1914
vn 0.8715 -0.4815 0.0932
vn 0.9249 0.1025 -0.3662
vn 0.7915 -0.2824 -0.5421
vn 0.8628 0.3093 -0.4000
vn 0.8325 0.3895 -0.3939
vn 0.8954 0.3188 -0.3109
vn 0.9182 0.2141 -0.3333
vn -0.2095 0.4000 0.8922
vn 0.6821 0.0627 -0.7286
vn -0.7008 0.1018 -0.7060
vn -0.3334 -0.9057 -0.2617
vn -0.5453 -0.8043 -0.2363
vn -0.4620 -0.8416 -0.2798
vn -0.3813 -0.8641 -0.3285
vn 0.3082 -0.8406 -0.4455
vn -0.3194 -0.8929 -0.3174
vn -0.6932 -0.7028 -0.1600
vn -0.6146 -0.7829 -0.0968
vn 0.4563 -0.8592 0.2313
vn -0.5750 0.6109 0.5442
vn -0.6908 0.5526 0.4663
vn 0.4825 0.4191 -0.7691
vn 0.6447 0.2676 -0.7161
vn 0.1866 0.0195 -0.9822
vn 0.1532 0.1952 -0.9687
vn 0.0147 0.9130 0.4076
vn 0.0626 0.4016 -0.9137
vn 0.1587 0.3873 -0.9082
vn 0.0538 0.2904 -0.9554
vn 0.1455 0.6548 -0.7416
vn 0.6259 0.5755 0.5262
vn -0.3634 0.3544 -0.8616
vn 0.6502 0.2089 -0.7305
vn -0.1674 0.6817 -0.7122
vn -0.0516 -0.2150 -0.9752
vn -0.6486 0.3244 0.6886
vn -0.5821 0.2330 0.7790
vn -0.6560 0.2369 0.7166
vn -0.7955 0.2788 0.5380
vn -0.2288 -0.9610 -0.1554
vn 0.6659 -0.7306 0.1511
vn -0.2876 -0.9352 0.2068
vn -0.6563 0.1715 -0.7347
vn -0.2668 -0.8761 0.4015
vn 0.6653 -0.7314 0.1501
vn 0.6658 -0.7311 0.1489
vn -0.1961 0.5642 0.8020
vn -0.0894 0.4782 0.8737
vn 0.8681 -0.1256 0.4802
vn 0.9665 -0.1388 0.2158
vn 0.9222 -0.1249 0.3660
vn 0.9874 -0.1569 0.0184
vn -0.2029 0.1738 0.9637
vn -0.3381 0.1586 0.9276
vn -0.4176 0.1922 0.8881
vn -0.4632 0.3094 0.8305
vn -0.3959 0.0236 0.9180
vn -0.3350 0.0562 0.9405
vn -0.1140 -0.3218 0.9399
vn 0.2380 -0.9665 0.0964
vn -0.4171 0.0713 0.9061
vn -0.4718 0.0783 0.8782
vn -0.3838 0.1052 0.9174
vn -0.5018 0.2148 0.8379
vn -0.4737 0.0149 0.8805
vn -0.8937 -0.1150 0.4338
vn -0.6525 0.1712 0.7382
vn -0.5895 0.1652 0.7907
vn -0.5985 0.1094 0.7936
vn -0.5237 0.1463 0.8393
vn 0.3809 -0.7411 0.5529
vn 0.3131 0.8738 0.3721
vn -0.6433 0.1268 0.7550
vn -0.6766 0.0923 0.7305
vn -0.5377 0.0901 0.8383
vn -0.6209 0.0510 0.7822
vn -0.5749 -0.3836 0.7227
vn -0.5507 0.0273 0.8343
vn -0.4993 -0.5791 -0.6445
vn -0.3552 -0.5725 0.7390
vn -0.4130 -0.5297 0.7409
vn -0.5570 -0.5295 0.6398
vn -0.4227 -0.1045 0.9002
vn -0.5537 -0.7710 0.3147
vn -0.8673 0.4769 -0.1426
vn -0.4067 -0.5964 0.6921
vn -0.4370 -0.5603 0.7036
vn -0.4503 -0.6473 0.6150
vn -0.4766 -0.5932 0.6488
vn -0.4913 -0.5468 0.6779
vn 0.2529 0.7601 0.5985
vn 0.2203 0.8292 0.5138
vn 0.4527 0.8775 0.1583
vn 0.2856 0.7914 0.5404
vn 0.2929 0.7357 0.6106
vn 0.1792 0.7281 0.6616
vn 0.1906 0.7876 0.5860
vn 0.2454 0.7083 0.6619
vn 0.3314 0.7480 0.5750
vn 0.3583 0.6879 0.6312
vn 0.3639 0.6221 0.6932
vn 0.8081 0.1842 0.5596
vn 0.2477 0.5160 0.8200
vn 0.2476 0.6480 0.7203
vn 0.2972 0.5785 0.7596
vn 0.1773 0.6566 0.7331
vn 0.1762 0.5785 0.7965
vn 0.3259 0.4930 0.8067
vn 0.2885 0.5303 0.7972
vn -0.7826 0.6221 0.0238
vn 0.3554 0.5543 0.7526
vn 0.3033 0.6371 0.7086
vn 0.7187 0.4580 0.5232
vn 0.4375 0.8813 0.1785
vn 0.5734 -0.8029 0.1628
vn 0.5485 0.3173 -0.7736
vn 0.4689 0.5883 0.6588
vn 0.7875 0.4049 0.4647
vn 0.7894 0.4668 0.3987
vn 0.4804 0.6940 0.5362
vn 0.8443 0.4580 0.2783
vn 0.8253 0.4632 0.3229
vn 0.8708 0.4426 0.2142
vn 0.8567 0.3371 0.3904
vn 0.8265 0.4238 0.3706
vn 0.8254 0.3697 0.4266
vn 0.8916 0.2969 0.3419
vn 0.8564 0.3964 0.3309
vn -0.6405 0.7334 0.2276
vn -0.6938 0.6925 0.1976
vn -0.8770 0.4739 -0.0798
vn -0.5834 0.7938 0.1717
vn -0.6044 0.7888 0.1116
vn -0.5211 0.8387 0.1582
vn -0.3237 0.7982 -0.5080
vn -0.4041 0.8725 0.2747
vn -0.5088 0.8334 0.2159
vn -0.4366 0.8756 0.2069
vn -0.4541 0.8779 0.1518
vn -0.4898 0.8219 0.2907
vn -0.3153 0.9387 0.1392
vn -0.3661 0.9119 0.1853
vn -0.2551 0.9465 0.1975
vn -0.3986 0.9050 0.1488
vn 0.5262 0.1598 -0.8352
vn -0.6574 0.5210 -0.5444
vn -0.6380 0.6137 -0.4650
vn -0.5392 0.7291 -0.4215
vn -0.5918 0.6543 -0.4708
vn -0.6754 0.7372 -0.0162
vn 0.5883 0.7824 0.2045
vn -0.6499 0.5765 -0.4952
vn -0.5294 0.7004 -0.4787
vn 0.5079 -0.2518 -0.8238
vn 0.2657 0.1504 -0.9522
vn 0.2203 0.2091 -0.9528
vn 0.1555 0.2925 -0.9435
vn 0.3336 0.1904 -0.9233
vn 0.3431 0.2768 -0.8976
vn 0.1717 0.4727 -0.8643
vn 0.2261 0.2897 -0.9300
vn 0.2821 0.2844 -0.9163
vn 0.2678 0.4946 -0.8268
vn -0.8272 -0.2790 -0.4878
vn -0.8739 -0.1367 -0.4665
vn 0.3388 0.3623 -0.8683
vn 0.2795 0.3580 -0.8909
vn -0.7582 -0.6521 -0.0011
vn 0.7766 -0.0030 -0.6299
vn 0.7929 -0.0688 -0.6055
vn 0.6723 0.4919 0.5532
vn 0.8254 -0.0170 -0.5643
vn 0.7714 0.0834 -0.6309
vn 0.7735 0.1715 -0.6102
vn 0.4541 0.1006 -0.8853
vn 0.6549 0.4334 0.6190
vn 0.8065 0.0189 -0.5909
vn 0.8527 -0.0615 -0.5189
vn 0.8449 0.1403 -0.5162
vn 0.8103 0.0796 -0.5806
vn 0.8812 0.1236 -0.4563
vn 0.8411 0.0592 -0.5377
vn -0.7234 -0.1501 -0.6739
vn -0.7375 -0.0714 -0.6716
vn -0.6186 -0.2263 -0.7524
vn -0.6716 -0.1467 -0.7262
vn -0.6749 -0.0780 -0.7338
vn -0.6951 -0.2152 -0.6859
vn -0.1358 -0.6473 -0.7501
vn -0.2750 -0.5505 -0.7882
vn -0.4071 -0.2825 -0.8686
vn -0.4753 -0.2434 -0.8455
vn -0.2450 0.9130 -0.3262
vn -0.3586 -0.3370 -0.8705
vn -0.5037 -0.1250 -0.8548
vn -0.4790 0.1419 -0.8663
vn -0.4939 -0.2903 -0.8196
vn -0.4956 -0.3489 -0.7954
vn -0.5714 -0.3181 -0.7565
vn -0.5589 -0.2627 -0.7866
vn -0.4498 -0.7064 -0.5466
vn -0.6124 -0.2546 0.7484
vn -0.7348 -0.6384 -0.2292
vn 0.5176 -0.8373 0.1761
vn 0.4879 -0.8330 0.2608
vn 0.7625 -0.6454 -0.0462
vn 0.7551 -0.6545 0.0399
vn -0.6298 -0.7120 -0.3106
vn -0.6492 -0.6722 -0.3559
vn -0.5699 -0.7441 -0.3486
vn -0.5800 -0.7089 -0.4014
vn -0.6849 -0.6915 -0.2297
vn -0.6232 -0.7579 -0.1928
vn 0.7554 -0.6423 0.1296
vn 0.7973 -0.5718 0.1933
vn 0.7573 -0.6162 0.2163
vn 0.8176 -0.5092 0.2688
vn 0.8306 -0.5463 0.1078
vn 0.8496 -0.4438 0.2849
vn 0.8302 -0.5244 0.1890
vn 0.1923 -0.9736 0.1229
vn 0.3083 -0.9451 0.1088
vn 0.2486 -0.9604 0.1257
vn -0.6693 -0.2103 0.7126
vn -0.8189 -0.2526 0.5154
vn 0.2789 -0.9599 0.0284
vn 0.1984 -0.9793 0.0411
vn 0.2306 -0.9727 -0.0248
vn -0.6857 -0.4832 -0.5444
vn 0.1967 -0.9587 0.2056
vn 0.2506 -0.9274 0.2777
vn 0.1196 -0.9705 0.2092
vn 0.1220 -0.9441 0.3063
vn 0.2364 -0.8762 0.4201
vn 0.1350 -0.9087 0.3951
vn 0.2026 -0.9092 0.3637
vn 0.3106 -0.9068 0.2852
vn 0.2543 -0.9458 0.2020
vn 0.3164 -0.9279 0.1973
vn 0.9970 0.0391 0.0664
vn 0.8656 0.1546 0.4763
vn 0.9011 0.4141 0.1283
vn 0.8400 0.5132 0.1761
vn 0.9898 0.0456 0.1353
vn 0.9332 0.2401 0.2676
vn 0.8877 0.3704 0.2735
vn 0.4347 0.3401 0.8339
vn -0.7832 -0.0441 0.6202
vn 0.2602 0.9549 0.1432
vn 0.4351 0.3421 0.8329
vn -0.9753 0.0682 -0.2100
vn -0.5525 0.5945 -0.5841
vn 0.6095 0.3022 -0.7329
vn -0.5947 0.7290 -0.3389
vn 0.8217 0.1919 0.5366
vn -0.6202 -0.3938 0.6784
vn -0.6017 -0.5225 -0.6041
vn -0.9886 0.0724 -0.1321
vn 0.2514 0.8081 -0.5327
vn -0.9828 0.1627 0.0873
vn 0.3705 -0.9238 -0.0967
vn 0.1039 0.4433 -0.8903
vn 0.1327 -0.0530 0.9897
vn -0.7469 -0.3696 0.5528
vn -0.9552 -0.2959 -0.0096
vn -0.5061 -0.1945 0.8403
vn 0.0797 -0.4850 -0.8709
vn 0.6254 0.3031 -0.7190
vn 0.1957 -0.7370 -0.6469
vn 0.2356 -0.7440 -0.6253
vn 0.8973 0.4051 -0.1752
vn -0.3040 -0.6767 -0.6705
vn 0.4539 -0.8720 0.1834
vn 0.5285 0.8240 -0.2045
vn -0.3996 0.2904 -0.8695
vn 0.9133 0.3550 -0.1995
vn -0.7102 -0.6444 -0.2836
vn -0.3343 0.9290 0.1588
vn 0.4709 -0.8634 0.1813
vn 0.6165 -0.4598 -0.6392
vn 0.4651 -0.2825 0.8390
vn 0.7396 0.6343 -0.2251
vn -0.0034 -0.6299 0.7767
vn -0.2693 0.6971 0.6645
vn -0.8855 -0.4316 0.1718
vn 0.2399 -0.5573 -0.7949
vn 0.2310 -0.5304 -0.8157
vn 0.4500 -0.5717 -0.6861
vn -0.6733 0.7085 0.2114
vn 0.1857 -0.5977 0.7799
vn 0.7333 -0.1507 0.6630
vn -0.8261 -0.3249 -0.4604
vn -0.9735 -0.0380 -0.2254
vn -0.8009 -0.2888 -0.5245
vn -0.9346 0.1858 -0.3033
vn -0.3090 -0.5118 -0.8016
vn -0.7172 0.5792 -0.3874
vn 0.4903 0.8504 -0.1910
vn 0.5874 -0.5100 0.6284
vn -0.9989 -0.0187 -0.0431
vn 0.6002 -0.3636 -0.7124
vn 0.5731 -0.3663 -0.7330
vn 0.1311 0.7611 -0.6352
vn 0.5630 -0.7985 -0.2132
vn -0.5377 -0.6358 -0.5538
vn 0.1927 -0.0069 0.9812
vn 0.7170 -0.5115 -0.4735
vn 0.5510 0.4037 -0.7303
vn 0.5740 0.7861 0.2293
vn 0.2239 0.6259 -0.7471
vn 0.6982 0.6799 -0.2242
vn 0.6135 0.1778 -0.7694
vn 0.5092 -0.1995 -0.8372
vn -0.1766 -0.2881 0.9412
vn 0.4732 -0.8370 -0.2748
vn -0.2019 -0.6063 0.7692
vn 0.5255 -0.6179 0.5848
vn 0.7866 0.0342 0.6165
vn -0.6394 -0.4799 -0.6008
vn 0.2046 -0.0790 -0.9757
vn -0.5497 -0.5898 -0.5915
vn 0.9166 -0.0507 0.3967
vn 0.1889 0.6590 0.7281
vn -0.1870 0.6472 -0.7390
vn -0.1721 0.8964 0.4085
vn -0.7708 0.2288 0.5946
vn -0.4616 0.8399 0.2854
vn 0.6216 0.1842 -0.7614
vn 0.1672 0.2968 -0.9402
vn 0.1713 0.2646 -0.9490
vn -0.4849 0.2219 0.8460
vn 0.2124 0.3439 0.9147
vn 0.8145 0.5665 0.1248
vn -0.8006 -0.5870 -0.1205
vn -0.5332 -0.6232 0.5721
vn -0.0671 -0.8748 0.4799
vn 0.8660 -0.4955 0.0675
vn 0.7926 -0.2071 -0.5735
vn -0.5739 -0.7861 -0.2294
vn 0.1906 -0.0585 -0.9799
vn -0.5312 -0.1575 -0.8325
vn -0.6248 0.7422 -0.2422
vn 0.4749 -0.8744 0.0996
vn -0.7953 0.2457 -0.5542
vn 0.8300 -0.1750 0.5295
vn -0.5280 -0.3114 0.7901
vn 0.6460 -0.7620 0.0460
vn 0.7868 -0.4104 -0.4609
vn -0.0485 -0.9539 -0.2962
vn 0.6325 0.1584 -0.7582
vn 0.4507 -0.8448 0.2885
vn 0.4697 0.3827 -0.7956
vn -0.8194 -0.5643 0.1010
vn -0.8184 0.4206 0.3915
vn -0.0272 -0.2465 -0.9688
vn -0.4771 0.8394 -0.2603
vn -0.6456 0.7162 -0.2651
vn -0.8254 0.1844 -0.5336
vn -0.4537 0.8882 -0.0721
vn 0.7241 0.5727 0.3842
vn 0.0393 0.9641 0.2625
vn 0.0616 0.8029 -0.5930
vn 0.8196 0.5486 -0.1649
vn 0.0149 0.1182 -0.9929
vn -0.0094 -0.9990 0.0445
vn -0.7447 -0.5475 0.3817
vn 0.8515 0.0494 0.5220
vn 0.9105 -0.4030 -0.0924
vn 0.1595 0.8491 0.5036
vn -0.4595 -0.8050 -0.3752
vn -0.0620 0.4260 0.9026
vn -0.2192 0.1861 0.9578
vn -0.2461 -0.6945 0.6761
vn -0.4687 0.2472 0.8480
vn 0.8634 0.0246 0.5040
vn -0.5182 0.2593 0.8150
vn -0.9526 -0.1974 -0.2313
vn -0.4645 0.6326 -0.6198
vn 0.4896 0.8664 0.0983
vn 0.9081 0.2912 0.3008
vn 0.9072 0.2497 0.3386
vn -0.4955 -0.6639 0.5601
vn -0.6015 0.4581 -0.6544
vn -0.6200 -0.6921 0.3696
vn -0.6801 -0.6977 0.2249
vn -0.0013 -0.9291 0.3698
vn -0.0980 0.0115 -0.9951
vn -0.5998 0.0385 -0.7992
vn -0.3066 0.3211 0.8960
vn 0.8996 0.1370 -0.4147
vn -0.2024 0.9409 0.2716
vn 0.1075 -0.0047 -0.9942
vn 0.1154 0.2704 -0.9558
vn 0.4583 -0.3674 -0.8093
vn 0.8430 -0.4922 -0.2170
vn 0.0856 -0.9916 -0.0972
vn -0.5035 -0.8351 -0.2214
vn -0.8401 0.1741 0.5137
vn 0.2623 0.2531 0.9312
vn 0.6043 -0.0242 0.7964
vn 0.1729 -0.8778 -0.4468
vn 0.5856 -0.3601 -0.7262
vn 0.2469 -0.1558 -0.9564
vn -0.9067 0.4129 0.0862
vn 0.0608 -0.5418 0.8383
vn 0.1083 0.8746 -0.4727
vn -0.8550 -0.3872 0.3450
vn -0.0263 -0.1070 0.9939
vn 0.2662 0.6752 -0.6880
vn -0.1409 -0.5679 0.8110
vn -0.1396 -0.2921 0.9461
vn 0.5910 -0.2493 0.7672
vn 0.5312 0.1576 0.8325
vn 0.6133 0.7803 -0.1220
vn 0.5325 0.6425 -0.5510
vn 0.2691 0.9600 0.0775
vn 0.5413 0.8024 0.2514
vn 0.5254 -0.6185 0.5843
vn 0.6306 0.4715 0.6165
vn -0.9545 0.1579 -0.2530
vn -0.8858 -0.0947 0.4543
vn -0.1332 0.9635 -0.2320
vn -0.9488 0.2537 0.1884
vn -0.8619 0.5008 -0.0795
vn -0.8055 -0.0348 -0.5916
vn -0.1247 0.9754 -0.1817
vn 0.1748 0.9845 0.0151
vn -0.1219 0.9703 -0.2091
vn -0.1269 0.9664 -0.2236
vn 0.2619 0.8400 -0.4752
vn 0.2179 -0.4344 -0.8740
vn 0.5140 -0.8079 -0.2881
vn 0.1923 -0.0634 0.9793
vn 0.1422 -0.0849 0.9862
vn 0.4904 -0.6423 0.5890
vn -0.1600 -0.2569 0.9531
vn -0.9649 -0.2322 0.1226
vn -0.8804 -0.1295 0.4562
vn -0.9497 0.2122 0.2305
vn -0.8146 -0.5665 -0.1248
vn 0.0803 -0.4217 -0.9032
vn -0.5565 -0.5982 -0.5766
vn -0.1904 -0.9633 0.1890
vn 0.5730 -0.5481 -0.6092
vn -0.2124 -0.3439 -0.9147
vn 0.1180 -0.5011 0.8573
vn 0.2207 0.3331 0.9167
vn 0.4958 -0.2297 -0.8375
vn 0.1439 -0.8273 -0.5430
vn 0.1935 -0.8367 -0.5124
vn 0.5118 -0.8105 -0.2849
vn -0.1443 -0.3188 0.9368
vn 0.5862 -0.3057 0.7503
vn 0.2107 -0.5499 0.8082
vn 0.5416 0.1273 0.8310
vn 0.4731 -0.6485 0.5964
vn -0.0441 -0.9946 0.0941
vn -0.9666 -0.2476 0.0664
vn -0.8966 -0.3026 -0.3234
vn -0.1860 -0.6620 -0.7260
vn 0.4685 -0.8375 -0.2811
vn 0.1209 -0.4974 -0.8590
vn -0.8867 -0.1482 0.4379
vn -0.9562 0.1027 -0.2740
vn -0.9567 0.0473 -0.2872
vn -0.8081 -0.4593 0.3687
vn 0.2937 0.6232 0.7248
vn 0.2989 0.5666 0.7678
vn 0.5191 0.5367 0.6652
vn 0.5180 0.5525 0.6530
vn 0.3159 0.5125 0.7985
vn 0.5299 0.5143 0.6743
vn 0.1945 0.9117 -0.3620
vn 0.2832 -0.9588 0.0211
vn 0.4635 -0.8750 0.1400
vn 0.2105 -0.9670 0.1435
vn 0.2422 -0.9669 0.0801
vn -0.4057 0.2717 -0.8727
vn 0.7879 0.0389 -0.6145
vn -0.5828 0.8098 -0.0680
vn -0.6195 0.7616 0.1902
vn -0.5624 0.7961 0.2235
vn -0.5532 0.7764 -0.3021
vn -0.5158 0.6649 -0.5402
vn -0.6267 0.6240 -0.4667
vn -0.5889 0.7631 -0.2662
vn -0.9082 0.3526 0.2254
vn -0.5671 0.7715 -0.2885
vn -0.6756 0.6088 -0.4158
vn -0.7892 -0.5416 0.2896
vn -0.9745 0.0154 -0.2240
vn 0.8402 -0.5322 0.1046
vn 0.7984 -0.6020 -0.0103
vn -0.4645 0.7075 -0.5326
vn 0.5291 0.2886 -0.7980
vn 0.4999 0.2558 -0.8274
vn 0.7998 0.3043 -0.5174
vn 0.8180 0.2410 -0.5223
vn 0.7755 0.3560 -0.5214
vn -0.5460 -0.2876 0.7869
vn -0.5714 -0.5394 0.6184
vn -0.3629 0.9259 0.1049
vn 0.7679 -0.5646 0.3025
vn 0.8037 -0.5444 0.2401
vn 0.7556 -0.0040 -0.6550
vn 0.8244 0.1702 -0.5398
vn 0.8867 0.1482 -0.4379
vn 0.8066 0.4666 -0.3628
vn 0.9666 0.2474 -0.0663
vn 0.8916 0.3028 0.3366
vn -0.4745 0.2195 0.8524
vn -0.2046 0.0790 0.9757
vn -0.0993 0.8121 0.5750
vn -0.4791 0.8313 0.2819
vn -0.5910 0.2493 -0.7672
vn 0.1396 0.2921 -0.9461
vn -0.5202 0.6307 -0.5759
vn -0.5377 -0.1472 0.8302
vn -0.5549 -0.1403 0.8200
vn 0.3348 0.1254 0.9339
vn 0.1415 0.4625 0.8753
vn -0.5259 -0.1590 0.8356
vn -0.4552 -0.5253 0.7189
vn -0.6586 0.6705 0.3415
vn -0.2515 0.6999 0.6685
vn -0.4549 0.8256 0.3339
vn -0.5621 0.4172 0.7141
vn -0.5415 -0.1273 -0.8310
vn -0.2107 0.5500 -0.8082
vn -0.7866 -0.0342 -0.6165
vn -0.4772 0.6485 -0.5931
vn -0.5730 0.5481 0.6092
vn -0.5690 0.5924 0.5703
vn -0.5200 0.2316 0.8222
vn 0.9650 0.2320 -0.1226
vn -0.5177 -0.1355 -0.8447
vn -0.1618 0.5285 -0.8334
vn -0.1180 0.5011 -0.8573
vn -0.1922 0.0632 -0.9793
vn -0.1422 0.0847 -0.9862
vn -0.6072 -0.1715 0.7758
vn -0.6061 -0.7756 0.1763
vn 0.1221 -0.9703 0.2091
vn -0.6118 -0.7575 0.2278
vn -0.5070 0.1958 0.8394
vn 0.8965 0.3116 0.3148
vn 0.8987 0.2885 0.3303
vn 0.9495 -0.1673 -0.2655
vn -0.1748 -0.9845 -0.0151
vn -0.5101 -0.6451 0.5688
vn 0.1326 -0.9737 0.1851
vn -0.2114 -0.6292 0.7479
vn 0.8963 0.2697 0.3519
vn 0.8060 0.0325 0.5910
vn 0.9488 -0.2537 -0.1884
vn 0.9562 -0.1027 0.2740
vn 0.9545 -0.1578 0.2530
vn 0.8688 -0.4801 0.1214
vn 0.8858 0.0947 -0.4542
vn -0.5206 -0.8201 -0.2373
vn 0.1267 -0.9728 0.1940
vn -0.6132 -0.7805 0.1220
vn -0.2692 -0.9600 -0.0775
vn -0.2214 -0.9739 -0.0498
vn -0.5558 -0.6331 0.5388
vn -0.2321 0.0262 -0.9723
vn -0.5021 -0.1743 -0.8471
vn -0.5882 0.1952 -0.7848
vn -0.5607 -0.4838 -0.6720
vn -0.8875 -0.2955 -0.3536
vn -0.5749 -0.4732 -0.6675
vn -0.5410 -0.2675 -0.7974
vn 0.8268 0.4336 0.3585
vn 0.8089 0.4881 0.3278
vn 0.7831 0.5366 0.3144
vn 0.6539 0.5452 0.5245
vn 0.6405 0.4747 0.6037
vn 0.4824 0.2981 0.8236
vn 0.8839 0.3044 0.3551
vn 0.6528 0.4780 0.5877
vn -0.5842 -0.7430 -0.3265
vn -0.6407 -0.7079 -0.2972
vn -0.7277 -0.6218 -0.2896
vn -0.4227 -0.7742 -0.4711
vn -0.4696 -0.7742 -0.4244
vn -0.2282 -0.7724 0.5927
vn -0.5610 -0.6124 0.5570
vn 0.5965 0.4687 0.6516
vn 0.6603 0.2431 0.7105
vn 0.6868 -0.0609 0.7243
vn 0.6025 0.2481 0.7586
vn 0.5038 0.2093 -0.8381
vn 0.5113 0.1961 -0.8367
vn -0.7906 -0.3023 0.5325
vn 0.6789 -0.6004 0.4227
vn -0.7681 -0.3516 0.5351
vn 0.5724 -0.6385 0.5145
vn 0.9162 -0.2287 0.3291
vn 0.6288 -0.6146 0.4762
vn 0.5174 0.1887 -0.8347
vn 0.6389 -0.4517 -0.6227
vn 0.5168 0.2763 -0.8103
vn 0.1382 -0.9644 0.2256
vn -0.0718 -0.9943 -0.0792
vn 0.3825 -0.8035 0.4562
vn 0.6722 -0.7240 -0.1549
vn 0.6202 -0.7599 -0.1946
vn 0.2822 0.3364 -0.8984
vn -0.4563 0.0816 0.8861
vn -0.5157 0.1053 0.8503
vn -0.3703 0.0053 0.9289
vn -0.4073 0.0457 0.9122
vn -0.6837 0.3705 0.6287
vn -0.8755 -0.1218 0.4677
vn -0.6419 0.0875 0.7618
vn -0.7576 0.6507 0.0510
vn 0.5232 -0.8088 0.2686
vn -0.5812 0.1062 0.8068
vn 0.4669 -0.7100 0.5271
vn -0.7977 0.4109 0.4414
vn 0.4214 -0.7579 0.4979
vn -0.6543 0.7407 -0.1523
vn -0.6574 0.7376 -0.1538
vn -0.7954 0.6061 0.0068
vn -0.0005 0.5682 -0.8229
vn 0.7062 0.3622 -0.6084
vn -0.7990 -0.4778 0.3651
vn -0.8409 -0.5175 0.1584
vn 0.4509 -0.8899 0.0692
vn 0.4594 -0.8671 -0.1925
vn 0.4126 -0.8985 -0.1497
vn 0.5159 -0.8537 0.0716
vn -0.2242 0.9718 -0.0730
vn -0.1896 0.9719 -0.1397
vn -0.7521 -0.0016 0.6591
vn 0.5430 0.2950 -0.7862
vn 0.4656 0.7517 -0.4671
vn 0.4430 0.7512 -0.4893
vn 0.5159 0.5271 -0.6753
vn 0.5551 0.3048 -0.7739
vn -0.8126 -0.1754 0.5558
vn -0.6435 -0.2128 0.7353
vn 0.6787 0.4817 -0.5543
vn 0.7170 0.4417 -0.5393
vn -0.7596 0.5797 -0.2950
vn -0.6553 0.7404 -0.1498
vn -0.8172 0.5504 -0.1709
vn -0.6487 0.7428 -0.1659
vn -0.5240 -0.5500 -0.6503
vn 0.2104 -0.2273 -0.9508
vn -0.3605 -0.7460 -0.5599
vn 0.5204 -0.0852 -0.8496
vn 0.4168 -0.0312 -0.9085
vn 0.6102 0.1720 -0.7733
vn 0.2172 -0.2340 -0.9477
vn -0.3118 -0.0805 0.9467
vn 0.6873 -0.0549 -0.7243
vn 0.5826 -0.0861 -0.8082
vn 0.6407 -0.0732 -0.7643
vn -0.2676 -0.1948 0.9436
vn -0.2862 -0.1317 0.9491
vn -0.5334 -0.2844 0.7966
vn -0.2623 -0.2660 0.9276
vn -0.2783 -0.3376 0.8992
vn -0.8338 -0.3770 -0.4032
vn -0.6280 -0.1558 0.7625
vn 0.1593 0.4182 0.8943
vn 0.4995 0.8613 0.0930
vn 0.1388 0.6866 0.7137
vn -0.8452 0.0349 -0.5333
vn -0.7830 -0.5368 -0.3143
vn -0.8064 -0.4894 -0.3319
vn 0.6414 0.5562 0.5284
vn -0.2370 0.1558 0.9589
vn 0.1397 0.0078 -0.9902
vn 0.4483 -0.3649 -0.8160
vn 0.6702 0.2075 -0.7126
vn 0.6381 0.5643 0.5238
vn -0.4639 0.8572 -0.2236
vn 0.6882 0.6607 0.2997
vn 0.4300 0.7662 0.4774
vn -0.2845 0.8829 -0.3736
vn 0.0161 0.7179 -0.6959
vn -0.6857 -0.3707 -0.6264
vn -0.8543 0.1545 -0.4962
vn -0.6152 -0.1782 0.7680
vn 0.0496 0.0043 0.9988
vn 0.7844 -0.2226 -0.5789
vn -0.3514 0.2951 -0.8885
vn -0.8419 0.2180 -0.4936
vn -0.3474 -0.9112 0.2216
vn -0.5910 -0.6171 -0.5195
vn -0.0748 0.6839 -0.7257
vn 0.8064 -0.1891 0.5603
vn -0.2292 -0.3315 -0.9152
vn 0.9223 -0.3134 -0.2261
vn 0.8543 0.3948 -0.3381
vn -0.2061 0.9415 -0.2667
vn 0.0499 0.9238 -0.3797
vn 0.4755 0.7661 0.4324
vn 0.5297 0.7569 0.3829
vn 0.5941 0.5905 0.5463
vn 0.6130 0.5842 0.5320
vn 0.6271 -0.1691 0.7603
vn 0.8583 0.4952 0.1344
vn 0.0275 0.7683 -0.6395
vn -0.5872 -0.4442 -0.6766
vn 0.0894 -0.9791 0.1826
vn 0.1387 0.5697 -0.8101
vn 0.1377 0.6417 0.7545
vn 0.4802 -0.0013 0.8771
vn -0.2998 0.6590 0.6898
vn -0.5678 -0.1205 0.8143
vn -0.2997 0.6306 0.7159
vn -0.5502 0.8334 -0.0528
vn -0.3479 -0.9191 0.1849
vn 0.7911 0.0267 0.6111
vn 0.2295 0.7958 -0.5603
vn -0.0172 -0.7334 0.6796
vn -0.0532 0.9257 0.3746
vn 0.4824 0.7450 -0.4608
vn 0.1190 0.3259 -0.9379
vn 0.2695 0.7327 0.6249
vn -0.6323 0.4726 0.6139
vn 0.0296 0.9490 0.3138
vn -0.6461 0.7618 -0.0461
vn 0.2264 0.8815 0.4143
vn -0.8430 -0.5297 0.0936
vn 0.6314 0.4859 0.6044
vn 0.4237 0.4671 0.7761
vn -0.3208 0.2786 -0.9052
vn -0.8535 -0.0500 -0.5186
vn -0.2283 -0.8805 -0.4154
vn -0.2389 0.7978 0.5536
vn -0.7652 0.2335 0.6000
vn -0.8106 0.1952 -0.5521
vn -0.4697 -0.3827 0.7955
vn -0.0179 -0.9647 -0.2628
vn -0.0252 0.2122 0.9769
vn -0.6701 0.1268 -0.7314
vn 0.7764 -0.2327 -0.5857
vn 0.6433 -0.7191 0.2627
vn 0.8068 -0.4028 -0.4323
vn -0.6459 -0.4545 -0.6134
vn 0.9240 0.3820 -0.0172
vn -0.2616 -0.2545 -0.9310
vn -0.7209 0.2833 0.6324
vn 0.6857 0.3707 0.6263
vn -0.0018 0.1775 0.9841
vn -0.9383 -0.3436 0.0403
vn -0.0471 -0.7455 0.6648
vn 0.0637 -0.8506 -0.5219
vn -0.2722 -0.8982 -0.3453
vn -0.7754 0.2330 0.5870
vn -0.4523 0.8351 0.3131
vn 0.0385 0.9524 0.3024
vn 0.7996 0.4790 -0.3622
vn -0.0174 -0.6768 -0.7360
vn 0.9321 -0.2019 -0.3009
vn 0.2165 0.8639 0.4548
vn -0.0227 -0.7854 0.6186
vn 0.2043 0.9641 -0.1696
vn 0.9337 0.3263 -0.1476
vn 0.6645 -0.6582 -0.3539
vn 0.4143 -0.6987 -0.5833
vn -0.0057 -0.5413 -0.8408
vn 0.1259 -0.6190 -0.7753
vn 0.2696 -0.6746 -0.6871
vn 0.3311 -0.8420 -0.4260
vn 0.3670 -0.6154 -0.6976
vn -0.5346 -0.5140 -0.6708
vn -0.5872 0.6869 0.4282
vn -0.5258 -0.5226 -0.6711
vn -0.5211 -0.5366 -0.6638
vn 0.3269 -0.3287 -0.8861
vn 0.3571 -0.4726 -0.8057
vn -0.9807 0.1955 0.0089
vn -0.6360 -0.1879 0.7485
vn -0.6210 0.5814 0.5257
vn 0.3316 0.8862 0.3236
vn 0.3965 0.9008 0.1771
vn -0.4375 0.8842 -0.1637
vn 0.4426 0.8967 0.0030
vn -0.4562 0.8795 -0.1352
vn -0.1489 -0.8280 -0.5406
vn 0.6925 -0.5675 -0.4455
vn -0.0331 -0.7720 -0.6348
vn 0.2689 -0.5933 -0.7587
vn 0.1079 -0.6951 -0.7107
vn 0.4307 -0.4800 -0.7643
vn 0.6623 -0.5940 -0.4566
vn 0.6824 -0.2732 -0.6780
vn -0.6389 -0.7688 -0.0251
vn 0.4640 -0.5342 0.7067
vn -0.9851 -0.1476 -0.0888
vn -0.9986 0.0243 -0.0460
vn 0.0589 0.7728 0.6319
vn 0.0346 0.4445 -0.8951
vn -0.3452 -0.0290 -0.9381
vn -0.4439 0.1783 -0.8782
vn -0.3655 -0.9215 -0.1316
vn 0.9209 -0.0599 -0.3851
vn -0.6047 -0.7161 0.3486
vn -0.5769 -0.6869 0.4420
vn 0.1918 0.5953 0.7803
vn -0.5454 0.4203 0.7251
vn -0.4433 0.1852 0.8770
vn -0.3075 0.8736 0.3771
vn 0.9749 0.0300 0.2206
vn 0.9557 0.2724 0.1116
vn -0.6474 -0.1871 -0.7388
vn -0.0368 0.1568 -0.9870
vn -0.4773 -0.6252 0.6176
vn -0.0799 -0.9941 0.0740
vn 0.9481 -0.0574 -0.3129
vn 0.4700 -0.2382 0.8499
vn -0.2822 -0.1905 0.9403
vn 0.2890 -0.4411 0.8496
vn 0.4536 -0.5409 0.7083
vn -0.6811 0.0984 0.7255
vn -0.5628 -0.6637 0.4926
vn -0.9198 0.0591 0.3879
vn -0.5568 -0.6588 0.5059
vn -0.7135 -0.1656 0.6808
vn 0.4796 0.3050 0.8228
vn 0.1206 0.4071 0.9054
vn 0.0046 -0.3107 0.9505
vn 0.6349 0.2254 0.7390
vn 0.2551 -0.4191 0.8714
vn 0.5608 0.2704 0.7826
vn 0.0749 0.7374 0.6713
vn 0.1322 0.7161 0.6854
vn 0.6134 0.6432 0.4582
vn 0.5725 0.6631 0.4821
vn -0.9455 -0.0786 0.3159
vn -0.9927 -0.1142 0.0377
vn -0.7905 0.6005 -0.1201
vn 0.6338 0.5042 -0.5866
vn 0.3225 0.9451 -0.0529
vn 0.8684 0.3924 -0.3033
vn -0.3770 0.8496 0.3688
vn -0.4141 0.8559 0.3097
vn -0.4199 0.8600 0.2899
vn -0.4392 0.8411 0.3156
vn -0.7107 0.6102 0.3501
vn -0.3906 0.6223 -0.6784
vn -0.5446 -0.0998 -0.8327
vn 0.0335 0.9779 -0.2063
vn 0.5583 0.5222 -0.6447
vn 0.2879 0.9542 -0.0817
vn -0.9452 -0.0669 0.3197
vn -0.7518 -0.6560 -0.0671
vn 0.1077 0.2291 -0.9674
vn 0.1253 0.5746 -0.8088
vn 0.5465 0.0659 -0.8349
vn 0.9053 0.0601 -0.4205
vn 0.7856 0.1053 -0.6097
vn 0.9023 0.0471 -0.4285
vn 0.9140 0.0573 -0.4017
vn 0.9714 0.1784 -0.1565
vn -0.9360 0.3473 -0.0568
vn -0.7369 0.0137 -0.6758
vn -0.8204 -0.3746 -0.4320
vn 0.0049 -0.2990 0.9542
vn 0.0913 -0.8623 0.4981
vn -0.2719 -0.3308 -0.9037
vn -0.4595 -0.1188 -0.8802
vn -0.4573 -0.1638 -0.8741
vn -0.4772 -0.1474 -0.8664
vn -0.4670 -0.8518 -0.2372
vn -0.4709 -0.8418 -0.2638
vn -0.4924 -0.8367 -0.2399
vn 0.8516 -0.3603 0.3808
vn 0.2221 -0.1996 0.9544
vn 0.5310 -0.7047 0.4706
vn 0.2626 -0.1789 0.9482
vn 0.5282 -0.8491 -0.0021
vn 0.3234 -0.9278 -0.1860
vn 0.8912 -0.4528 0.0261
vn 0.3399 -0.8644 -0.3705
vn 0.9258 -0.3779 0.0086
vn 0.5845 -0.7231 -0.3681
vn 0.0759 -0.9868 0.1428
vn 0.1046 -0.9854 0.1344
vn -0.6681 -0.4885 -0.5613
vn -0.9800 0.1916 -0.0537
vn -0.9959 0.0586 0.0684
vn -0.9004 -0.4319 -0.0525
vn -0.6690 -0.5084 -0.5421
vn 0.3422 -0.5907 0.7308
vn 0.0143 -0.4443 0.8957
vn 0.3982 -0.2720 0.8760
vn 0.0320 0.5381 0.8423
vn -0.4977 -0.2292 0.8365
vn -0.9359 -0.0924 -0.3399
vn -0.9821 -0.0846 -0.1684
vn 0.6311 0.2926 -0.7184
vn 0.6126 0.3128 -0.7259
vn 0.1961 0.9506 -0.2407
vn -0.0853 0.8979 -0.4319
vn -0.8573 0.1266 0.4989
vn -0.6538 0.7442 -0.1364
vn -0.9765 -0.0069 0.2153
vn -0.9980 -0.0571 0.0254
vn 0.5525 -0.7782 0.2986
vn -0.1310 -0.5285 0.8388
vn 0.6997 0.0337 0.7136
vn 0.6751 -0.4594 0.5772
vn 0.4478 -0.1110 0.8872
vn 0.2848 -0.2165 0.9338
vn 0.5880 -0.4082 0.6983
vn 0.4297 -0.4009 0.8091
vn 0.7037 -0.0721 0.7068
vn 0.0120 -0.1507 0.9885
vn -0.9525 -0.1883 -0.2395
vn -0.5834 0.3695 0.7233
vn 0.1925 0.7126 0.6746
vn -0.5421 0.6874 0.4834
vn -0.8971 0.4391 0.0496
vn 0.1691 0.2172 -0.9614
vn -0.9185 -0.1532 -0.3647
vn -0.3627 -0.7492 0.5542
vn -0.4833 -0.8292 -0.2808
vn 0.8693 0.0502 -0.4918
vn 0.9221 0.3599 0.1421
vn 0.9418 0.2261 -0.2487
vn -0.0194 0.5602 0.8281
vn 0.1522 0.3430 0.9269
vn -0.3197 0.3649 0.8744
vn -0.7381 -0.0050 -0.6747
vn 0.1825 0.3622 -0.9141
vn -0.5715 -0.8206 0.0032
vn -0.7866 -0.6158 -0.0455
vn -0.3633 -0.7867 0.4991
vn -0.6077 -0.7606 -0.2285
vn 0.8412 -0.1682 -0.5139
vn 0.9313 0.1606 0.3271
vn -0.7200 0.2967 0.6274
vn -0.9362 0.3446 -0.0690
vn -0.9855 0.1172 -0.1224
vn -0.8090 -0.2475 0.5332
vn -0.8074 -0.1573 0.5687
vn 0.3186 0.8802 -0.3518
vn -0.3920 0.2963 0.8709
vn -0.4547 0.2276 0.8611
vn -0.4623 -0.6613 0.5907
vn -0.4621 -0.6807 0.5685
vn 0.0333 0.9753 -0.2186
vn 0.1423 0.8575 0.4944
vn 0.4902 0.7782 0.3926
vn 0.2847 0.9006 -0.3285
vn 0.5713 0.7395 0.3561
vn -0.1182 0.7226 0.6811
vn 0.1290 0.6112 0.7809
vn 0.9065 0.2181 0.3615
vn 0.9116 0.2273 0.3426
vn 0.5606 0.4042 0.7227
vn 0.4387 -0.7883 -0.4313
vn 0.6151 -0.1047 -0.7815
vn -0.5153 0.7525 0.4101
vn -0.5899 0.7995 0.1132
vn -0.5350 0.7776 0.3303
vn -0.6948 0.6983 -0.1720
vn -0.5168 0.7872 0.3366
vn -0.5378 0.5702 -0.6210
vn -0.5865 0.6833 -0.4349
vn -0.2935 0.5330 -0.7936
vn 0.4573 -0.0661 -0.8868
vn 0.4491 -0.7816 -0.4329
vn -0.2577 -0.9120 -0.3192
vn 0.1187 0.3732 -0.9201
vn 0.1332 0.3484 -0.9278
vn -0.4878 -0.1289 -0.8634
vn 0.9085 0.1573 -0.3872
vn 0.3557 0.6117 -0.7066
vn 0.8497 -0.1898 -0.4919
vn 0.9042 0.1498 -0.3999
vn 0.8858 -0.4605 0.0573
vn -0.2439 -0.2265 -0.9430
vn -0.3118 -0.6352 -0.7066
vn -0.0172 -0.6677 -0.7442
vn -0.5637 -0.0725 -0.8228
vn -0.6336 -0.2897 -0.7174
vn -0.5496 -0.0819 -0.8314
vn -0.7281 -0.4353 -0.5296
vn -0.6253 -0.6957 -0.3537
vn -0.5522 -0.8202 -0.1495
vn -0.3236 -0.9449 -0.0498
vn 0.5229 -0.8393 -0.1491
vn 0.7063 0.2425 0.6651
vn 0.9567 -0.0473 0.2873
vn 0.7962 -0.4810 0.3671
vn 0.9222 -0.3598 0.1420
vn 0.8978 0.0793 -0.4333
vn 0.0886 -0.9539 0.2867
vn -0.7333 -0.6794 0.0274
vn -0.9404 0.0638 -0.3341
vn -0.9159 -0.2651 0.3013
vn -0.4751 -0.8081 0.3481
vn -0.6128 -0.5929 -0.5225
vn 0.9797 -0.1934 0.0521
vn 0.5987 -0.4701 0.6485
vn 0.1851 0.0452 0.9817
vn 0.9367 0.2110 -0.2795
vn 0.9789 0.0752 -0.1898
vn 0.6702 0.5216 0.5280
vn 0.9952 -0.0629 -0.0744
vn -0.5493 0.4680 -0.6922
vn 0.1137 0.0533 -0.9921
vn -0.1407 0.2526 -0.9573
vn -0.2811 0.3464 -0.8950
vn 0.4367 -0.8753 0.2077
vn -0.3915 -0.7413 0.5451
vn -0.0433 -0.4393 0.8973
vn 0.6362 -0.3106 0.7063
vn -0.4359 -0.8130 0.3860
vn 0.4283 -0.8837 0.1886
vn -0.5546 -0.3057 0.7740
vn -0.5758 -0.3157 0.7542
vn -0.1933 -0.9519 0.2377
vn -0.0526 -0.9391 0.3396
vn 0.0727 -0.8939 0.4424
vn 0.9840 0.1437 0.1053
vn -0.7030 -0.0192 -0.7109
vn -0.9294 -0.0960 -0.3563
vn -0.4490 0.1179 -0.8857
vn -0.5640 0.8246 -0.0443
vn -0.5491 0.8351 -0.0334
vn -0.2583 0.5802 0.7724
vn -0.4248 0.4701 0.7736
vn -0.5486 0.8353 -0.0343
vn 0.6382 0.1862 -0.7470
vn 0.9328 -0.3540 -0.0671
vn 0.9797 -0.2002 0.0022
vn 0.9525 0.1409 -0.2699
vn 0.6231 0.1766 -0.7620
vn 0.9331 0.1146 0.3408
vn 0.6414 -0.7414 0.1973
vn -0.0954 0.6844 0.7228
vn -0.5480 0.8358 -0.0335
vn -0.2823 0.2122 -0.9355
vn -0.5517 0.7754 -0.3071
vn -0.5351 0.7897 -0.3002
vn 0.0240 0.4288 -0.9031
vn 0.1382 0.5218 -0.8418
vn 0.9246 -0.0465 -0.3780
vn 0.6554 -0.7432 0.1344
vn 0.9961 0.0828 -0.0310
vn -0.6132 -0.7895 -0.0246
vn -0.6225 -0.2946 0.7250
vn -0.7217 -0.6885 -0.0724
vn -0.6121 -0.3069 0.7288
vn -0.4247 -0.9054 0.0019
vn -0.4483 -0.8721 0.1960
vn -0.0492 -0.7772 -0.6274
vn -0.3453 0.7434 0.5728
vn -0.3136 0.8442 0.4347
vn -0.2589 0.9199 0.2945
vn -0.3569 0.6178 0.7007
vn -0.9210 0.0740 0.3825
vn -0.9358 0.3407 0.0902
vn 0.4635 0.6356 -0.6173
vn -0.0128 0.9925 -0.1217
vn -0.9313 -0.1643 -0.3252
vn 0.3656 0.7464 -0.5560
vn 0.0729 0.9350 -0.3469
vn 0.3114 0.3428 -0.8863
vn 0.0073 -0.5466 -0.8374
vn 0.3237 -0.5819 0.7461
vn 0.4098 -0.5977 0.6890
vn 0.5671 -0.4277 0.7039
vn 0.4346 -0.1812 -0.8822
vn -0.0687 -0.7331 -0.6766
vn 0.6304 0.7756 0.0325
vn 0.3690 0.8209 -0.4358
vn 0.5597 0.6999 -0.4437
vn -0.1524 -0.4114 -0.8986
vn -0.1892 -0.7176 -0.6703
vn -0.9502 -0.1953 0.2430
vn -0.4092 -0.8435 0.3480
vn -0.8826 -0.3665 -0.2942
vn -0.9402 0.0706 0.3333
vn 0.3728 0.9198 0.1225
vn -0.2212 0.0421 0.9743
vn 0.0296 -0.1518 0.9880
vn 0.6158 0.7587 0.2125
vn 0.4283 0.7257 -0.5385
vn 0.5991 0.8007 0.0066
vn -0.9426 0.2745 -0.1903
vn -0.8686 -0.0422 0.4937
vn -0.9193 0.3651 -0.1472
vn -0.0459 -0.5234 -0.8508
vn 0.1419 -0.1059 -0.9842
vn 0.5765 -0.2199 -0.7869
vn 0.3109 -0.6364 0.7059
vn 0.4573 0.1985 0.8668
vn 0.0337 -0.4288 0.9028
vn -0.4080 -0.7265 0.5529
vn 0.5706 0.0093 0.8212
vn 0.5651 -0.0832 0.8208
vn 0.5887 -0.6860 -0.4275
vn -0.1563 -0.8496 -0.5037
vn 0.5540 -0.4150 -0.7217
vn -0.1900 -0.5902 -0.7846
vn -0.8894 -0.1043 0.4451
vn -0.9193 -0.0033 0.3935
vn -0.7010 -0.3210 0.6368
vn -0.0358 -0.2318 0.9721
vn -0.2588 -0.3978 0.8802
vn -0.4322 -0.4139 0.8012
vn -0.6933 -0.0697 0.7173
vn -0.4135 -0.1920 0.8900
vn -0.1137 -0.2774 0.9540
vn 0.5169 -0.1268 0.8466
vn 0.2822 0.3851 0.8787
vn 0.5268 0.1077 0.8432
vn 0.1327 0.6529 0.7457
vn 0.7012 0.3356 0.6290
vn 0.6349 0.7134 0.2966
vn 0.9947 -0.0820 -0.0613
vn 0.6923 0.5854 0.4220
vn 0.4917 0.2863 0.8224
vn -0.3796 0.6268 0.6804
vn 0.5026 0.7796 0.3737
vn 0.5814 0.8070 0.1037
vn -0.0009 0.9896 -0.1441
vn -0.4080 0.8533 -0.3246
vn -0.5512 0.7727 -0.3150
vn -0.9110 0.4119 0.0175
vn -0.8004 0.5674 -0.1934
vn -0.6788 0.6812 -0.2741
vn -0.0026 0.9602 -0.2792
vn -0.0151 0.9537 -0.3005
vn 0.0189 0.9990 -0.0401
vn -0.0847 0.9784 -0.1885
vn -0.2263 0.9701 -0.0872
vn -0.1649 0.9853 0.0452
vn -0.3999 0.9162 -0.0275
vn -0.5451 0.8383 -0.0094
vn -0.8808 0.4641 -0.0937
vn -0.5586 0.5067 -0.6567
vn 0.2855 0.5672 -0.7725
vn 0.6450 0.5230 -0.5572
vn -0.1270 0.2438 -0.9615
vn 0.9963 -0.0523 0.0688
vn 0.3948 0.1661 -0.9036
vn 0.6247 -0.1381 -0.7686
vn 0.6279 0.0325 -0.7776
vn 0.5276 0.6512 -0.5454
vn 0.4633 0.4066 -0.7874
vn 0.4493 0.2597 -0.8548
vn 0.5086 -0.2354 -0.8282
vn 0.5443 -0.3312 -0.7707
vn -0.3179 -0.9095 0.2677
vn -0.8323 -0.4242 -0.3568
vn -0.7149 -0.5523 -0.4289
vn -0.5907 -0.6455 -0.4842
vn -0.2124 -0.4455 -0.8697
vn -0.4444 -0.4659 -0.7651
vn -0.5852 -0.4062 -0.7018
vn -0.7106 -0.3569 -0.6064
vn 0.4977 -0.8129 -0.3024
vn 0.4451 -0.7412 0.5024
vn 0.9709 -0.2369 -0.0337
vn 0.4288 -0.8356 0.3432
vn -0.4238 -0.8840 0.1974
vn 0.0837 -0.9768 0.1972
vn -0.1669 -0.9445 0.2829
vn -0.1284 -0.9339 0.3337
vn -0.1183 -0.9880 0.0997
vn 0.0307 -0.9409 0.3372
vn 0.6177 -0.6215 0.4819
vn 0.3714 -0.8808 0.2937
vn 0.9986 0.0469 -0.0232
vn 0.6123 -0.7143 0.3389
vn 0.6892 -0.7099 0.1452
vt 0.728980 0.716744
vt 0.683187 0.805263
vt 0.583721 0.763706
vt 0.626460 0.610967
vt 0.810772 0.801148
vt 0.770359 0.858134
vt 0.658469 0.862286
vt 0.566981 0.825145
vt 0.569903 0.814906
vt 0.662776 0.852566
vt 0.757154 0.883375
vt 0.833584 0.906902
vt 0.821594 0.923824
vt 0.808325 0.942946
vt 0.814618 0.934007
vt 0.875488 0.979171
vt 0.874353 0.988229
vt 0.751152 0.894182
vt 0.745704 0.903320
vt 0.933421 0.937927
vt 0.968780 0.897464
vt 0.978210 0.903283
vt 0.941211 0.945965
vt 0.866696 0.862623
vt 0.904467 0.981543
vt 0.884656 0.988334
vt 0.883746 0.979305
vt 0.898963 0.971952
vt 0.199674 0.723470
vt 0.189295 0.665741
vt 0.200842 0.665775
vt 0.211015 0.720645
vt 0.238479 0.788143
vt 0.232729 0.795675
vt 0.219497 0.778186
vt 0.229685 0.772735
vt 0.298456 0.696449
vt 0.372882 0.676038
vt 0.382098 0.745566
vt 0.303063 0.753531
vt 0.382444 0.795331
vt 0.305426 0.798841
vt 0.304766 0.787464
vt 0.382667 0.784717
vt 0.472570 0.792814
vt 0.470985 0.803524
vt 0.474430 0.780656
vt 0.383188 0.772310
vt 0.478125 0.746340
vt 0.484336 0.648909
vt 0.891973 0.962143
vt 0.879634 0.970793
vt 0.667500 0.841022
vt 0.668272 0.475698
vt 0.516953 0.498621
vt 0.584744 0.415518
vt 0.698702 0.360143
vt 0.633596 0.326012
vt 0.599590 0.303165
vt 0.547781 0.386179
vt 0.539422 0.379621
vt 0.591362 0.298382
vt 0.557353 0.394016
vt 0.490369 0.473919
vt 0.666818 0.259217
vt 0.609945 0.309775
vt 0.647524 0.248977
vt 0.626929 0.238444
vt 0.636651 0.243369
vt 0.751369 0.173019
vt 0.807106 0.193190
vt 0.801614 0.202759
vt 0.748340 0.183804
vt 0.720312 0.282430
vt 0.679070 0.174044
vt 0.675755 0.165788
vt 0.696619 0.162499
vt 0.696321 0.173497
vt 0.397426 0.522706
vt 0.474223 0.457433
vt 0.481629 0.465071
vt 0.404961 0.530721
vt 0.671881 0.178047
vt 0.666620 0.170630
vt 0.245855 0.792554
vt 0.241887 0.801279
vt 0.338044 0.588991
vt 0.348430 0.610173
vt 0.277506 0.644363
vt 0.268262 0.625497
vt 0.256932 0.603877
vt 0.262755 0.613955
vt 0.206891 0.641068
vt 0.199276 0.635264
vt 0.331926 0.578156
vt 0.326586 0.568944
vt 0.223727 0.717465
vt 0.241306 0.767892
vt 0.193815 0.644532
vt 0.202457 0.648455
vt 0.432514 0.565136
vt 0.412092 0.539773
vt 0.275844 0.429750
vt 0.274722 0.474352
vt 0.269584 0.474407
vt 0.270530 0.429501
vt 0.303752 0.431826
vt 0.331148 0.424338
vt 0.343057 0.466885
vt 0.307244 0.473690
vt 0.350619 0.499103
vt 0.309007 0.504775
vt 0.279460 0.474185
vt 0.280159 0.500918
vt 0.173284 0.029771
vt 0.227792 0.014418
vt 0.227291 0.020376
vt 0.175317 0.035134
vt 0.228291 0.063403
vt 0.227077 0.026920
vt 0.255901 0.030303
vt 0.253764 0.062860
vt 0.151119 0.090536
vt 0.130229 0.059220
vt 0.177914 0.041512
vt 0.189038 0.070541
vt 0.126134 0.053359
vt 0.122859 0.048428
vt 0.478695 0.275156
vt 0.478740 0.270130
vt 0.499585 0.270898
vt 0.497103 0.275236
vt 0.500501 0.305997
vt 0.493179 0.355707
vt 0.464478 0.344094
vt 0.473958 0.306263
vt 0.822364 0.207363
vt 0.816725 0.212742
vt 0.776582 0.360532
vt 0.783092 0.287542
vt 0.828340 0.290961
vt 0.817495 0.290002
vt 0.820741 0.219924
vt 0.827438 0.216297
vt 0.807146 0.458692
vt 0.768492 0.465948
vt 0.804891 0.359313
vt 0.827861 0.359333
vt 0.830047 0.455982
vt 0.819468 0.457123
vt 0.817238 0.359188
vt 0.436211 0.270602
vt 0.436486 0.275873
vt 0.424045 0.329491
vt 0.433288 0.303885
vt 0.379035 0.379519
vt 0.403045 0.354507
vt 0.445046 0.382220
vt 0.416784 0.417667
vt 0.476723 0.402351
vt 0.444094 0.447025
vt 0.424192 0.329310
vt 0.780985 0.573105
vt 0.817673 0.673776
vt 0.863775 0.764521
vt 0.173995 0.126442
vt 0.147816 0.149489
vt 0.114331 0.119954
vt 0.202182 0.106853
vt 0.843712 0.558500
vt 0.833384 0.561088
vt 0.911838 0.828174
vt 0.889371 0.752625
vt 0.928664 0.816160
vt 0.979166 0.865599
vt 0.938993 0.809534
vt 0.948120 0.803517
vt 0.988263 0.864747
vt 0.909588 0.741822
vt 0.900308 0.746981
vt 0.979045 0.873872
vt 0.988795 0.874597
vt 0.338059 0.589034
vt 0.304145 0.774592
vt 0.959163 0.890154
vt 0.970794 0.869233
vt 0.694794 0.185304
vt 0.679411 0.183445
vt 0.573282 0.802833
vt 0.255960 0.096283
vt 0.258359 0.062742
vt 0.263492 0.062694
vt 0.261258 0.096524
vt 0.228965 0.096032
vt 0.087092 0.090931
vt 0.357064 0.404895
vt 0.382853 0.446603
vt 0.805277 0.289029
vt 0.744926 0.195896
vt 0.847662 0.662925
vt 0.858803 0.658691
vt 0.868654 0.654686
vt 0.694813 0.185461
vt 0.796646 0.213716
vt 0.811476 0.220551
vt 0.924636 0.928849
vt 0.246780 0.782807
vt 0.821303 0.564081
vt 0.350725 0.499197
vt 0.402569 0.477508
vt 0.127284 0.175244
vt 0.086585 0.153988
vt 0.147488 0.150786
vt 0.108807 0.200774
vt 0.068992 0.189636
vt 0.099559 0.260952
vt 0.056361 0.261802
vt 0.056397 0.256776
vt 0.099279 0.255671
vt 0.099460 0.227969
vt 0.059407 0.227216
vt 0.025634 0.228032
vt 0.034161 0.180984
vt 0.027064 0.264260
vt 0.029511 0.259945
vt 0.213357 0.664565
vt 0.212080 0.648728
vt 0.053548 0.135066
vt 0.161043 0.161903
vt 0.141936 0.183379
vt 0.176541 0.176249
vt 0.156039 0.194196
vt 0.125527 0.204331
vt 0.140621 0.210858
vt 0.185912 0.242497
vt 0.152570 0.253468
vt 0.150832 0.248530
vt 0.183446 0.238627
vt 0.211346 0.213752
vt 0.181286 0.235136
vt 0.169117 0.213519
vt 0.191119 0.190956
vt 0.142386 0.225185
vt 0.123852 0.259618
vt 0.123146 0.254425
vt 0.119271 0.228446
vt 0.366820 0.367159
vt 0.388392 0.346416
vt 0.407332 0.325931
vt 0.353817 0.354148
vt 0.374614 0.335912
vt 0.392193 0.322843
vt 0.407729 0.276224
vt 0.384580 0.283268
vt 0.382828 0.278226
vt 0.407030 0.270956
vt 0.413287 0.303643
vt 0.390512 0.307675
vt 0.297133 0.351833
vt 0.281409 0.382498
vt 0.276445 0.380788
vt 0.293101 0.349344
vt 0.339506 0.339921
vt 0.363730 0.320403
vt 0.355278 0.298308
vt 0.352773 0.294295
vt 0.233610 0.178219
vt 0.248028 0.149236
vt 0.252998 0.150949
vt 0.237642 0.180710
vt 0.303528 0.016020
vt 0.303416 0.021654
vt 0.271258 0.025047
vt 0.267597 0.021511
vt 0.191327 0.191075
vt 0.229670 0.222308
vt 0.243573 0.238036
vt 0.239818 0.241884
vt 0.222119 0.224635
vt 0.125985 0.269763
vt 0.141651 0.300855
vt 0.113003 0.300905
vt 0.100720 0.270974
vt 0.496042 0.279874
vt 0.478607 0.279666
vt 0.242777 0.183773
vt 0.229224 0.218449
vt 0.218523 0.221355
vt 0.156437 0.263254
vt 0.174471 0.294223
vt 0.042586 0.128762
vt 0.077817 0.081557
vt 0.082210 0.085942
vt 0.047803 0.131579
vt 0.259204 0.274868
vt 0.231073 0.302899
vt 0.207065 0.274933
vt 0.232903 0.248678
vt 0.302284 0.063835
vt 0.300049 0.105921
vt 0.271198 0.097616
vt 0.273191 0.062671
vt 0.219430 0.230281
vt 0.236244 0.245502
vt 0.122122 0.415031
vt 0.093844 0.445661
vt 0.060189 0.402625
vt 0.091465 0.378869
vt 0.273959 0.029369
vt 0.303020 0.028063
vt 0.056384 0.271450
vt 0.060819 0.305114
vt 0.025091 0.308301
vt 0.029622 0.273103
vt 0.379200 0.268949
vt 0.358491 0.240443
vt 0.394633 0.233274
vt 0.404939 0.260890
vt 0.297728 0.284509
vt 0.325896 0.259732
vt 0.346953 0.284837
vt 0.316402 0.302597
vt 0.259159 0.326800
vt 0.283296 0.299002
vt 0.262088 0.501945
vt 0.228099 0.505688
vt 0.230286 0.475607
vt 0.259782 0.474395
vt 0.157276 0.444308
vt 0.194465 0.464859
vt 0.185984 0.497152
vt 0.136062 0.474962
vt 0.313541 0.306361
vt 0.310788 0.312342
vt 0.290405 0.291531
vt 0.294363 0.287646
vt 0.025441 0.270446
vt 0.018836 0.308794
vt 0.013279 0.308958
vt 0.022034 0.266805
vt 0.408170 0.116933
vt 0.430279 0.087972
vt 0.466285 0.133546
vt 0.438466 0.152800
vt 0.404869 0.260890
vt 0.394405 0.233095
vt 0.426587 0.233085
vt 0.435054 0.260568
vt 0.247100 0.186440
vt 0.262718 0.154710
vt 0.292971 0.175108
vt 0.273800 0.207863
vt 0.268703 0.062560
vt 0.266627 0.096791
vt 0.262504 0.271559
vt 0.266206 0.267820
vt 0.234392 0.422525
vt 0.260508 0.428388
vt 0.436591 0.280596
vt 0.099178 0.250947
vt 0.056493 0.252255
vt 0.249505 0.120532
vt 0.243606 0.147727
vt 0.223750 0.140810
vt 0.229162 0.117065
vt 0.251220 0.096215
vt 0.280617 0.429840
vt 0.281983 0.406458
vt 0.303503 0.411565
vt 0.264995 0.026667
vt 0.260623 0.029188
vt 0.271058 0.504727
vt 0.266666 0.502594
vt 0.264380 0.474524
vt 0.269369 0.028725
vt 0.378866 0.268224
vt 0.283600 0.343586
vt 0.266629 0.376975
vt 0.239985 0.359554
vt 0.275438 0.502101
vt 0.149301 0.244136
vt 0.229769 0.175994
vt 0.210622 0.166581
vt 0.318000 0.319508
vt 0.314078 0.315456
vt 0.215572 0.229858
vt 0.188931 0.247533
vt 0.300149 0.136221
vt 0.269483 0.123895
vt 0.273216 0.260718
vt 0.301886 0.231765
vt 0.285835 0.384010
vt 0.307695 0.388758
vt 0.234176 0.393009
vt 0.261905 0.403056
vt 0.122483 0.249804
vt 0.478829 0.265010
vt 0.497577 0.266524
vt 0.030535 0.255300
vt 0.265814 0.429276
vt 0.093714 0.445918
vt 0.271264 0.379008
vt 0.287967 0.346281
vt 0.305467 0.318988
vt 0.034143 0.350137
vt 0.071127 0.341234
vt 0.301288 0.318009
vt 0.191702 0.251784
vt 0.472849 0.229805
vt 0.478712 0.260486
vt 0.034194 0.350124
vt 0.345599 0.035398
vt 0.337171 0.071332
vt 0.259395 0.121849
vt 0.254163 0.121173
vt 0.317400 0.306785
vt 0.349679 0.289196
vt 0.495701 0.226273
vt 0.497008 0.262023
vt 0.300974 0.354059
vt 0.320170 0.364325
vt 0.357527 0.302127
vt 0.386114 0.287758
vt 0.246822 0.234507
vt 0.216574 0.234034
vt 0.056260 0.266909
vt 0.029052 0.268592
vt 0.269849 0.264092
vt 0.027881 0.179079
vt 0.019137 0.228230
vt 0.013250 0.228754
vt 0.022204 0.177732
vt 0.374347 0.090635
vt 0.388547 0.056125
vt 0.215156 0.217737
vt 0.408584 0.117245
vt 0.258178 0.152728
vt 0.182378 0.508998
vt 0.129762 0.485868
vt 0.132636 0.480756
vt 0.183907 0.503478
vt 0.233407 0.219427
vt 0.408379 0.280782
vt 0.386221 0.287676
vt 0.321922 0.323403
vt 0.384706 0.283372
vt 0.382983 0.278538
vt 0.491187 0.183749
vt 0.460609 0.193610
vt 0.512972 0.305280
vt 0.507085 0.305804
vt 0.499926 0.277354
vt 0.503042 0.273458
vt 0.408422 0.280759
vt 0.386145 0.287752
vt 0.305025 0.315127
vt 0.286417 0.295620
vt 0.028015 0.352287
vt 0.054522 0.406286
vt 0.049451 0.409169
vt 0.022529 0.353848
vt 0.084675 0.455184
vt 0.089026 0.450799
vt 0.264827 0.122587
vt 0.503078 0.180191
vt 0.507743 0.224896
vt 0.501795 0.225568
vt 0.497595 0.181751
vt 0.227703 0.512091
vt 0.227672 0.517767
vt 0.204082 0.408359
vt 0.174889 0.393780
vt 0.153341 0.381840
vt 0.349217 0.023527
vt 0.394899 0.045172
vt 0.392017 0.050286
vt 0.347659 0.029077
vt 0.330783 0.121130
vt 0.360421 0.137227
vt 0.381875 0.150385
vt 0.411256 0.203878
vt 0.435929 0.265258
vt 0.394057 0.172119
vt 0.126201 0.330413
vt 0.099843 0.266292
vt 0.140790 0.360109
vt 0.329400 0.150812
vt 0.333759 0.199752
vt 0.366205 0.165458
vt 0.381338 0.203162
vt 0.380979 0.272968
vt 0.406251 0.265433
vt 0.201352 0.377184
vt 0.199201 0.334911
vt 0.266653 0.404407
vt 0.272096 0.405141
vt 0.168750 0.365661
vt 0.157094 0.332940
vt 0.124608 0.265023
vt 0.407053 0.271131
vt 0.381229 0.273495
vt 0.406302 0.265832
vt 0.154373 0.258619
vt 0.202219 0.106778
vt 0.505209 0.358995
vt 0.487761 0.408710
vt 0.482543 0.405893
vt 0.499533 0.357648
vt 0.353943 0.511373
vt 0.308292 0.517366
vt 0.308794 0.511406
vt 0.352473 0.505616
vt 0.183715 0.140965
vt 0.205737 0.124122
vt 0.207967 0.139550
vt 0.195017 0.154928
vt 0.322898 0.390339
vt 0.326468 0.407592
vt 0.277328 0.405820
vt 0.335761 0.375131
vt 0.347748 0.390994
vt 0.407463 0.325585
vt 0.407760 0.276225
vt 0.195114 0.154669
vt 0.080003 0.836273
vt 0.079893 0.807758
vt 0.108307 0.810176
vt 0.106192 0.836273
vt 0.079755 0.866812
vt 0.079755 0.893212
vt 0.051433 0.893303
vt 0.053393 0.865072
vt 0.136758 0.836410
vt 0.136868 0.864926
vt 0.108445 0.862507
vt 0.110570 0.836410
vt 0.163368 0.836273
vt 0.137006 0.834523
vt 0.137006 0.808124
vt 0.165319 0.808042
vt 0.193385 0.894723
vt 0.192241 0.921434
vt 0.165511 0.921434
vt 0.165439 0.893450
vt 0.165457 0.835000
vt 0.166611 0.808298
vt 0.193339 0.808298
vt 0.193413 0.836273
vt 0.080360 0.948813
vt 0.081514 0.922093
vt 0.108234 0.922093
vt 0.108307 0.950077
vt 0.192249 0.864926
vt 0.165511 0.864926
vt 0.165439 0.836951
vt 0.193395 0.838224
vt 0.136749 0.865063
vt 0.136859 0.893578
vt 0.108445 0.891169
vt 0.110570 0.865063
vt 0.080003 0.893587
vt 0.079893 0.865072
vt 0.108298 0.867481
vt 0.106182 0.893587
vt 0.079755 0.838838
vt 0.077630 0.864944
vt 0.051451 0.864944
vt 0.051341 0.836420
vt 0.137006 0.921708
vt 0.138966 0.893450
vt 0.165300 0.895199
vt 0.165300 0.921617
vt 0.077768 0.921690
vt 0.051433 0.919950
vt 0.051433 0.893523
vt 0.079728 0.893441
vt 0.163341 0.893312
vt 0.137006 0.891572
vt 0.137006 0.865145
vt 0.165300 0.865063
vt 0.079645 0.807758
vt 0.079755 0.836282
vt 0.051341 0.833864
vt 0.053467 0.807758
vt 0.136749 0.895465
vt 0.136749 0.921882
vt 0.108445 0.921974
vt 0.110405 0.893715
vt 0.163808 0.949820
vt 0.137070 0.949820
vt 0.137006 0.921837
vt 0.164962 0.923119
vt 0.193313 0.921571
vt 0.193385 0.949564
vt 0.165439 0.948282
vt 0.166583 0.921571
vt 0.165439 0.865329
vt 0.193385 0.866602
vt 0.192231 0.893312
vt 0.165511 0.893312
vt 0.079755 0.949802
vt 0.051799 0.948529
vt 0.052944 0.921827
vt 0.079682 0.921827
vt 0.137006 0.864926
vt 0.138957 0.836694
vt 0.165328 0.838435
vt 0.165328 0.864834
vt 0.079893 0.862516
vt 0.082009 0.836420
vt 0.108207 0.836420
vt 0.108307 0.864935
vt 0.079902 0.920215
vt 0.079902 0.893816
vt 0.108225 0.893725
vt 0.106265 0.921965
vt 0.108555 0.836273
vt 0.108445 0.807758
vt 0.136868 0.810176
vt 0.134752 0.836273
vt 0.501200 0.264674
vt 0.264651 0.506184
vt 0.026690 0.257822
vt 0.258471 0.026340
vt 0.277603 0.504944
vt 0.449025 0.452085
vt 0.406566 0.483164
vt 0.504637 0.268349
vt 0.268339 0.509787
vt 0.262363 0.023193
vt 0.023541 0.261802
vt 0.273675 0.508228
vt 0.471960 0.129929
vt 0.435140 0.082950
vt 0.088870 0.450789
vt 0.352586 0.505581
s 1
f 701/1/701 1278/2/1278 1086/3/1086 728/4/728
f 872/5/872 990/6/990 1278/2/1278 701/1/701
f 66/7/66 1862/8/1862 2092/9/2092 2091/10/2091
f 2093/11/2093 990/6/990 1050/12/1050 381/13/381
f 1893/14/1893 2094/15/2094 2326/16/2326 464/17/464
f 382/18/382 2094/15/2094 1893/14/1893 1307/19/1307
f 316/20/316 2057/21/2057 104/22/104 746/23/746
f 990/6/990 872/5/872 972/24/972 1050/12/1050
f 1014/25/1014 1982/26/1982 2041/27/2041 2040/28/2040
f 161/29/161 111/30/111 716/31/716 2037/32/2037
f 2379/33/2379 2370/34/2370 874/35/874 873/36/873
f 1019/37/1019 717/38/717 8/39/8 714/40/714
f 65/41/65 1644/42/1644 325/43/325 328/44/328
f 702/45/702 2092/9/2092 1862/8/1862 703/46/703
f 326/47/326 327/48/327 8/39/8 1085/49/1085
f 328/44/328 702/45/702 703/46/703 65/41/65
f 718/50/718 728/4/728 1086/3/1086 1085/49/1085
f 717/38/717 718/50/718 1085/49/1085 8/39/8
f 704/18/704 2097/15/2097 1671/14/1671 1673/19/1673
f 2096/13/2096 706/12/706 2072/51/2072 1937/52/1937
f 2098/53/2098 11/2/11 705/6/705 2099/11/2099
f 1673/19/1673 1672/7/1672 329/10/329 704/18/704
f 828/1/828 11/2/11 14/3/14 4/4/4
f 41/5/41 705/6/705 11/2/11 828/1/828
f 2070/20/2070 364/21/364 91/22/91 856/23/856
f 102/25/102 2364/26/2364 2363/27/2363 741/28/741
f 705/6/705 41/5/41 1056/24/1056 706/12/706
f 792/54/792 4/4/4 1081/55/1081 1053/56/1053
f 794/57/794 792/54/792 1053/56/1053 18/58/18
f 2672/59/2672 2674/60/2674 1669/61/1669 1670/62/1670
f 1054/63/1054 1053/56/1053 1081/55/1081 2123/64/2123
f 793/65/793 18/58/18 1055/66/1055 339/67/339
f 1670/62/1670 1179/68/1179 2112/69/2112 2672/59/2672
f 770/70/770 92/71/92 362/72/362 825/73/825
f 43/74/43 794/57/794 18/58/18 793/65/793
f 2308/75/2308 771/76/771 827/77/827 826/78/826
f 52/79/52 1664/80/1664 1667/81/1667 1663/82/1663
f 2023/83/2023 707/69/707 57/68/57 1971/84/1971
f 937/65/937 710/58/710 2115/66/2115 938/67/938
f 56/62/56 57/68/57 707/69/707 2669/59/2669
f 2033/32/2033 319/36/319 788/35/788 163/29/163
f 722/74/722 708/57/708 710/58/710 937/65/937
f 361/75/361 1973/76/1973 777/77/777 360/78/360
f 727/54/727 720/4/720 13/55/13 709/56/709
f 708/57/708 727/54/727 709/56/709 710/58/710
f 336/85/336 354/43/354 55/42/55 2347/86/2347
f 2116/47/2116 925/48/925 712/39/712 992/49/992
f 355/45/355 2664/9/2664 114/8/114 1120/46/1120
f 2665/44/2665 355/45/355 1120/46/1120 54/41/54
f 711/50/711 869/4/869 15/3/15 992/49/992
f 45/38/45 711/50/711 992/49/992 712/39/712
f 805/29/805 105/30/105 867/31/867 738/32/738
f 2349/33/2349 2348/34/2348 806/35/806 335/36/335
f 44/37/44 45/38/45 712/39/712 991/40/991
f 739/22/739 162/23/162 2050/20/2050 2051/21/2051
f 1080/87/1080 715/88/715 1052/89/1052 2124/90/2124
f 713/91/713 616/92/616 2028/93/2028 2305/94/2305
f 615/95/615 616/92/616 713/91/713 1665/96/1665
f 1018/97/1018 1019/37/1019 714/40/714 2038/98/2038
f 715/88/715 717/38/717 1019/37/1019 1052/89/1052
f 111/30/111 1979/99/1979 1932/100/1932 716/31/716
f 718/50/718 1079/101/1079 996/55/996 728/4/728
f 717/38/717 715/88/715 1079/101/1079 718/50/718
f 723/91/723 2660/92/2660 640/93/640 2373/94/2373
f 369/102/369 926/101/926 721/88/721 2126/87/2126
f 2114/64/2114 340/63/340 709/56/709 13/55/13
f 1662/96/1662 52/79/52 1663/82/1663 613/95/613
f 2736/103/2736 2550/104/2550 1226/105/1226 1196/106/1196
f 297/107/297 298/108/298 1574/109/1574 1238/110/1238
f 1238/110/1238 1574/109/1574 620/111/620 719/112/719
f 1239/113/1239 1238/110/1238 719/112/719 2030/114/2030
f 5/115/5 901/116/901 2235/117/2235 2148/118/2148
f 1100/119/1100 2146/120/2146 2026/121/2026 2704/122/2704
f 1164/123/1164 416/124/416 417/125/417 1658/126/1658
f 2148/118/2148 2149/127/2149 1096/128/1096 5/115/5
f 628/129/628 84/130/84 1266/131/1266 2031/132/2031
f 2680/133/2680 2679/134/2679 724/135/724 78/136/78
f 28/50/28 926/101/926 13/55/13 720/4/720
f 27/38/27 721/88/721 926/101/926 28/50/28
f 2034/97/2034 915/37/915 1108/40/1108 1031/98/1031
f 749/30/749 2251/99/2251 1938/100/1938 2074/31/2074
f 721/88/721 27/38/27 915/37/915 30/89/30
f 936/73/936 360/78/360 777/77/777 994/70/994
f 995/71/995 1974/137/1974 2067/138/2067 356/72/356
f 1267/139/1267 708/57/708 722/74/722 969/140/969
f 1656/141/1656 2658/142/2658 357/143/357 1657/144/1657
f 370/145/370 1049/146/1049 1267/139/1267 2101/147/2101
f 613/95/613 2660/92/2660 723/91/723 1662/96/1662
f 1097/148/1097 737/149/737 1655/150/1655 2654/151/2654
f 1875/152/1875 84/130/84 628/129/628 1736/153/1736
f 724/135/724 1719/154/1719 1714/155/1714 78/136/78
f 1728/156/1728 1718/157/1718 726/158/726 725/159/725
f 1719/154/1719 724/135/724 726/158/726 1718/157/1718
f 725/159/725 726/158/726 2678/160/2678 2681/161/2681
f 726/158/726 724/135/724 2679/134/2679 2678/160/2678
f 1879/152/1879 74/130/74 734/129/734 2541/153/2541
f 735/135/735 731/162/731 285/155/285 81/136/81
f 727/54/727 1049/146/1049 1048/163/1048 720/4/720
f 708/57/708 1267/139/1267 1049/146/1049 727/54/727
f 338/83/338 2102/69/2102 1275/68/1275 2358/84/2358
f 2104/63/2104 2103/66/2103 1057/58/1057 729/56/729
f 53/79/53 1654/80/1654 2653/81/2653 2662/82/2662
f 2649/59/2649 2650/60/2650 1020/61/1020 1180/62/1180
f 730/54/730 728/4/728 996/55/996 729/56/729
f 904/57/904 730/54/730 729/56/729 1057/58/1057
f 803/70/803 903/71/903 346/72/346 973/73/973
f 2047/75/2047 781/76/781 974/77/974 337/78/337
f 902/74/902 904/57/904 1057/58/1057 39/65/39
f 1084/7/1084 114/8/114 2664/9/2664 2105/10/2105
f 2107/11/2107 1062/6/1062 1093/12/1093 2111/13/2111
f 1648/14/1648 2108/15/2108 2109/16/2109 2242/17/2242
f 2110/18/2110 2108/15/2108 1648/14/1648 1094/19/1094
f 315/20/315 2085/21/2085 850/22/850 852/23/852
f 1062/6/1062 48/5/48 761/24/761 1093/12/1093
f 112/25/112 1981/26/1981 332/27/332 2043/28/2043
f 47/1/47 1061/2/1061 15/3/15 869/4/869
f 48/5/48 1062/6/1062 1061/2/1061 47/1/47
f 766/1/766 720/4/720 1048/163/1048 1270/164/1270
f 767/5/767 766/1/766 1270/164/1270 50/165/50
f 732/157/732 733/158/733 302/159/302 1762/156/1762
f 731/162/731 735/135/735 733/158/733 732/157/732
f 302/159/302 733/158/733 2652/160/2652 2651/161/2651
f 733/158/733 735/135/735 312/134/312 2652/160/2652
f 734/129/734 74/130/74 2288/131/2288 649/132/649
f 311/133/311 312/134/312 735/135/735 81/136/81
f 736/166/736 309/167/309 1212/168/1212 757/123/757
f 1768/169/1768 736/166/736 757/123/757 754/126/754
f 737/149/737 916/170/916 2657/171/2657 1655/150/1655
f 49/172/49 50/165/50 2119/173/2119 2121/174/2121
f 2340/175/2340 323/176/323 36/177/36 452/178/452
f 1263/179/1263 36/177/36 323/176/323 1645/180/1645
f 738/32/738 335/36/335 806/35/806 805/29/805
f 29/24/29 767/5/767 50/165/50 49/172/49
f 1950/181/1950 451/182/451 739/22/739 2051/21/2051
f 313/32/313 2077/36/2077 101/35/101 1041/29/1041
f 103/30/103 896/99/896 2069/100/2069 358/31/358
f 58/88/58 742/38/742 1023/37/1023 1069/89/1069
f 1643/91/1643 2122/92/2122 2309/93/2309 441/94/441
f 1083/102/1083 1082/101/1082 58/88/58 2145/183/2145
f 31/79/31 1159/80/1159 631/81/631 2641/82/2641
f 1642/96/1642 31/79/31 2641/82/2641 2640/95/2640
f 743/50/743 1082/101/1082 1081/55/1081 4/4/4
f 742/38/742 58/88/58 1082/101/1082 743/50/743
f 2639/45/2639 331/9/331 1674/8/1674 917/46/917
f 1024/40/1024 1066/39/1066 375/48/375 374/184/374
f 2637/85/2637 1641/43/1641 740/42/740 1967/86/1967
f 1259/41/1259 740/42/740 1641/43/1641 2634/44/2634
f 856/23/856 102/25/102 741/28/741 2070/20/2070
f 1023/37/1023 742/38/742 1066/39/1066 1024/40/1024
f 1940/33/1940 1969/34/1969 101/35/101 2077/36/2077
f 743/50/743 4/4/4 14/3/14 744/49/744
f 742/38/742 743/50/743 744/49/744 1066/39/1066
f 73/50/73 773/4/773 750/3/750 745/49/745
f 747/38/747 73/50/73 745/49/745 748/39/748
f 751/7/751 909/8/909 564/9/564 2210/10/2210
f 1008/85/1008 1007/43/1007 1904/42/1904 1983/86/1983
f 945/185/945 944/172/944 2267/174/2267 2139/186/2139
f 69/41/69 1904/42/1904 1007/43/1007 555/44/555
f 746/29/746 104/30/104 403/31/403 386/32/386
f 892/37/892 747/38/747 748/39/748 988/40/988
f 2041/33/2041 1982/34/1982 1014/35/1014 2136/36/2136
f 952/20/952 2181/21/2181 749/22/749 163/23/163
f 788/25/788 787/26/787 2130/27/2130 2129/28/2129
f 752/6/752 774/5/774 772/24/772 1913/12/1913
f 390/187/390 1000/65/1000 1076/67/1076 2132/188/2132
f 68/14/68 2535/15/2535 2367/16/2367 1985/17/1985
f 2200/47/2200 745/49/745 750/3/750 769/189/769
f 67/19/67 751/7/751 2210/10/2210 2212/18/2212
f 775/1/775 753/2/753 750/3/750 773/4/773
f 774/5/774 752/6/752 753/2/753 775/1/775
f 2763/190/2763 2712/191/2712 1010/192/1010 1129/193/1129
f 287/194/287 1768/169/1768 754/126/754 755/119/755
f 2646/120/2646 755/119/755 754/126/754 756/125/756
f 2647/121/2647 2711/122/2711 755/119/755 2646/120/2646
f 2648/124/2648 757/123/757 1212/168/1212 2663/195/2663
f 756/125/756 754/126/754 757/123/757 2648/124/2648
f 1758/196/1758 1762/156/1762 302/159/302 758/197/758
f 286/108/286 1758/196/1758 758/197/758 785/109/785
f 843/54/843 1276/146/1276 764/163/764 869/4/869
f 760/57/760 61/139/61 1276/146/1276 843/54/843
f 1087/149/1087 762/170/762 2193/171/2193 2191/150/2191
f 1027/147/1027 61/139/61 1271/140/1271 376/198/376
f 759/141/759 348/142/348 2374/143/2374 2360/144/2360
f 377/151/377 348/142/348 759/141/759 1265/148/1265
f 314/199/314 845/74/845 919/65/919 2053/187/2053
f 61/139/61 760/57/760 845/74/845 1271/140/1271
f 90/71/90 855/137/855 1943/138/1943 2083/72/2083
f 162/23/162 908/25/908 768/28/768 2050/20/2050
f 2088/181/2088 957/182/957 850/22/850 2085/21/2085
f 761/24/761 48/5/48 941/165/941 1032/172/1032
f 2372/175/2372 1632/176/1632 1631/177/1631 431/178/431
f 380/200/380 942/173/942 941/165/941 1070/164/1070
f 350/201/350 2193/171/2193 762/170/762 763/202/763
f 1214/180/1214 350/201/350 763/202/763 1213/179/1213
f 47/1/47 869/4/869 764/163/764 1070/164/1070
f 48/5/48 47/1/47 1070/164/1070 941/165/941
f 765/7/765 789/8/789 317/9/317 2628/10/2628
f 1630/19/1630 765/7/765 2628/10/2628 352/18/352
f 766/1/766 70/2/70 1026/3/1026 720/4/720
f 767/5/767 85/6/85 70/2/70 766/1/766
f 908/25/908 2352/26/2352 2351/27/2351 768/28/768
f 85/6/85 767/5/767 29/24/29 72/12/72
f 22/14/22 2198/15/2198 687/16/687 465/17/465
f 769/189/769 750/3/750 753/2/753 2213/53/2213
f 899/50/899 1072/101/1072 809/55/809 808/4/808
f 900/38/900 1071/88/1071 1072/101/1072 899/50/899
f 1367/79/1367 1005/80/1005 415/81/415 977/82/977
f 1359/91/1359 420/92/420 2208/93/2208 444/94/444
f 404/203/404 100/65/100 2257/67/2257 2167/188/2167
f 421/95/421 420/92/420 1359/91/1359 1928/96/1928
f 2165/32/2165 2183/36/2183 92/35/92 770/29/770
f 1071/88/1071 900/38/900 1034/37/1034 1907/89/1907
f 827/30/827 771/99/771 2308/100/2308 797/31/797
f 780/149/780 1492/170/1492 1015/171/1015 2527/150/2527
f 2318/175/2318 553/176/553 1101/177/1101 1970/178/1970
f 2227/198/2227 910/140/910 912/204/912 2225/205/2225
f 1886/179/1886 1101/177/1101 553/176/553 552/180/552
f 2178/206/2178 2613/51/2613 1913/12/1913 772/24/772
f 772/24/772 774/5/774 83/165/83 951/172/951
f 1960/181/1960 2251/182/2251 749/22/749 2181/21/2181
f 775/1/775 773/4/773 779/163/779 82/164/82
f 774/5/774 775/1/775 82/164/82 83/165/83
f 2217/174/2217 2180/186/2180 2179/185/2179 951/172/951
f 1927/141/1927 2408/142/2408 2220/143/2220 2316/144/2316
f 1362/149/1362 1366/170/1366 796/171/796 776/150/776
f 59/148/59 1362/149/1362 776/150/776 2413/151/2413
f 888/54/888 1017/146/1017 799/163/799 862/4/862
f 876/57/876 778/139/778 1017/146/1017 888/54/888
f 2131/199/2131 2157/204/2157 802/140/802 971/74/971
f 777/71/777 1973/137/1973 2176/138/2176 2175/72/2175
f 778/139/778 876/57/876 847/74/847 1929/140/1929
f 2184/98/2184 927/40/927 2293/184/2293 1961/207/1961
f 1493/141/1493 2239/142/2239 2226/143/2226 438/144/438
f 978/208/978 2219/200/2219 82/164/82 779/163/779
f 1491/148/1491 780/149/780 2527/150/2527 422/151/422
f 897/54/897 979/146/979 779/163/779 773/4/773
f 895/57/895 1912/139/1912 979/146/979 897/54/897
f 2186/206/2186 2185/51/2185 913/12/913 798/24/798
f 101/71/101 1969/137/1969 2355/138/2355 2182/72/2182
f 1912/139/1912 895/57/895 911/74/911 910/140/910
f 1043/149/1043 933/170/933 2244/171/2244 2245/150/2245
f 1925/141/1925 425/142/425 1947/143/1947 2378/144/2378
f 956/98/956 1035/40/1035 1036/184/1036 1949/207/1949
f 2524/151/2524 425/142/425 1925/141/1925 1042/148/1042
f 389/73/389 405/78/405 903/77/903 803/70/803
f 795/139/795 76/57/76 1013/74/1013 984/140/984
f 974/71/974 781/137/781 397/138/397 396/72/396
f 2685/103/2685 2684/104/2684 1058/105/1058 1738/106/1738
f 1765/107/1765 286/108/286 785/109/785 782/110/782
f 783/112/783 782/110/782 785/109/785 784/209/784
f 648/114/648 621/113/621 782/110/782 783/112/783
f 2661/210/2661 758/197/758 302/159/302 2651/161/2651
f 784/209/784 785/109/785 758/197/758 2661/210/2661
f 818/211/818 815/212/815 814/168/814 1623/213/1623
f 295/214/295 816/215/816 815/212/815 818/211/818
f 2625/85/2625 2199/43/2199 786/42/786 2361/86/2361
f 1090/41/1090 786/42/786 2199/43/2199 2202/44/2202
f 157/216/157 79/217/79 2700/218/2700 2504/219/2504
f 163/29/163 749/30/749 2074/31/2074 2033/32/2033
f 915/37/915 27/38/27 1063/39/1063 1108/40/1108
f 320/33/320 787/34/787 788/35/788 319/36/319
f 28/50/28 720/4/720 1026/3/1026 1064/49/1064
f 27/38/27 28/50/28 1064/49/1064 1063/39/1063
f 366/45/366 317/9/317 789/8/789 1308/46/1308
f 816/215/816 295/214/295 1117/220/1117 790/221/790
f 940/139/940 939/147/939 2204/145/2204 791/146/791
f 1046/149/1046 830/170/830 2622/171/2622 378/150/378
f 1047/148/1047 1046/149/1046 378/150/378 1617/151/1617
f 618/222/618 2668/223/2668 816/215/816 790/221/790
f 792/54/792 791/146/791 1025/163/1025 4/4/4
f 794/57/794 940/139/940 791/146/791 792/54/792
f 2080/199/2080 43/74/43 793/65/793 2059/187/2059
f 92/71/92 433/137/433 1941/138/1941 362/72/362
f 940/139/940 794/57/794 43/74/43 1268/140/1268
f 1616/141/1616 2618/142/2618 2619/143/2619 1966/144/1966
f 2700/218/2700 79/217/79 1972/224/1972 2699/225/2699
f 89/172/89 829/165/829 2207/173/2207 2206/174/2206
f 810/54/810 1012/146/1012 982/163/982 808/4/808
f 76/57/76 795/139/795 1012/146/1012 810/54/810
f 1273/201/1273 796/171/796 1366/170/1366 51/202/51
f 1958/175/1958 2254/176/2254 1258/177/1258 2341/178/2341
f 2228/198/2228 1929/140/1929 2177/204/2177 1959/205/1959
f 1274/179/1274 1258/177/1258 2254/176/2254 1272/180/1272
f 770/29/770 827/30/827 797/31/797 2165/32/2165
f 798/24/798 800/5/800 1099/165/1099 1077/172/1077
f 2174/181/2174 2364/182/2364 102/22/102 2172/21/2172
f 861/1/861 862/4/862 799/163/799 801/164/801
f 800/5/800 861/1/861 801/164/801 1099/165/1099
f 2266/198/2266 802/140/802 2157/204/2157 401/205/401
f 9/7/9 1155/8/1155 1329/9/1329 2321/10/2321
f 993/50/993 812/4/812 63/3/63 1016/49/1016
f 804/38/804 993/50/993 1016/49/1016 96/39/96
f 803/70/803 974/71/974 396/72/396 389/73/389
f 1948/33/1948 1979/34/1979 111/35/111 2156/36/2156
f 955/37/955 804/38/804 96/39/96 1035/40/1035
f 805/23/805 806/25/806 2150/28/2150 2158/20/2158
f 2317/181/2317 448/182/448 105/22/105 402/21/402
f 77/24/77 985/5/985 1881/165/1881 98/172/98
f 459/90/459 115/89/115 2162/226/2162 1952/227/1952
f 38/149/38 1254/170/1254 2259/171/2259 2520/150/2520
f 2262/180/2262 2260/201/2260 42/202/42 1490/179/1490
f 807/1/807 812/4/812 1002/163/1002 99/164/99
f 985/5/985 807/1/807 99/164/99 1881/165/1881
f 2154/199/2154 2155/204/2155 984/140/984 1013/74/1013
f 1954/75/1954 2359/76/2359 903/77/903 405/78/405
f 1013/74/1013 76/57/76 1110/58/1110 100/65/100
f 2170/203/2170 848/65/848 2279/67/2279 406/188/406
f 809/55/809 1072/101/1072 419/102/419 2263/64/2263
f 2400/59/2400 2264/60/2264 1353/61/1353 40/62/40
f 810/54/810 808/4/808 809/55/809 811/56/811
f 76/57/76 810/54/810 811/56/811 1110/58/1110
f 963/54/963 813/146/813 1002/163/1002 812/4/812
f 849/57/849 950/139/950 813/146/813 963/54/963
f 814/168/814 815/212/815 817/228/817 2670/195/2670
f 815/212/815 816/215/816 2668/223/2668 817/228/817
f 1623/213/1623 1840/229/1840 819/230/819 818/211/818
f 1840/229/1840 308/231/308 821/232/821 819/230/819
f 818/211/818 819/230/819 820/233/820 295/214/295
f 819/230/819 821/232/821 822/234/822 820/233/820
f 145/235/145 1899/236/1899 2500/237/2500 2499/238/2499
f 700/239/700 678/240/678 1829/241/1829 1836/242/1836
f 1836/242/1836 1829/241/1829 821/232/821 308/231/308
f 1829/241/1829 1828/243/1828 822/234/822 821/232/821
f 146/244/146 157/216/157 2504/219/2504 2502/245/2502
f 295/214/295 820/233/820 97/246/97 1117/220/1117
f 1899/236/1899 146/244/146 2502/245/2502 2500/237/2500
f 820/233/820 822/234/822 1828/243/1828 97/246/97
f 1855/157/1855 824/158/824 1114/159/1114 1854/156/1854
f 1857/154/1857 106/135/106 824/158/824 1855/157/1855
f 153/152/153 1468/130/1468 624/129/624 2793/153/2793
f 106/135/106 1857/154/1857 290/155/290 823/136/823
f 1135/133/1135 2635/134/2635 106/135/106 823/136/823
f 624/129/624 1468/130/1468 1968/131/1968 2021/132/2021
f 1114/159/1114 824/158/824 2638/160/2638 2676/161/2676
f 824/158/824 106/135/106 2635/134/2635 2638/160/2638
f 2063/175/2063 2064/176/2064 19/177/19 1612/178/1612
f 1608/179/1608 19/177/19 2064/176/2064 1611/180/1611
f 1634/156/1634 831/247/831 832/248/832 1635/157/1635
f 1635/157/1635 832/248/832 834/249/834 1636/154/1636
f 825/73/825 826/78/826 827/77/827 770/70/770
f 1056/24/1056 41/5/41 829/165/829 89/172/89
f 1942/181/1942 2306/182/2306 91/22/91 364/21/364
f 828/1/828 4/4/4 1025/163/1025 1040/164/1040
f 41/5/41 828/1/828 1040/164/1040 829/165/829
f 426/201/426 2622/171/2622 830/170/830 1609/202/1609
f 831/247/831 1832/250/1832 833/251/833 832/248/832
f 844/58/844 870/56/870 427/63/427 429/66/429
f 832/248/832 833/251/833 837/252/837 834/249/834
f 835/253/835 2780/254/2780 142/255/142 836/256/836
f 2695/153/2695 835/253/835 836/256/836 1345/152/1345
f 1636/154/1636 834/249/834 838/257/838 1317/155/1317
f 834/249/834 837/252/837 108/258/108 838/257/838
f 2607/259/2607 2608/260/2608 1552/261/1552 143/262/143
f 1833/263/1833 107/264/107 833/251/833 1832/250/1832
f 2780/254/2780 676/265/676 1884/266/1884 142/255/142
f 107/264/107 108/258/108 837/252/837 833/251/833
f 1803/213/1803 1801/229/1801 109/230/109 839/211/839
f 839/211/839 109/230/109 841/233/841 1626/214/1626
f 1801/229/1801 306/231/306 840/232/840 109/230/109
f 109/230/109 840/232/840 846/234/846 841/233/841
f 586/245/586 2597/237/2597 134/236/134 133/244/133
f 2697/219/2697 586/245/586 133/244/133 1546/216/1546
f 1626/214/1626 841/233/841 842/246/842 1627/220/1627
f 841/233/841 846/234/846 1044/243/1044 842/246/842
f 997/79/997 1184/80/1184 1183/81/1183 2118/82/2118
f 2215/59/2215 2214/60/2214 1078/61/1078 1601/62/1601
f 2477/267/2477 2479/268/2479 136/269/136 135/270/135
f 840/232/840 306/231/306 1796/242/1796 1045/241/1045
f 843/54/843 869/4/869 868/55/868 870/56/870
f 760/57/760 843/54/843 870/56/870 844/58/844
f 922/70/922 90/71/90 2083/72/2083 929/73/929
f 1934/75/1934 2248/76/2248 864/77/864 2054/78/2054
f 845/74/845 760/57/760 844/58/844 919/65/919
f 2223/83/2223 2222/69/2222 16/68/16 446/84/446
f 2597/237/2597 1930/238/1930 1260/235/1260 134/236/134
f 918/183/918 95/88/95 920/89/920 430/90/430
f 1045/241/1045 1044/243/1044 846/234/846 840/232/840
f 1004/208/1004 2261/200/2261 99/164/99 1002/163/1002
f 37/141/37 2519/142/2519 2381/143/2381 450/144/450
f 2160/185/2160 98/172/98 434/174/434 1951/186/1951
f 1890/151/1890 2519/142/2519 37/141/37 1889/148/1889
f 1301/199/1301 847/74/847 848/65/848 2170/203/2170
f 950/139/950 849/57/849 971/74/971 802/140/802
f 739/71/739 451/137/451 1950/138/1950 965/72/965
f 2304/13/2304 986/12/986 2151/51/2151 2153/52/2153
f 980/208/980 982/163/982 1012/146/1012 1011/145/1011
f 2270/180/2270 2268/201/2268 34/202/34 1481/179/1481
f 960/1/960 808/4/808 982/163/982 981/164/981
f 946/5/946 960/1/960 981/164/981 1917/165/1917
f 852/23/852 850/25/850 413/28/413 2138/20/2138
f 395/181/395 1981/182/1981 112/22/112 394/21/394
f 947/24/947 946/5/946 1917/165/1917 944/172/944
f 851/50/851 862/4/862 859/3/859 858/49/858
f 853/38/853 851/50/851 858/49/858 854/39/854
f 1347/7/1347 1922/8/1922 2271/9/2271 1349/10/1349
f 2362/85/2362 2393/43/2393 871/42/871 2312/86/2312
f 467/13/467 948/12/948 2190/51/2190 1963/52/1963
f 1352/41/1352 871/42/871 2393/43/2393 2395/44/2395
f 2138/20/2138 394/21/394 112/22/112 852/23/852
f 866/37/866 853/38/853 854/39/854 857/40/857
f 1943/33/1943 855/34/855 90/35/90 863/36/863
f 856/23/856 91/25/91 2187/28/2187 384/20/384
f 1162/212/1162 1161/228/1161 2147/195/2147 1678/168/1678
f 860/6/860 800/5/800 798/24/798 913/12/913
f 453/184/453 2189/207/2189 2188/98/2188 857/40/857
f 1028/14/1028 1350/15/1350 412/16/412 2250/17/2250
f 935/47/935 858/49/858 859/3/859 414/189/414
f 1348/19/1348 1347/7/1347 1349/10/1349 1351/18/1351
f 861/1/861 110/2/110 859/3/859 862/4/862
f 800/5/800 860/6/860 110/2/110 861/1/861
f 1896/79/1896 1150/80/1150 409/81/409 458/82/458
f 1919/96/1919 1896/79/1896 458/82/458 2277/95/2277
f 851/50/851 975/101/975 877/55/877 862/4/862
f 853/38/853 865/88/865 975/101/975 851/50/851
f 924/32/924 863/36/863 90/35/90 922/29/922
f 864/30/864 2248/99/2248 1934/100/1934 923/31/923
f 865/88/865 853/38/853 866/37/866 115/89/115
f 2278/90/2278 894/89/894 954/226/954 1953/227/1953
f 1295/91/1295 2272/92/2272 2247/93/2247 2328/94/2328
f 1591/91/1591 2117/92/2117 1933/93/1933 449/94/449
f 2224/95/2224 2117/92/2117 1591/91/1591 1589/96/1589
f 921/97/921 44/37/44 991/40/991 334/98/334
f 95/88/95 45/38/45 44/37/44 920/89/920
f 105/30/105 448/99/448 343/100/343 867/31/867
f 711/50/711 94/101/94 868/55/868 869/4/869
f 45/38/45 95/88/95 94/101/94 711/50/711
f 427/63/427 870/56/870 868/55/868 1038/64/1038
f 1096/149/1096 1095/170/1095 2141/171/2141 2149/150/2149
f 2144/180/2144 2140/201/2140 1185/202/1185 1578/179/1578
f 701/1/701 728/4/728 907/163/907 906/164/906
f 872/5/872 701/1/701 906/164/906 875/165/875
f 2037/32/2037 873/36/873 874/35/874 161/29/161
f 2163/181/2163 893/182/893 104/22/104 2057/21/2057
f 972/24/972 872/5/872 875/165/875 113/172/113
f 2027/175/2027 1576/176/1576 1577/177/1577 2383/178/2383
f 1358/271/1358 436/272/436 2356/273/2356 2342/274/2342
f 460/67/460 1957/188/1957 410/187/410 1905/65/1905
f 23/62/23 1091/68/1091 2276/69/2276 1923/59/1923
f 994/70/994 777/71/777 2175/72/2175 2169/73/2169
f 847/74/847 876/57/876 1902/58/1902 848/65/848
f 1955/75/1955 1974/76/1974 995/77/995 2168/78/2168
f 888/54/888 862/4/862 877/55/877 889/56/889
f 309/167/309 878/229/878 879/230/879 1583/211/1583
f 1583/211/1583 879/230/879 149/233/149 880/214/880
f 878/229/878 1775/231/1775 881/232/881 879/230/879
f 879/230/879 881/232/881 883/234/883 149/233/149
f 2756/245/2756 2759/237/2759 882/236/882 1414/244/1414
f 2755/219/2755 2756/245/2756 1414/244/1414 1413/216/1413
f 880/214/880 149/233/149 1757/246/1757 1131/220/1131
f 149/233/149 883/234/883 150/243/150 1757/246/1757
f 1525/267/1525 2588/268/2588 1773/269/1773 130/270/130
f 1770/275/1770 1113/241/1113 881/232/881 1775/231/1775
f 2759/237/2759 665/238/665 129/235/129 882/236/882
f 1113/241/1113 150/243/150 883/234/883 881/232/881
f 1606/156/1606 304/247/304 884/248/884 1614/157/1614
f 1614/157/1614 884/248/884 885/249/885 288/154/288
f 304/247/304 1704/250/1704 152/251/152 884/248/884
f 884/248/884 152/251/152 160/252/160 885/249/885
f 2444/253/2444 1379/254/1379 1377/255/1377 1384/256/1384
f 694/153/694 2444/253/2444 1384/256/1384 158/152/158
f 288/154/288 885/249/885 151/257/151 1210/155/1210
f 885/249/885 160/252/160 159/258/159 151/257/151
f 2734/259/2734 656/260/656 1707/261/1707 1169/262/1169
f 152/251/152 1704/250/1704 303/263/303 1166/264/1166
f 1379/254/1379 2446/265/2446 118/266/118 1377/255/1377
f 1166/264/1166 159/258/159 160/252/160 152/251/152
f 1749/213/1749 1746/229/1746 886/230/886 291/211/291
f 291/211/291 886/230/886 887/233/887 1863/214/1863
f 1746/229/1746 1748/231/1748 931/232/931 886/230/886
f 886/230/886 931/232/931 166/234/166 887/233/887
f 576/245/576 577/237/577 121/236/121 1518/244/1518
f 2721/219/2721 576/245/576 1518/244/1518 155/216/155
f 1863/214/1863 887/233/887 1724/246/1724 292/220/292
f 887/233/887 166/234/166 930/243/930 1724/246/1724
f 876/57/876 888/54/888 889/56/889 1902/58/1902
f 1924/60/1924 409/81/409 1150/80/1150 1334/61/1334
f 891/88/891 2283/183/2283 2282/102/2282 890/101/890
f 1480/79/1480 1475/80/1475 2516/81/2516 549/82/549
f 1887/96/1887 1480/79/1480 549/82/549 1888/95/1888
f 73/50/73 890/101/890 949/55/949 773/4/773
f 747/38/747 891/88/891 890/101/890 73/50/73
f 387/97/387 892/37/892 988/40/988 987/98/987
f 104/30/104 893/99/893 2163/100/2163 403/31/403
f 891/88/891 747/38/747 892/37/892 894/89/894
f 2218/90/2218 1907/89/1907 2166/226/2166 2209/227/2209
f 934/91/934 546/92/546 2346/93/2346 1976/94/1976
f 1883/174/1883 2173/186/2173 2171/185/2171 1077/172/1077
f 1146/62/1146 1033/68/1033 2284/69/2284 544/59/544
f 1041/70/1041 101/71/101 2182/72/2182 383/73/383
f 911/74/911 895/57/895 898/58/898 1905/65/1905
f 1956/75/1956 896/76/896 103/77/103 1098/78/1098
f 897/54/897 773/4/773 949/55/949 932/56/932
f 895/57/895 897/54/897 932/56/932 898/58/898
f 2513/60/2513 2516/81/2516 1475/80/1475 21/61/21
f 1074/39/1074 144/49/144 961/47/961 2294/48/2294
f 17/7/17 93/8/93 2511/9/2511 2507/10/2507
f 2510/44/2510 462/45/462 1909/46/1909 1303/41/1303
f 899/50/899 808/4/808 958/3/958 144/49/144
f 900/38/900 899/50/899 144/49/144 1074/39/1074
f 901/141/901 2235/142/2235 642/143/642 1975/144/1975
f 2061/199/2061 902/74/902 39/65/39 2045/203/2045
f 905/139/905 904/57/904 902/74/902 1088/140/1088
f 903/71/903 2359/137/2359 2062/138/2062 346/72/346
f 730/54/730 1089/146/1089 907/163/907 728/4/728
f 904/57/904 905/139/905 1089/146/1089 730/54/730
f 2231/200/2231 906/164/906 907/163/907 2232/208/2232
f 2333/276/2333 2438/277/2438 983/278/983 2334/279/2334
f 85/6/85 2196/11/2196 2195/53/2195 70/2/70
f 908/77/908 162/70/162 966/73/966 967/78/967
f 914/280/914 1440/281/1440 1340/282/1340 2503/283/2503
f 418/45/418 564/9/564 909/8/909 71/46/71
f 910/140/910 911/74/911 1103/199/1103 912/204/912
f 636/284/636 385/133/385 1189/136/1189 625/285/625
f 2273/13/2273 913/12/913 2185/51/2185 411/52/411
f 1694/270/1694 508/286/508 2332/287/2332 2335/288/2335
f 2501/289/2501 185/290/185 1440/281/1440 914/280/914
f 2640/95/2640 2122/92/2122 1643/91/1643 1642/96/1642
f 2669/59/2669 1668/60/1668 1666/61/1666 56/62/56
f 2034/97/2034 2075/226/2075 30/89/30 915/37/915
f 943/291/943 916/292/916 2657/293/2657 321/294/321
f 2634/44/2634 2639/45/2639 917/46/917 1259/41/1259
f 2099/11/2099 705/6/705 706/12/706 2096/13/2096
f 2230/102/2230 94/101/94 95/88/95 918/183/918
f 2053/187/2053 919/65/919 428/67/428 345/188/345
f 1601/62/1601 16/68/16 2222/69/2222 2215/59/2215
f 920/89/920 44/37/44 921/97/921 2052/226/2052
f 2205/198/2205 1268/140/1268 1269/204/1269 2081/205/2081
f 922/29/922 864/30/864 923/31/923 924/32/924
f 567/85/567 463/43/463 1305/42/1305 432/86/432
f 991/40/991 712/39/712 925/48/925 353/184/353
f 1671/14/1671 2097/15/2097 359/16/359 2365/17/2365
f 928/189/928 1065/47/1065 744/49/744 14/3/14
f 2114/64/2114 13/55/13 926/101/926 369/102/369
f 2202/44/2202 366/45/366 1308/46/1308 1090/41/1090
f 1034/37/1034 900/38/900 1074/39/1074 927/40/927
f 928/189/928 14/3/14 11/2/11 2098/53/2098
f 2066/199/2066 970/204/970 969/140/969 722/74/722
f 864/77/864 922/70/922 929/73/929 2054/78/2054
f 1941/33/1941 433/34/433 92/35/92 2183/36/2183
f 746/23/746 1014/25/1014 2040/28/2040 316/20/316
f 2126/87/2126 721/88/721 30/89/30 2125/90/2125
f 2071/206/2071 1056/24/1056 89/172/89 363/185/363
f 2456/267/2456 511/268/511 1395/269/1395 1394/270/1394
f 1740/242/1740 164/241/164 931/232/931 1748/231/1748
f 577/237/577 2579/238/2579 122/235/122 121/236/121
f 164/241/164 930/243/930 166/234/166 931/232/931
f 2574/295/2574 1198/296/1198 1502/297/1502 573/298/573
f 209/299/209 1450/300/1450 2615/301/2615 558/302/558
f 1999/303/1999 2353/279/2353 124/278/124 1401/304/1401
f 1471/305/1471 1105/306/1105 2534/307/2534 1472/308/1472
f 2010/309/2010 1224/310/1224 1225/299/1225 561/302/561
f 2548/311/2548 212/312/212 1458/313/1458 2547/314/2547
f 572/280/572 1499/281/1499 1106/282/1106 2566/283/2566
f 2584/315/2584 1125/316/1125 1145/317/1145 1144/318/1144
f 2559/283/2559 244/282/244 1127/312/1127 563/311/563
f 1130/319/1130 1524/320/1524 2586/321/2586 2013/322/2013
f 1544/323/1544 1538/296/1538 584/295/584 2590/324/2590
f 2286/63/2286 461/66/461 898/58/898 932/56/932
f 2159/206/2159 77/24/77 98/172/98 2160/185/2160
f 2268/201/2268 2244/171/2244 933/170/933 34/202/34
f 1888/95/1888 546/92/546 934/91/934 1887/96/1887
f 500/325/500 2407/326/2407 168/327/168 2436/328/2436
f 1946/175/1946 1309/176/1309 35/177/35 457/178/457
f 854/39/854 858/49/858 935/47/935 1918/48/1918
f 2483/276/2483 1882/277/1882 138/278/138 1030/279/1030
f 1037/323/1037 231/296/231 2602/295/2602 1545/324/1545
f 221/329/221 220/330/220 2512/331/2512 1232/332/1232
f 2603/333/2603 477/334/477 1901/335/1901 594/336/594
f 2111/13/2111 1093/12/1093 2042/51/2042 333/52/333
f 356/72/356 936/73/936 994/70/994 995/71/995
f 968/203/968 937/65/937 938/67/938 2073/188/2073
f 2125/90/2125 30/89/30 2075/226/2075 1939/227/1939
f 939/147/939 940/139/940 1268/140/1268 2205/198/2205
f 565/337/565 2292/338/2292 1332/339/1332 2315/340/2315
f 1333/18/1333 2292/15/2292 1332/14/1332 962/19/962
f 1032/172/1032 941/165/941 942/173/942 379/174/379
f 1645/180/1645 321/201/321 943/202/943 1263/179/1263
f 2137/206/2137 947/24/947 944/172/944 945/185/945
f 959/6/959 946/5/946 947/24/947 948/12/948
f 2654/151/2654 2658/142/2658 1656/141/1656 1097/148/1097
f 865/88/865 2275/87/2275 976/102/976 975/101/975
f 2086/206/2086 761/24/761 1032/172/1032 2087/185/2087
f 422/151/422 2239/142/2239 1493/141/1493 1491/148/1491
f 2285/64/2285 2286/63/2286 932/56/932 949/55/949
f 950/139/950 2265/147/2265 1003/145/1003 813/146/813
f 111/35/111 161/29/161 953/32/953 2156/36/2156
f 1176/283/1176 238/282/238 1484/312/1484 556/311/556
f 2178/206/2178 772/24/772 951/172/951 2179/185/2179
f 10/14/10 2301/15/2301 502/16/502 1980/17/1980
f 1142/341/1142 2526/342/2526 2525/343/2525 210/344/210
f 163/23/163 788/25/788 2129/28/2129 952/20/952
f 2385/83/2385 2276/69/2276 1091/68/1091 1092/84/1092
f 2275/87/2275 865/88/865 115/89/115 459/90/459
f 161/29/161 874/30/874 2133/31/2133 953/32/953
f 2263/64/2263 437/63/437 811/56/811 809/55/809
f 2475/345/2475 1420/346/1420 197/347/197 531/348/531
f 387/97/387 954/226/954 894/89/894 892/37/892
f 2300/59/2300 484/60/484 12/61/12 1885/62/1885
f 388/97/388 955/37/955 1035/40/1035 956/98/956
f 850/25/850 957/26/957 1962/27/1962 413/28/413
f 960/1/960 1915/2/1915 958/3/958 808/4/808
f 946/5/946 959/6/959 1915/2/1915 960/1/960
f 961/47/961 144/49/144 958/3/958 2287/189/2287
f 962/19/962 17/7/17 2507/10/2507 1333/18/1333
f 6/79/6 1122/80/1122 2325/81/2325 2324/82/2324
f 1885/62/1885 1102/68/1102 2295/69/2295 2300/59/2300
f 963/54/963 812/4/812 998/55/998 964/56/964
f 849/57/849 963/54/963 964/56/964 1075/58/1075
f 162/70/162 739/71/739 965/72/965 966/73/966
f 2351/75/2351 2352/76/2352 908/77/908 967/78/967
f 1025/163/1025 791/146/791 2204/145/2204 2203/208/2203
f 2066/199/2066 722/74/722 937/65/937 968/203/968
f 2127/198/2127 969/140/969 970/204/970 1935/205/1935
f 2055/206/2055 972/24/972 113/172/113 2056/185/2056
f 1307/19/1307 66/7/66 2091/10/2091 382/18/382
f 971/74/971 849/57/849 1075/58/1075 1000/65/1000
f 1050/12/1050 972/24/972 2055/206/2055 1051/51/1051
f 973/73/973 337/78/337 974/77/974 803/70/803
f 2303/90/2303 1001/89/1001 2135/226/2135 1945/227/1945
f 1075/58/1075 964/56/964 468/63/468 2302/66/2302
f 877/55/877 975/101/975 976/102/976 2274/64/2274
f 1928/96/1928 1367/79/1367 977/82/977 421/95/421
f 978/208/978 779/163/779 979/146/979 2241/145/2241
f 542/326/542 1177/327/1177 2554/328/2554 2006/325/2006
f 980/208/980 2269/200/2269 981/164/981 982/163/982
f 2491/349/2491 2490/350/2490 1426/351/1426 1121/352/1121
f 1619/193/1619 1618/192/1618 2546/353/2546 1921/354/1921
f 1880/355/1880 2562/304/2562 983/278/983 1382/356/1382
f 948/12/948 947/24/947 2137/206/2137 2190/51/2190
f 414/189/414 859/3/859 110/2/110 1894/53/1894
f 2238/198/2238 984/140/984 2155/204/2155 398/205/398
f 454/11/454 860/6/860 913/12/913 2273/13/2273
f 806/25/806 2348/26/2348 2152/27/2152 2150/28/2150
f 469/18/469 2301/15/2301 10/14/10 1872/19/1872
f 2158/20/2158 402/21/402 105/22/105 805/23/805
f 1299/6/1299 985/5/985 77/24/77 986/12/986
f 807/1/807 1300/2/1300 63/3/63 812/4/812
f 985/5/985 1299/6/1299 1300/2/1300 807/1/807
f 393/189/393 2256/47/2256 1016/49/1016 63/3/63
f 7/91/7 989/92/989 1993/93/1993 2371/94/2371
f 1006/184/1006 391/207/391 987/98/987 988/40/988
f 999/95/999 989/92/989 7/91/7 1327/96/1327
f 1871/88/1871 804/38/804 955/37/955 1001/89/1001
f 363/185/363 89/172/89 2206/174/2206 2082/186/2082
f 990/6/990 2093/11/2093 2090/53/2090 1278/2/1278
f 2196/11/2196 85/6/85 72/12/72 2197/13/2197
f 1672/7/1672 1674/8/1674 331/9/331 329/10/329
f 334/98/334 991/40/991 353/184/353 2044/207/2044
f 874/30/874 2370/99/2370 2134/100/2134 2133/31/2133
f 2106/189/2106 2116/47/2116 992/49/992 15/3/15
f 340/63/340 2115/66/2115 710/58/710 709/56/709
f 1026/3/1026 70/2/70 2195/53/2195 318/189/318
f 993/50/993 165/101/165 998/55/998 812/4/812
f 994/70/994 2169/73/2169 2168/78/2168 995/77/995
f 1021/64/1021 996/55/996 1079/101/1079 365/102/365
f 2106/189/2106 15/3/15 1061/2/1061 372/53/372
f 1069/89/1069 1023/37/1023 1022/97/1022 2068/226/2068
f 804/38/804 1871/88/1871 165/101/165 993/50/993
f 1589/96/1589 997/79/997 2118/82/2118 2224/95/2224
f 468/63/468 964/56/964 998/55/998 1302/64/1302
f 1327/96/1327 6/79/6 2324/82/2324 999/95/999
f 430/90/430 920/89/920 2052/226/2052 344/227/344
f 72/12/72 29/24/29 1029/206/1029 2036/51/2036
f 113/172/113 875/165/875 2234/173/2234 2233/174/2233
f 2287/189/2287 958/3/958 1915/2/1915 1914/53/1914
f 2131/199/2131 971/74/971 1000/65/1000 390/187/390
f 1104/327/1104 1507/357/1507 602/358/602 2556/328/2556
f 2/158/2 1140/160/1140 2100/161/2100 1651/159/1651
f 1001/89/1001 955/37/955 388/97/388 2135/226/2135
f 986/12/986 77/24/77 2159/206/2159 2151/51/2151
f 2009/175/2009 2258/176/2258 1257/177/1257 1977/178/1977
f 392/208/392 2252/200/2252 801/164/801 799/163/799
f 1002/163/1002 813/146/813 1003/145/1003 1004/208/1004
f 2264/60/2264 415/81/415 1005/80/1005 1353/61/1353
f 391/207/391 1006/184/1006 1007/43/1007 1008/85/1008
f 2723/121/2723 2725/122/2725 24/119/24 310/120/310
f 1628/215/1628 324/223/324 2645/228/2645 1629/212/1629
f 78/136/78 1714/155/1714 1715/359/1715 2705/285/2705
f 132/335/132 1222/336/1222 2470/333/2470 2311/334/2311
f 1261/221/1261 1131/220/1131 2754/360/2754 2688/361/2688
f 2682/284/2682 311/133/311 81/136/81 2683/285/2683
f 2632/124/2632 1592/125/1592 1595/126/1595 1599/123/1599
f 1310/362/1310 2746/363/2746 253/364/253 254/365/254
f 1615/158/1615 619/160/619 630/161/630 1318/159/1318
f 1009/366/1009 1067/362/1067 1068/365/1068 293/194/293
f 1009/366/1009 293/194/293 32/119/32 2693/122/2693
f 1237/367/1237 2738/368/2738 252/369/252 297/107/297
f 2366/370/2366 1010/192/1010 2712/191/2712 2029/371/2029
f 440/372/440 2375/373/2375 2557/374/2557 87/105/87
f 1011/145/1011 1012/146/1012 795/139/795 2246/147/2246
f 2154/199/2154 1013/74/1013 100/65/100 404/203/404
f 1014/35/1014 746/29/746 386/32/386 2136/36/2136
f 2533/201/2533 1015/171/1015 1492/170/1492 1898/202/1898
f 384/20/384 2172/21/2172 102/22/102 856/23/856
f 2280/63/2280 2281/66/2281 1902/58/1902 889/56/889
f 2256/47/2256 2255/48/2255 96/39/96 1016/49/1016
f 1173/370/1173 2689/375/2689 2422/353/2422 1593/192/1593
f 442/370/442 1989/375/1989 498/353/498 1625/192/1625
f 392/208/392 799/163/799 1017/146/1017 1926/145/1926
f 510/321/510 1059/320/1059 1244/316/1244 1243/376/1243
f 1346/299/1346 1429/300/1429 1286/301/1286 2421/302/2421
f 1018/97/1018 2049/226/2049 1052/89/1052 1019/37/1019
f 2650/60/2650 2653/81/2653 1654/80/1654 1020/61/1020
f 1021/64/1021 2104/63/2104 729/56/729 996/55/996
f 1022/97/1022 1023/37/1023 1024/40/1024 2076/98/2076
f 2203/208/2203 1039/200/1039 1040/164/1040 1025/163/1025
f 318/189/318 424/47/424 1064/49/1064 1026/3/1026
f 61/139/61 1027/147/1027 1277/145/1277 1276/146/1276
f 2140/201/2140 2141/171/2141 1095/170/1095 1185/202/1185
f 1029/206/1029 29/24/29 49/172/49 341/185/341
f 138/278/138 1910/304/1910 2016/303/2016 1030/279/1030
f 1031/98/1031 1108/40/1108 423/184/423 2035/207/2035
f 2087/185/2087 1032/172/1032 379/174/379 2192/186/2192
f 2416/333/2416 2338/334/2338 116/335/116 503/336/503
f 2747/366/2747 1865/194/1865 284/119/284 2710/122/2710
f 2503/283/2503 1340/282/1340 1060/312/1060 496/311/496
f 2007/83/2007 2284/69/2284 1033/68/1033 2350/84/2350
f 2164/97/2164 1034/37/1034 927/40/927 2184/98/2184
f 599/314/599 563/311/563 1127/312/1127 2530/313/2530
f 1035/40/1035 96/39/96 2255/48/2255 1036/184/1036
f 1177/327/1177 1073/357/1073 605/358/605 2554/328/2554
f 748/39/748 745/49/745 2200/47/2200 1869/48/1869
f 592/377/592 593/378/593 1554/379/1554 1037/323/1037
f 2718/104/2718 641/380/641 440/372/440 87/105/87
f 1038/64/1038 868/55/868 94/101/94 2230/102/2230
f 1039/200/1039 2207/173/2207 829/165/829 1040/164/1040
f 352/18/352 2198/15/2198 22/14/22 1630/19/1630
f 358/31/358 313/32/313 1041/29/1041 103/30/103
f 1042/148/1042 1043/149/1043 2245/150/2245 2524/151/2524
f 2056/185/2056 113/172/113 2233/174/2233 2058/186/2058
f 2772/240/2772 672/381/672 1044/243/1044 1045/241/1045
f 283/212/283 282/215/282 367/223/367 2623/228/2623
f 2128/208/2128 1048/163/1048 1049/146/1049 370/145/370
f 381/13/381 1050/12/1050 1051/51/1051 330/52/330
f 2124/90/2124 1052/89/1052 2049/226/2049 2048/227/2048
f 852/23/852 112/25/112 2043/28/2043 315/20/315
f 1665/96/1665 53/79/53 2662/82/2662 615/95/615
f 18/58/18 1053/56/1053 1054/63/1054 1055/66/1055
f 706/12/706 1056/24/1056 2071/206/2071 2072/51/2072
f 39/65/39 1057/58/1057 2103/66/2103 371/67/371
f 685/284/685 2680/133/2680 78/136/78 2705/285/2705
f 2344/287/2344 474/288/474 130/270/130 1525/286/1525
f 2061/199/2061 347/204/347 1088/140/1088 902/74/902
f 919/65/919 844/58/844 429/66/429 428/67/428
f 1742/382/1742 1741/383/1741 253/364/253 2746/363/2746
f 2585/265/2585 696/384/696 2337/385/2337 1139/266/1139
f 168/327/168 1322/357/1322 1227/358/1227 2436/328/2436
f 2617/345/2617 1557/346/1557 1558/347/1558 601/348/601
f 2015/386/2015 591/387/591 1171/235/1171 2329/288/2329
f 455/372/455 2296/373/2296 493/374/493 1058/105/1058
f 1204/299/1204 1355/300/1355 1172/301/1172 2437/302/2437
f 2498/355/2498 1194/304/1194 1193/278/1193 1572/356/1572
f 525/377/525 2506/378/2506 187/379/187 1438/323/1438
f 167/329/167 1321/330/1321 2409/331/2409 2411/332/2411
f 1371/300/1371 1370/388/1370 1338/389/1338 528/301/528
f 2452/390/2452 1391/391/1391 1059/320/1059 2447/319/2447
f 2459/295/2459 1245/296/1245 1393/297/1393 1392/298/1392
f 2424/314/2424 496/311/496 1060/312/1060 2414/313/2414
f 372/53/372 1061/2/1061 1062/6/1062 2107/11/2107
f 2038/98/2038 714/40/714 1280/184/1280 2039/207/2039
f 424/47/424 1109/48/1109 1063/39/1063 1064/49/1064
f 2059/187/2059 793/65/793 339/67/339 2060/188/2060
f 1094/19/1094 1084/7/1084 2105/10/2105 2110/18/2110
f 790/221/790 1117/220/1117 1116/360/1116 627/361/627
f 1065/47/1065 375/48/375 1066/39/1066 744/49/744
f 1067/362/1067 2785/363/2785 1311/364/1311 1068/365/1068
f 373/90/373 1069/89/1069 2068/226/2068 1936/227/1936
f 2194/208/2194 380/200/380 1070/164/1070 764/163/764
f 2738/368/2738 1312/392/1312 1730/393/1730 252/369/252
f 2022/121/2022 2693/122/2693 32/119/32 1158/120/1158
f 1071/88/1071 2216/87/2216 419/102/419 1072/101/1072
f 1073/357/1073 1555/394/1555 2609/395/2609 605/358/605
f 2401/85/2401 2406/43/2406 46/42/46 456/86/456
f 2161/97/2161 866/37/866 857/40/857 2188/98/2188
f 927/40/927 1074/39/1074 2294/48/2294 2293/184/2293
f 1000/65/1000 1075/58/1075 2302/66/2302 1076/67/1076
f 2164/97/2164 2166/226/2166 1907/89/1907 1034/37/1034
f 1128/376/1128 1571/316/1571 1557/346/1557 2617/345/2617
f 2186/206/2186 798/24/798 1077/172/1077 2171/185/2171
f 570/325/570 2522/326/2522 1454/327/1454 1152/328/1152
f 2214/60/2214 1183/81/1183 1184/80/1184 1078/61/1078
f 1271/140/1271 845/74/845 314/199/314 2084/204/2084
f 2197/13/2197 72/12/72 2036/51/2036 1931/52/1931
f 2713/366/2713 287/194/287 755/119/755 2711/122/2711
f 365/102/365 1079/101/1079 715/88/715 1080/87/1080
f 691/367/691 2735/368/2735 1702/369/1702 1319/107/1319
f 2123/64/2123 1081/55/1081 1082/101/1082 1083/102/1083
f 1/109/1 408/111/408 407/112/407 1134/110/1134
f 2089/189/2089 326/47/326 1085/49/1085 1086/3/1086
f 2076/98/2076 1024/40/1024 374/184/374 2078/207/2078
f 1265/148/1265 1087/149/1087 2191/150/2191 377/151/377
f 1188/198/1188 1088/140/1088 347/204/347 2236/205/2236
f 2240/145/2240 1089/146/1089 905/139/905 2237/147/2237
f 341/185/341 49/172/49 2121/174/2121 342/186/342
f 2778/240/2778 2777/381/2777 1810/243/1810 272/241/272
f 2729/382/2729 1698/383/1698 1696/364/1696 1118/363/1118
f 1093/12/1093 761/24/761 2086/206/2086 2042/51/2042
f 1605/197/1605 2642/210/2642 2643/111/2643 1604/109/1604
f 2698/360/2698 1627/220/1627 842/246/842 2771/396/2771
f 2715/397/2715 2433/398/2433 447/131/447 86/130/86
f 1123/224/1123 650/225/650 1582/218/1582 75/217/75
f 2728/366/2728 1111/194/1111 1100/119/1100 2704/122/2704
f 2761/239/2761 2760/240/2760 1113/241/1113 1770/275/1770
f 2687/399/2687 2667/222/2667 1261/221/1261 2688/361/2688
f 2012/386/2012 2579/387/2579 122/235/122 472/288/472
f 1613/136/1613 2673/133/2673 2671/134/2671 60/135/60
f 103/77/103 1041/70/1041 383/73/383 1098/78/1098
f 944/172/944 1917/165/1917 445/173/445 2267/174/2267
f 2252/200/2252 2253/173/2253 1099/165/1099 801/164/801
f 156/106/156 1240/105/1240 2435/374/2435 692/400/692
f 1787/262/1787 1112/385/1112 2767/384/2767 668/259/668
f 1658/126/1658 417/125/417 2146/120/2146 1100/119/1100
f 489/45/489 1329/9/1329 1155/8/1155 1873/46/1873
f 1248/305/1248 1325/329/1325 2405/332/2405 1249/401/1249
f 1446/299/1446 1399/300/1399 533/301/533 2432/302/2432
f 2219/200/2219 2221/173/2221 83/165/83 82/164/82
f 1944/83/1944 2295/69/2295 1102/68/1102 466/84/466
f 1530/300/1530 1529/388/1529 1527/389/1527 1143/301/1143
f 2555/104/2555 566/380/566 2376/372/2376 1107/105/1107
f 1103/199/1103 911/74/911 1905/65/1905 410/187/410
f 2008/325/2008 1474/326/1474 1104/327/1104 2556/328/2556
f 2575/402/2575 2739/403/2739 1175/262/1175 1732/261/1732
f 127/262/127 1151/403/1151 1998/404/1998 2337/385/2337
f 611/276/611 578/277/578 124/278/124 2353/279/2353
f 1472/308/1472 2534/307/2534 554/405/554 1126/406/1126
f 2594/377/2594 1544/323/1544 2590/324/2590 2014/407/2014
f 2596/280/2596 1536/281/1536 1455/282/1455 603/283/603
f 1192/329/1192 1191/332/1191 1105/306/1105 1471/305/1471
f 1253/307/1253 1457/405/1457 1456/406/1456 1459/308/1459
f 218/312/218 2551/311/2551 2566/283/2566 1106/282/1106
f 2606/408/2606 1549/297/1549 1547/290/1547 590/289/590
f 1450/300/1450 1569/388/1569 1284/389/1284 2615/301/2615
f 1653/106/1653 1652/105/1652 559/374/559 2709/400/2709
f 1482/308/1482 2508/307/2508 1465/405/1465 216/406/216
f 601/348/601 1558/347/1558 215/409/215 557/410/557
f 483/310/483 1446/299/1446 2432/302/2432 527/309/527
f 1108/40/1108 1063/39/1063 1109/48/1109 423/184/423
f 1383/349/1383 512/350/512 1397/351/1397 1396/352/1396
f 2684/104/2684 647/380/647 455/372/455 1058/105/1058
f 949/55/949 890/101/890 2282/102/2282 2285/64/2285
f 1363/308/1363 481/307/481 480/411/480 1364/406/1364
f 1288/310/1288 488/412/488 1335/413/1335 1207/299/1207
f 2453/348/2453 1444/347/1444 1115/409/1115 497/410/497
f 100/65/100 1110/58/1110 1870/66/1870 2257/67/2257
f 532/348/532 1344/347/1344 1298/409/1298 2423/410/2423
f 1619/193/1619 1570/414/1570 2614/415/2614 1921/190/1921
f 54/41/54 55/42/55 354/43/354 2665/44/2665
f 2735/368/2735 655/392/655 1703/393/1703 1702/369/1702
f 2605/237/2605 591/238/591 1171/235/1171 141/236/141
f 2728/366/2728 2727/362/2727 1119/365/1119 1111/194/1111
f 2710/122/2710 284/119/284 1132/120/1132 686/121/686
f 385/133/385 2079/134/2079 1633/135/1633 1189/136/1189
f 2000/416/2000 2770/417/2770 1136/266/1136 1112/385/1112
f 2717/114/2717 2719/113/2719 1320/110/1320 2644/112/2644
f 2760/240/2760 2758/381/2758 150/243/150 1113/241/1113
f 1279/221/1279 1806/220/1806 2686/360/2686 622/361/622
f 2675/210/2675 62/197/62 1114/159/1114 2676/161/2676
f 2702/397/2702 1992/398/1992 443/131/443 80/130/80
f 1115/409/1115 479/418/479 2430/419/2430 497/410/497
f 536/287/536 472/288/472 1394/270/1394 2456/286/2456
f 2024/399/2024 618/222/618 790/221/790 627/361/627
f 1116/360/1116 1117/220/1117 97/246/97 2784/396/2784
f 439/370/439 1618/192/1618 1620/191/1620 639/371/639
f 1705/420/1705 249/421/249 1703/393/1703 655/392/655
f 2357/372/2357 598/373/598 2550/374/2550 1226/105/1226
f 614/124/614 1621/123/1621 814/168/814 2670/195/2670
f 674/396/674 1805/246/1805 1810/243/1810 2777/381/2777
f 2727/362/2727 1118/363/1118 1696/364/1696 1119/365/1119
f 671/422/671 2769/423/2769 1160/258/1160 1780/264/1780
f 2310/370/2310 526/375/526 1866/353/1866 1148/192/1148
f 2419/325/2419 2402/326/2402 169/327/169 1281/328/1281
f 2454/345/2454 1389/346/1389 1444/347/1444 2453/348/2453
f 1124/310/1124 1346/299/1346 2421/302/2421 1986/309/1986
f 2426/348/2426 202/347/202 1339/409/1339 2425/410/2425
f 531/348/531 197/347/197 1356/409/1356 2434/410/2434
f 518/319/518 1202/320/1202 520/321/520 2476/322/2476
f 1121/352/1121 184/391/184 2485/390/2485 1153/424/1153
f 2298/276/2298 595/277/595 1193/278/1193 476/279/476
f 1438/323/1438 1439/296/1439 2497/295/2497 524/324/524
f 1287/298/1287 188/297/188 1147/408/1147 2495/425/2495
f 1365/426/1365 2368/427/2368 1123/224/1123 75/217/75
f 2397/412/2397 1149/413/1149 1346/299/1346 1124/310/1124
f 607/386/607 653/387/653 1220/235/1220 2335/288/2335
f 2451/428/2451 1133/336/1133 1251/335/1251 1508/356/1508
f 2468/283/2468 194/282/194 1328/312/1328 494/311/494
f 1503/323/1503 1500/296/1500 2564/295/2564 2563/324/2563
f 2586/321/2586 1524/320/1524 1125/316/1125 2584/315/2584
f 1126/406/1126 554/405/554 2530/313/2530 1127/312/1127
f 2770/265/2770 2767/384/2767 1112/385/1112 1136/266/1136
f 2553/353/2553 1010/192/1010 2366/370/2366 2297/375/2297
f 190/394/190 187/379/187 2506/378/2506 2505/395/2505
f 145/235/145 1206/288/1206 2003/386/2003 2499/387/2499
f 1551/321/1551 1233/320/1233 1571/316/1571 1128/376/1128
f 2542/426/2542 2331/427/2331 1964/224/1964 1588/217/1588
f 2763/354/2763 1129/193/1129 1010/192/1010 2553/353/2553
f 2494/321/2494 1200/320/1200 1154/316/1154 2493/376/2493
f 1573/377/1573 2568/378/2568 1506/379/1506 1503/323/1503
f 1476/357/1476 225/394/225 2576/395/2576 604/358/604
f 579/390/579 1199/391/1199 1524/320/1524 1130/319/1130
f 693/367/693 1602/107/1602 1141/110/1141 1637/113/1637
f 2754/360/2754 1131/220/1131 1757/246/1757 2757/396/2757
f 684/422/684 2794/423/2794 280/258/280 1859/264/1859
f 1739/239/1739 660/240/660 164/241/164 1740/242/1740
f 1138/221/1138 1627/220/1627 2698/360/2698 1137/361/1137
f 26/126/26 2655/125/2655 310/120/310 24/119/24
f 2784/396/2784 97/246/97 1828/243/1828 679/381/679
f 823/136/823 290/155/290 2692/359/2692 2691/285/2691
f 2626/125/2626 1132/120/1132 284/119/284 1864/126/1864
f 1251/335/1251 1133/336/1133 2449/333/2449 471/334/471
f 2473/333/2473 2313/334/2313 1541/335/1541 521/336/521
f 688/367/688 1211/107/1211 1134/110/1134 1167/113/1167
f 2636/284/2636 1135/133/1135 823/136/823 2691/285/2691
f 1163/159/1163 1610/158/1610 2065/160/2065 638/161/638
f 2768/254/2768 2770/265/2770 1136/266/1136 1421/255/1421
f 1241/372/1241 1240/105/1240 2716/104/2716 2025/380/2025
f 1137/361/1137 2696/399/2696 322/222/322 1138/221/1138
f 2291/416/2291 2585/417/2585 1139/266/1139 2337/385/2337
f 1600/135/1600 400/134/400 1140/160/1140 2/158/2
f 64/109/64 1264/111/1264 1638/112/1638 1141/110/1141
f 1156/367/1156 1157/107/1157 1315/110/1315 1178/113/1178
f 1242/370/1242 1661/192/1661 2703/191/2703 2354/371/2354
f 1214/429/1214 1632/430/1632 1631/431/1631 1213/432/1213
f 2795/254/2795 2797/265/2797 1560/266/1560 1559/255/1559
f 660/240/660 2744/381/2744 930/243/930 164/241/164
f 1205/270/1205 597/286/597 2616/287/2616 1206/288/1206
f 1361/41/1361 46/42/46 2406/43/2406 2404/44/2404
f 1598/168/1598 1585/212/1585 351/228/351 2633/195/2633
f 584/295/584 1538/296/1538 1539/297/1539 2581/298/2581
f 587/289/587 228/290/228 1536/281/1536 2596/280/2596
f 1142/341/1142 214/433/214 2518/434/2518 2526/342/2526
f 140/270/140 2329/288/2329 2776/435/2776 1817/267/1817
f 1449/436/1449 208/433/208 2531/434/2531 2532/342/2532
f 2786/437/2786 597/286/597 1205/270/1205 147/269/147
f 1225/299/1225 1530/300/1530 1143/301/1143 561/302/561
f 1488/426/1488 2345/427/2345 2382/224/2382 1489/217/1489
f 1826/106/1826 1107/105/1107 2555/374/2555 606/400/606
f 1449/436/1449 2532/342/2532 1197/343/1197 1469/344/1469
f 1144/318/1144 1145/317/1145 1174/347/1174 2582/348/2582
f 1531/357/1531 1532/394/1532 2593/395/2593 600/358/600
f 2546/353/2546 1618/192/1618 439/370/439 2319/375/2319
f 1230/298/1230 1549/297/1549 2606/408/2606 2601/425/2601
f 1195/352/1195 235/391/235 2611/390/2611 596/424/596
f 1146/438/1146 21/439/21 2513/440/2513 544/441/544
f 2544/419/2544 557/410/557 215/409/215 2528/418/2528
f 1147/408/1147 188/297/188 185/290/185 2501/289/2501
f 1149/413/1149 2397/412/2397 2398/434/2398 1289/433/1289
f 1594/193/1594 1593/192/1593 2422/353/2422 2488/354/2488
f 663/402/663 1151/403/1151 127/262/127 126/261/126
f 1454/327/1454 1531/357/1531 600/358/600 1152/328/1152
f 1787/262/1787 668/403/668 2595/404/2595 1112/385/1112
f 140/270/140 1817/286/1817 538/287/538 2329/288/2329
f 2491/349/2491 1121/352/1121 1153/424/1153 2484/442/2484
f 2493/376/2493 1154/316/1154 1437/346/1437 2492/345/2492
f 2797/265/2797 2796/384/2796 1895/385/1895 1560/266/1560
f 2418/342/2418 2417/343/2417 171/344/171 1336/436/1336
f 1372/352/1372 175/391/175 504/390/504 2439/424/2439
f 1156/367/1156 1165/368/1165 1825/369/1825 1157/107/1157
f 608/404/608 1170/385/1170 1169/262/1169 2734/403/2734
f 1215/210/1215 620/111/620 1574/109/1574 1575/197/1575
f 33/126/33 2659/125/2659 1158/120/1158 32/119/32
f 1823/382/1823 1820/383/1820 274/364/274 673/363/673
f 2274/64/2274 2280/63/2280 889/56/889 877/55/877
f 1776/443/1776 265/257/265 1160/258/1160 2769/423/2769
f 1580/215/1580 1579/223/1579 1161/228/1161 1162/212/1162
f 2629/195/2629 2627/124/2627 1186/123/1186 1867/168/1867
f 2753/422/2753 2752/444/2752 1187/258/1187 1755/264/1755
f 634/399/634 349/222/349 1279/221/1279 622/361/622
f 1613/136/1613 1210/155/1210 1209/359/1209 2701/285/2701
f 683/443/683 1856/257/1856 280/258/280 2794/423/2794
f 1546/216/1546 1168/217/1168 626/218/626 2697/219/2697
f 1216/360/1216 292/220/292 1724/246/1724 659/396/659
f 638/161/638 2621/210/2621 1640/197/1640 1163/159/1163
f 1678/168/1678 2147/195/2147 416/124/416 1164/123/1164
f 1165/368/1165 677/392/677 1181/393/1181 1825/369/1825
f 695/445/695 2733/422/2733 1166/264/1166 303/263/303
f 689/366/689 1182/362/1182 1816/365/1816 300/194/300
f 644/114/644 1167/113/1167 1134/110/1134 407/112/407
f 626/426/626 646/427/646 2339/224/2339 1168/217/1168
f 2580/303/2580 475/279/475 131/278/131 583/304/583
f 1675/221/1675 296/220/296 2730/360/2730 2707/361/2707
f 1138/221/1138 322/222/322 324/223/324 1628/215/1628
f 2583/446/2583 2585/265/2585 1139/266/1139 1523/447/1523
f 2748/367/2748 1765/107/1765 782/110/782 621/113/621
f 1906/384/1906 2734/259/2734 1169/262/1169 1170/385/1170
f 1396/352/1396 1391/391/1391 2452/390/2452 2450/424/2450
f 519/376/519 1203/316/1203 1420/346/1420 2475/345/2475
f 591/238/591 2776/435/2776 2329/288/2329 1171/235/1171
f 2402/326/2402 2403/331/2403 1323/330/1323 169/327/169
f 1355/300/1355 1425/388/1425 2481/389/2481 1172/301/1172
f 1330/412/1330 192/413/192 1446/299/1446 483/310/483
f 516/280/516 179/281/179 194/282/194 2468/283/2468
f 2478/349/2478 2480/350/2480 1424/351/1424 1246/352/1246
f 1324/357/1324 1404/394/1404 2464/395/2464 2463/358/2463
f 2471/390/2471 181/391/181 1202/320/1202 518/319/518
f 2582/348/2582 1174/347/1174 1234/409/1234 2540/410/2540
f 210/344/210 2525/343/2525 550/448/550 1451/449/1451
f 1477/327/1477 1476/357/1476 604/358/604 2549/328/2549
f 154/106/154 87/105/87 2557/374/2557 2720/400/2720
f 2594/377/2594 585/378/585 1542/379/1542 1544/323/1544
f 1175/262/1175 1292/385/1292 2742/384/2742 2739/259/2739
f 1920/428/1920 580/336/580 125/335/125 1400/356/1400
f 2578/408/2578 1502/297/1502 224/290/224 2577/289/2577
f 1477/327/1477 1250/326/1250 2536/331/2536 1190/330/1190
f 2604/280/2604 233/281/233 238/282/238 1176/283/1176
f 2708/104/2708 645/380/645 1978/372/1978 1652/105/1652
f 1255/289/1255 1497/290/1497 1499/281/1499 572/280/572
f 2599/408/2599 1539/297/1539 228/290/228 587/289/587
f 2005/314/2005 556/311/556 1484/312/1484 1466/313/1466
f 541/331/541 1467/330/1467 1177/327/1177 542/326/542
f 2425/410/2425 1339/409/1339 492/418/492 2415/419/2415
f 1978/372/1978 2552/373/2552 559/374/559 1652/105/1652
f 1178/113/1178 1315/110/1315 1314/112/1314 2620/114/2620
f 2539/397/2539 2289/398/2289 2288/131/2288 74/130/74
f 1179/450/1179 2112/451/2112 2113/452/2113 2307/453/2307
f 2690/122/2690 1208/119/1208 2631/120/2631 635/121/635
f 693/367/693 682/368/682 1850/369/1850 1602/107/1602
f 1996/416/1996 2455/417/2455 120/266/120 1292/385/1292
f 3/136/3 1646/155/1646 690/359/690 629/285/629
f 2783/420/2783 1831/421/1831 1181/393/1181 677/392/677
f 2733/422/2733 654/423/654 159/258/159 1166/264/1166
f 1604/109/1604 2643/111/2643 2644/112/2644 1320/110/1320
f 1182/362/1182 673/363/673 274/364/274 1816/365/1816
f 2545/397/2545 568/398/568 1968/131/1968 1468/130/1468
f 2624/399/2624 1217/222/1217 1218/221/1218 2722/361/2722
f 2775/366/2775 2774/362/2774 1792/365/1792 1262/194/1262
f 669/420/669 1788/421/1788 268/393/268 2765/392/2765
f 2627/124/2627 2626/125/2626 1864/126/1864 1186/123/1186
f 1753/454/1753 1752/257/1752 1187/258/1187 2752/444/2752
f 2237/147/2237 905/139/905 1088/140/1088 1188/198/1188
f 682/368/682 681/392/681 1848/393/1848 1850/369/1850
f 2743/422/2743 2741/455/2741 1721/258/1721 1722/264/1722
f 1189/136/1189 1317/155/1317 1316/359/1316 625/285/625
f 1694/270/1694 2335/288/2335 1219/435/1219 508/267/508
f 2766/402/2766 668/403/668 1787/262/1787 1786/261/1786
f 1190/330/1190 2536/331/2536 1191/332/1191 1192/329/1192
f 2591/456/2591 588/457/588 1541/335/1541 2313/334/2313
f 1193/278/1193 1194/304/1194 540/303/540 476/279/476
f 1566/349/1566 1195/352/1195 596/424/596 2017/442/2017
f 1256/224/1256 2032/225/2032 632/218/632 88/217/88
f 1964/224/1964 2020/225/2020 623/218/623 1588/217/1588
f 217/329/217 543/332/543 2509/306/2509 1483/305/1483
f 1462/305/1462 211/329/211 2521/332/2521 560/306/560
f 1469/344/1469 1197/343/1197 551/448/551 1228/449/1228
f 1304/298/1304 222/297/222 2567/408/2567 2560/425/2560
f 226/323/226 1198/296/1198 2574/295/2574 2572/324/2572
f 125/335/125 580/336/580 2290/333/2290 2336/334/2336
f 1229/352/1229 1199/391/1199 579/390/579 1517/424/1517
f 2485/390/2485 184/391/184 1200/320/1200 1423/319/1423
f 1341/426/1341 2327/427/2327 1972/224/1972 79/217/79
f 1987/419/1987 2423/410/2423 1298/409/1298 1297/418/1297
f 1644/450/1644 325/451/325 2095/452/2095 1984/453/1984
f 204/436/204 1201/342/1201 2384/343/2384 191/344/191
f 469/458/469 2321/459/2321 9/460/9 1872/461/1872
f 1447/433/1447 1331/434/1331 1201/342/1201 204/436/204
f 507/349/507 1372/352/1372 2439/424/2439 1994/442/1994
f 1283/376/1283 1282/316/1282 1378/346/1378 2443/345/2443
f 1356/409/1356 173/449/173 2388/448/2388 486/418/486
f 520/321/520 1202/320/1202 1203/316/1203 519/376/519
f 1223/305/1223 2410/306/2410 2412/307/2412 172/308/172
f 1427/388/1427 1426/351/1426 2490/350/2490 2489/389/2489
f 1990/309/1990 2386/310/2386 1204/299/1204 2437/302/2437
f 1205/270/1205 1206/288/1206 2788/435/2788 597/267/597
f 1207/299/1207 1371/300/1371 528/301/528 2428/302/2428
f 495/397/495 499/398/499 1965/131/1965 1247/130/1247
f 2434/410/2434 1356/409/1356 486/418/486 501/419/501
f 2621/210/2621 1313/111/1313 20/109/20 1640/197/1640
f 689/366/689 300/194/300 1208/119/1208 2690/122/2690
f 555/44/555 418/45/418 71/46/71 69/41/69
f 676/265/676 699/384/699 2314/385/2314 1884/266/1884
f 1209/359/1209 1210/155/1210 151/257/151 1688/443/1688
f 875/165/875 906/164/906 2231/200/2231 2234/173/2234
f 2774/362/2774 1236/363/1236 1791/364/1791 1792/365/1792
f 688/367/688 667/368/667 1785/369/1785 1211/107/1211
f 617/228/617 2663/195/2663 1212/168/1212 1584/212/1584
f 1487/216/1487 1489/217/1489 1488/218/1488 2706/219/2706
f 665/238/665 697/435/697 474/288/474 129/235/129
f 2673/133/2673 1613/136/1613 2701/285/2701 643/284/643
f 680/420/680 1844/421/1844 1848/393/1848 681/392/681
f 509/254/509 2455/265/2455 120/266/120 119/255/119
f 60/135/60 2671/134/2671 619/160/619 1615/158/1615
f 1624/168/1624 633/195/633 2656/124/2656 25/123/25
f 1357/152/1357 86/130/86 2715/129/2715 530/153/530
f 2681/161/2681 1215/210/1215 1575/197/1575 725/159/725
f 2330/404/2330 2314/385/2314 143/262/143 2607/403/2607
f 983/278/983 2562/304/2562 2561/303/2561 2334/279/2334
f 1218/221/1218 292/220/292 1216/360/1216 2722/361/2722
f 1217/222/1217 367/223/367 282/215/282 1218/221/1218
f 1737/193/1737 1148/192/1148 1866/353/1866 2431/354/2431
f 653/238/653 1219/435/1219 2335/288/2335 1220/235/1220
f 1221/436/1221 1291/433/1291 2387/434/2387 2390/342/2390
f 127/262/127 2337/385/2337 696/384/696 1151/259/1151
f 1399/300/1399 177/388/177 514/389/514 533/301/533
f 2390/342/2390 2389/343/2389 174/344/174 1221/436/1221
f 2472/428/2472 1222/336/1222 132/335/132 1540/356/1540
f 2492/345/2492 1437/346/1437 1344/347/1344 532/348/532
f 1223/305/1223 167/329/167 2411/332/2411 2410/306/2410
f 205/436/205 2392/342/2392 487/343/487 1343/344/1343
f 504/390/504 175/391/175 1381/320/1381 1360/319/1360
f 1507/357/1507 1504/394/1504 2569/395/2569 602/358/602
f 2343/303/2343 473/279/473 1293/278/1293 2565/304/2565
f 1818/437/1818 1817/286/1817 140/270/140 1815/269/1815
f 1224/310/1224 2517/412/2517 213/413/213 1225/299/1225
f 590/289/590 1547/290/1547 233/281/233 2604/280/2604
f 2529/310/2529 1231/412/1231 207/413/207 209/299/209
f 2551/311/2551 218/312/218 547/313/547 2515/314/2515
f 545/405/545 547/313/547 218/312/218 1479/406/1479
f 1322/357/1322 190/394/190 2505/395/2505 1227/358/1227
f 603/283/603 1455/282/1455 212/312/212 2548/311/2548
f 1228/449/1228 551/448/551 2528/418/2528 215/409/215
f 225/394/225 1516/379/1516 575/378/575 2576/395/2576
f 582/349/582 2587/350/2587 1526/351/1526 1229/352/1229
f 2602/295/2602 231/296/231 1549/297/1549 1230/298/1230
f 208/433/208 207/413/207 1231/412/1231 2531/434/2531
f 1235/305/1235 221/329/221 1232/332/1232 2514/306/2514
f 2611/390/2611 235/391/235 1233/320/1233 1550/319/1550
f 2538/419/2538 2540/410/2540 1234/409/1234 2523/418/2523
f 2514/306/2514 548/307/548 219/308/219 1235/305/1235
f 1797/382/1797 1795/383/1795 1791/364/1791 1236/363/1236
f 667/368/667 2765/392/2765 268/393/268 1785/369/1785
f 2713/366/2713 2762/362/2762 260/365/260 287/194/287
f 91/25/91 2306/26/2306 2249/27/2249 2187/28/2187
f 2749/420/2749 258/421/258 257/393/257 664/392/664
f 1237/367/1237 297/107/297 1238/110/1238 1239/113/1239
f 2019/416/2019 2797/417/2797 1560/266/1560 1895/385/1895
f 657/443/657 1716/257/1716 1721/258/1721 2741/455/2741
f 1345/152/1345 1247/130/1247 2694/129/2694 2695/153/2695
f 1889/148/1889 38/149/38 2520/150/2520 1890/151/1890
f 2577/289/2577 224/290/224 1515/281/1515 1252/280/1252
f 1206/288/1206 145/235/145 2499/238/2499 2788/435/2788
f 2435/374/2435 1240/105/1240 1241/372/1241 1988/373/1988
f 2417/343/2417 491/448/491 170/449/170 171/344/171
f 1290/193/1290 1661/192/1661 2427/353/2427 529/354/529
f 2427/353/2427 1661/192/1661 1242/370/1242 1991/375/1991
f 1243/376/1243 1244/316/1244 1389/346/1389 2454/345/2454
f 2447/319/2447 1059/320/1059 510/321/510 2448/322/2448
f 180/323/180 1245/296/1245 2459/295/2459 1294/324/1294
f 2726/191/2726 2724/371/2724 442/370/442 1625/192/1625
f 2380/456/2380 1891/457/1891 132/335/132 2311/334/2311
f 1246/352/1246 181/391/181 2471/390/2471 2460/424/2460
f 172/308/172 2412/307/2412 490/405/490 1285/406/1285
f 191/344/191 2384/343/2384 478/448/478 1326/449/1326
f 1965/131/1965 637/132/637 2694/129/2694 1247/130/1247
f 1336/436/1336 1337/433/1337 2399/434/2399 2418/342/2418
f 1248/305/1248 1249/401/1249 481/307/481 1363/308/1363
f 1250/326/1250 1477/327/1477 2549/328/2549 2011/325/2011
f 2537/456/2537 571/457/571 116/335/116 2338/334/2338
f 2570/456/2570 574/457/574 1251/335/1251 471/334/471
f 1509/377/1509 226/323/226 2572/324/2572 2571/407/2571
f 1252/280/1252 1515/281/1515 244/282/244 2559/283/2559
f 1578/179/1578 1577/177/1577 1576/176/1576 2144/180/2144
f 560/306/560 1253/307/1253 1459/308/1459 1462/305/1462
f 2004/404/2004 1895/385/1895 148/262/148 2789/403/2789
f 42/439/42 1254/462/1254 2259/463/2259 2260/440/2260
f 2567/408/2567 222/297/222 1497/290/1497 1255/289/1255
f 2455/265/2455 2742/384/2742 1292/385/1292 120/266/120
f 2161/97/2161 2162/226/2162 115/89/115 866/37/866
f 562/426/562 2558/427/2558 1256/224/1256 88/217/88
f 2001/276/2001 2461/277/2461 131/278/131 475/279/475
f 1490/179/1490 1257/177/1257 2258/176/2258 2262/180/2262
f 2782/445/2782 2781/422/2781 107/264/107 1833/263/1833
f 2732/240/2732 2731/381/2731 1679/243/1679 1687/241/1687
f 1930/238/1930 1897/435/1897 2299/288/2299 1260/235/1260
f 2667/222/2667 2666/223/2666 1581/215/1581 1261/221/1261
f 2775/366/2775 1262/194/1262 24/119/24 2725/122/2725
f 2762/362/2762 666/363/666 259/364/259 260/365/260
f 62/197/62 2675/210/2675 1264/111/1264 64/109/64
f 2748/367/2748 662/368/662 1763/369/1763 1765/107/1765
f 81/136/81 285/155/285 2751/359/2751 2683/285/2683
f 2429/397/2429 2369/398/2369 1266/131/1266 84/130/84
f 2101/147/2101 1267/139/1267 969/140/969 2127/198/2127
f 1268/140/1268 43/74/43 2080/199/2080 1269/204/1269
f 2120/200/2120 1270/164/1270 1048/163/1048 2128/208/2128
f 50/165/50 1270/164/1270 2120/200/2120 2119/173/2119
f 2232/208/2232 907/163/907 1089/146/1089 2240/145/2240
f 2486/456/2486 2496/457/2496 1901/335/1901 477/334/477
f 2579/238/2579 2745/435/2745 472/288/472 122/235/122
f 1668/60/1668 1667/81/1667 1664/80/1664 1666/61/1666
f 376/198/376 1271/140/1271 2084/204/2084 368/205/368
f 1272/180/1272 1273/201/1273 51/202/51 1274/179/1274
f 1180/62/1180 1275/68/1275 2102/69/2102 2649/59/2649
f 2145/183/2145 58/88/58 1069/89/1069 373/90/373
f 764/163/764 1276/146/1276 1277/145/1277 2194/208/2194
f 25/123/25 2656/124/2656 2655/125/2655 26/126/26
f 1086/3/1086 1278/2/1278 2090/53/2090 2089/189/2089
f 349/222/349 2630/223/2630 1587/215/1587 1279/221/1279
f 2045/203/2045 39/65/39 371/67/371 2046/188/2046
f 714/40/714 8/39/8 327/48/327 1280/184/1280
f 169/327/169 1324/357/1324 2463/358/2463 1281/328/1281
f 2443/345/2443 1378/346/1378 202/347/202 2426/348/2426
f 2445/321/2445 1381/320/1381 1282/316/1282 1283/376/1283
f 1404/394/1404 1405/379/1405 2465/378/2465 2464/395/2464
f 1569/388/1569 1568/351/1568 1567/350/1567 1284/389/1284
f 1285/406/1285 490/405/490 2414/313/2414 1060/312/1060
f 1429/300/1429 1427/388/1427 2489/389/2489 1286/301/1286
f 2497/295/2497 1439/296/1439 188/297/188 1287/298/1287
f 2394/309/2394 1288/310/1288 1207/299/1207 2428/302/2428
f 1343/344/1343 487/343/487 2391/448/2391 1296/449/1296
f 1289/433/1289 2398/434/2398 2392/342/2392 205/436/205
f 1693/414/1693 1290/193/1290 529/354/529 2442/464/2442
f 1291/433/1291 1354/413/1354 485/412/485 2387/434/2387
f 1175/262/1175 2739/403/2739 2377/404/2377 1292/385/1292
f 2441/276/2441 2440/277/2440 1293/278/1293 473/279/473
f 2466/377/2466 180/323/180 1294/324/1294 2467/407/2467
f 1430/289/1430 1412/290/1412 179/281/179 516/280/516
f 1919/465/1919 1295/466/1295 2272/467/2272 2277/468/2277
f 2407/326/2407 2409/331/2409 1321/330/1321 168/327/168
f 1296/449/1296 2391/448/2391 1297/418/1297 1298/409/1298
f 2320/53/2320 1300/2/1300 1299/6/1299 470/11/470
f 393/189/393 63/3/63 1300/2/1300 2320/53/2320
f 2395/44/2395 2396/45/2396 1306/46/1306 1352/41/1352
f 1483/305/1483 2509/306/2509 2508/307/2508 1482/308/1482
f 1929/140/1929 847/74/847 1301/199/1301 2177/204/2177
f 484/60/484 2325/81/2325 1122/80/1122 12/61/12
f 98/172/98 1881/165/1881 435/173/435 434/174/434
f 1302/64/1302 998/55/998 165/101/165 2323/102/2323
f 2510/441/2510 463/469/463 1305/470/1305 1303/438/1303
f 462/45/462 2511/9/2511 93/8/93 1909/46/1909
f 2522/326/2522 1453/331/1453 1452/330/1452 1454/327/1454
f 2564/295/2564 1500/296/1500 222/297/222 1304/298/1304
f 40/62/40 1358/68/1358 436/69/436 2400/59/2400
f 2396/45/2396 2271/9/2271 1922/8/1922 1306/46/1306
f 1621/123/1621 614/124/614 2659/125/2659 33/126/33
f 2781/422/2781 1812/423/1812 108/258/108 107/264/107
f 652/237/652 653/238/653 1220/235/1220 1682/236/1682
f 155/216/155 88/217/88 632/218/632 2721/219/2721
f 2002/287/2002 2299/288/2299 135/270/135 2477/286/2477
f 1772/382/1772 261/383/261 259/364/259 666/363/666
f 662/368/662 664/392/664 257/393/257 1763/369/1763
f 1481/179/1481 35/177/35 1309/176/1309 2270/180/2270
f 2747/366/2747 1310/362/1310 254/365/254 1865/194/1865
f 2787/382/2787 1838/383/1838 1311/364/1311 2785/363/2785
f 2740/420/2740 1733/421/1733 1730/393/1730 1312/392/1312
f 1313/111/1313 1314/112/1314 1315/110/1315 20/109/20
f 1316/359/1316 1317/155/1317 838/257/838 1811/443/1811
f 1681/396/1681 1680/246/1680 1679/243/1679 2731/381/2731
f 1318/159/1318 630/161/630 2642/210/2642 1605/197/1605
f 2773/239/2773 2772/240/2772 1045/241/1045 1796/242/1796
f 691/367/691 1319/107/1319 1320/110/1320 2719/113/2719
f 201/471/201 1321/330/1321 167/329/167 200/472/200
f 200/472/200 167/329/167 1223/305/1223 1342/473/1342
f 1321/330/1321 201/471/201 1322/357/1322 168/327/168
f 498/353/498 534/354/534 1793/193/1793 1625/192/1625
f 1323/330/1323 1402/471/1402 1324/357/1324 169/327/169
f 2685/400/2685 1738/106/1738 1058/105/1058 493/374/493
f 1402/471/1402 1323/330/1323 1325/329/1325 1409/472/1409
f 1409/472/1409 1325/329/1325 1248/305/1248 1410/473/1410
f 1325/329/1325 1323/330/1323 2403/331/2403 2405/332/2405
f 1326/449/1326 478/448/478 479/418/479 1115/409/1115
f 1364/406/1364 480/411/480 482/313/482 1328/312/1328
f 192/413/192 1330/412/1330 1331/434/1331 1447/433/1447
f 23/474/23 1334/475/1334 1924/476/1924 1923/477/1923
f 193/478/193 1335/413/1335 1337/433/1337 1376/479/1376
f 1376/479/1376 1337/433/1337 1336/436/1336 206/480/206
f 1337/433/1337 1335/413/1335 488/412/488 2399/434/2399
f 1335/413/1335 193/478/193 1371/300/1371 1207/299/1207
f 1370/388/1370 1368/351/1368 505/350/505 1338/389/1338
f 170/449/170 1339/409/1339 202/347/202 203/481/203
f 80/130/80 158/152/158 694/482/694 2702/397/2702
f 1339/409/1339 170/449/170 491/448/491 492/418/492
f 171/344/171 170/449/170 203/481/203 1374/483/1374
f 1374/483/1374 206/480/206 1336/436/1336 171/344/171
f 1285/406/1285 1060/312/1060 1340/282/1340 1441/484/1441
f 79/217/79 157/216/157 2504/485/2504 1341/426/1341
f 172/308/172 1285/406/1285 1441/484/1441 199/486/199
f 1223/305/1223 172/308/172 199/486/199 1342/473/1342
f 1343/344/1343 1296/449/1296 1432/481/1432 1435/483/1435
f 205/436/205 1343/344/1343 1435/483/1435 1434/480/1434
f 1296/449/1296 1298/409/1298 1344/347/1344 1432/481/1432
f 1345/152/1345 2695/482/2695 495/397/495 1247/130/1247
f 2386/310/2386 485/412/485 1354/413/1354 1204/299/1204
f 1149/413/1149 1428/478/1428 1429/300/1429 1346/299/1346
f 1428/478/1428 1149/413/1149 1289/433/1289 198/479/198
f 198/479/198 1289/433/1289 205/436/205 1434/480/1434
f 2389/343/2389 2388/448/2388 173/449/173 174/344/174
f 1348/465/1348 1028/466/1028 1350/467/1350 1351/468/1351
f 196/478/196 1354/413/1354 1291/433/1291 195/479/195
f 195/479/195 1291/433/1291 1221/436/1221 1417/480/1417
f 1354/413/1354 196/478/196 1355/300/1355 1204/299/1204
f 173/449/173 1356/409/1356 197/347/197 1415/481/1415
f 1415/481/1415 1418/483/1418 174/344/174 173/449/173
f 1221/436/1221 174/344/174 1418/483/1418 1417/480/1417
f 1360/319/1360 1381/320/1381 2445/321/2445 1995/322/1995
f 1411/484/1411 1407/486/1407 1363/308/1363 1364/406/1364
f 1407/486/1407 1410/473/1410 1248/305/1248 1363/308/1363
f 1364/406/1364 1328/312/1328 194/282/194 1411/484/1411
f 75/217/75 1413/216/1413 2755/485/2755 1365/426/1365
f 59/461/59 1927/339/1927 2408/338/2408 2413/458/2413
f 1369/487/1369 1380/488/1380 1368/351/1368 1370/388/1370
f 193/478/193 1369/487/1369 1370/388/1370 1371/300/1371
f 507/349/507 505/350/505 1368/351/1368 1372/352/1372
f 506/437/506 508/286/508 1694/270/1694 1874/269/1874
f 1375/489/1375 1373/490/1373 1380/488/1380 1369/487/1369
f 1374/483/1374 203/481/203 1373/490/1373 1375/489/1375
f 1376/479/1376 1375/489/1375 1369/487/1369 193/478/193
f 206/480/206 1374/483/1374 1375/489/1375 1376/479/1376
f 1282/316/1282 1380/488/1380 1373/490/1373 1378/346/1378
f 1378/346/1378 1373/490/1373 203/481/203 202/347/202
f 175/391/175 1380/488/1380 1282/316/1282 1381/320/1381
f 116/335/116 1382/356/1382 1903/428/1903 503/336/503
f 1368/351/1368 1380/488/1380 175/391/175 1372/352/1372
f 1383/349/1383 1396/352/1396 2450/424/2450 1997/442/1997
f 1385/489/1385 176/490/176 1388/488/1388 1398/487/1398
f 1386/483/1386 1390/481/1390 176/490/176 1385/489/1385
f 1387/479/1387 1385/489/1385 1398/487/1398 1445/478/1445
f 1448/480/1448 1386/483/1386 1385/489/1385 1387/479/1387
f 1244/316/1244 1388/488/1388 176/490/176 1389/346/1389
f 1876/256/1876 119/255/119 509/491/509 658/492/658
f 1389/346/1389 176/490/176 1390/481/1390 1444/347/1444
f 1391/391/1391 1388/488/1388 1244/316/1244 1059/320/1059
f 1392/298/1392 1393/297/1393 517/408/517 537/425/537
f 1397/351/1397 1388/488/1388 1391/391/1391 1396/352/1396
f 1395/269/1395 123/414/123 513/464/513 511/437/511
f 177/388/177 1397/351/1397 512/350/512 514/389/514
f 1398/487/1398 1388/488/1388 1397/351/1397 177/388/177
f 1445/478/1445 1398/487/1398 177/388/177 1399/300/1399
f 2431/354/2431 513/464/513 123/414/123 1737/193/1737
f 124/278/124 1400/356/1400 2458/355/2458 1401/304/1401
f 1403/493/1403 1406/494/1406 1405/379/1405 1404/394/1404
f 1402/471/1402 1403/493/1403 1404/394/1404 1324/357/1324
f 2466/377/2466 2465/378/2465 1405/379/1405 180/323/180
f 661/495/661 663/402/663 126/261/126 1877/496/1877
f 178/497/178 1408/498/1408 1406/494/1406 1403/493/1403
f 1407/486/1407 1411/484/1411 1408/498/1408 178/497/178
f 1409/472/1409 178/497/178 1403/493/1403 1402/471/1402
f 1410/473/1410 1407/486/1407 178/497/178 1409/472/1409
f 1412/290/1412 1406/494/1406 1408/498/1408 179/281/179
f 179/281/179 1408/498/1408 1411/484/1411 194/282/194
f 1245/296/1245 1406/494/1406 1412/290/1412 1393/297/1393
f 1400/356/1400 125/335/125 515/457/515 2458/355/2458
f 1405/379/1405 1406/494/1406 1245/296/1245 180/323/180
f 2478/349/2478 1246/352/1246 2460/424/2460 2462/442/2462
f 182/489/182 1419/490/1419 1422/488/1422 1416/487/1416
f 1418/483/1418 1415/481/1415 1419/490/1419 182/489/182
f 195/479/195 182/489/182 1416/487/1416 196/478/196
f 1417/480/1417 1418/483/1418 182/489/182 195/479/195
f 1203/316/1203 1422/488/1422 1419/490/1419 1420/346/1420
f 1790/256/1790 1421/255/1421 2768/491/2768 670/492/670
f 1420/346/1420 1419/490/1419 1415/481/1415 197/347/197
f 181/391/181 1422/488/1422 1203/316/1203 1202/320/1202
f 1423/319/1423 1200/320/1200 2494/321/2494 2474/322/2474
f 1424/351/1424 1422/488/1422 181/391/181 1246/352/1246
f 136/269/136 1798/414/1798 2482/464/2482 2479/437/2479
f 1425/388/1425 1424/351/1424 2480/350/2480 2481/389/2481
f 1416/487/1416 1422/488/1422 1424/351/1424 1425/388/1425
f 196/478/196 1416/487/1416 1425/388/1425 1355/300/1355
f 534/354/534 2482/464/2482 1798/414/1798 1793/193/1793
f 1431/487/1431 183/488/183 1426/351/1426 1427/388/1427
f 1428/478/1428 1431/487/1431 1427/388/1427 1429/300/1429
f 517/408/517 1393/297/1393 1412/290/1412 1430/289/1430
f 523/464/523 1818/437/1818 1815/269/1815 139/414/139
f 1436/489/1436 1433/490/1433 183/488/183 1431/487/1431
f 1435/483/1435 1432/481/1432 1433/490/1433 1436/489/1436
f 198/479/198 1436/489/1436 1431/487/1431 1428/478/1428
f 1434/480/1434 1435/483/1435 1436/489/1436 198/479/198
f 1154/316/1154 183/488/183 1433/490/1433 1437/346/1437
f 1437/346/1437 1433/490/1433 1432/481/1432 1344/347/1344
f 184/391/184 183/488/183 1154/316/1154 1200/320/1200
f 1541/335/1541 137/356/137 522/428/522 521/336/521
f 1426/351/1426 183/488/183 184/391/184 1121/352/1121
f 525/377/525 1438/323/1438 524/324/524 2487/407/2487
f 187/379/187 1443/494/1443 1439/296/1439 1438/323/1438
f 1847/261/1847 1846/496/1846 2791/495/2791 2790/402/2790
f 1439/296/1439 1443/494/1443 185/290/185 188/297/188
f 185/290/185 1443/494/1443 1442/498/1442 1440/281/1440
f 1440/281/1440 1442/498/1442 1441/484/1441 1340/282/1340
f 148/262/148 1847/261/1847 2790/402/2790 2789/403/2789
f 189/497/189 1442/498/1442 1443/494/1443 186/493/186
f 200/472/200 189/497/189 186/493/186 201/471/201
f 199/486/199 1441/484/1441 1442/498/1442 189/497/189
f 1342/473/1342 199/486/199 189/497/189 200/472/200
f 186/493/186 1443/494/1443 187/379/187 190/394/190
f 692/400/692 2791/495/2791 1846/496/1846 156/106/156
f 201/471/201 186/493/186 190/394/190 1322/357/1322
f 1328/312/1328 482/313/482 2420/314/2420 494/311/494
f 1390/481/1390 1386/483/1386 191/344/191 1326/449/1326
f 1386/483/1386 1448/480/1448 204/436/204 191/344/191
f 1444/347/1444 1390/481/1390 1326/449/1326 1115/409/1115
f 84/130/84 1875/152/1875 1736/482/1736 2429/397/2429
f 192/413/192 1445/478/1445 1399/300/1399 1446/299/1446
f 569/309/569 2529/310/2529 209/299/209 558/302/558
f 1445/478/1445 192/413/192 1447/433/1447 1387/479/1387
f 1387/479/1387 1447/433/1447 204/436/204 1448/480/1448
f 1564/478/1564 207/413/207 208/433/208 245/479/245
f 245/479/245 208/433/208 1449/436/1449 247/480/247
f 207/413/207 1564/478/1564 1450/300/1450 209/299/209
f 210/344/210 1451/449/1451 1522/481/1522 239/483/239
f 1142/341/1142 210/344/210 239/483/239 1520/480/1520
f 1451/449/1451 1234/409/1234 1174/347/1174 1522/481/1522
f 74/130/74 1879/152/1879 2541/482/2541 2539/397/2539
f 2523/418/2523 1234/409/1234 1451/449/1451 550/448/550
f 240/471/240 1452/330/1452 211/329/211 1534/472/1534
f 1534/472/1534 211/329/211 1462/305/1462 1461/473/1461
f 211/329/211 1452/330/1452 1453/331/1453 2521/332/2521
f 1452/330/1452 240/471/240 1531/357/1531 1454/327/1454
f 1456/406/1456 212/312/212 1455/282/1455 1460/484/1460
f 212/312/212 1456/406/1456 1457/405/1457 1458/313/1458
f 1459/308/1459 1456/406/1456 1460/484/1460 1535/486/1535
f 1535/486/1535 1461/473/1461 1462/305/1462 1459/308/1459
f 213/413/213 1463/478/1463 1530/300/1530 1225/299/1225
f 1463/478/1463 213/413/213 214/433/214 1464/479/1464
f 1464/479/1464 214/433/214 1142/341/1142 1520/480/1520
f 214/433/214 213/413/213 2517/412/2517 2518/434/2518
f 216/406/216 1465/405/1465 1466/313/1466 1484/312/1484
f 1467/330/1467 541/331/541 543/332/543 217/329/217
f 1228/449/1228 215/409/215 1558/347/1558 1565/481/1565
f 1468/130/1468 153/152/153 2793/482/2793 2545/397/2545
f 1469/344/1469 1228/449/1228 1565/481/1565 1470/483/1470
f 1449/436/1449 1469/344/1469 1470/483/1470 247/480/247
f 1472/308/1472 1126/406/1126 1473/484/1473 1511/486/1511
f 1471/305/1471 1472/308/1472 1511/486/1511 1513/473/1513
f 1126/406/1126 1127/312/1127 244/282/244 1473/484/1473
f 155/216/155 2721/485/2721 562/426/562 88/217/88
f 1474/326/1474 2512/331/2512 220/330/220 1104/327/1104
f 1190/330/1190 1478/471/1478 1476/357/1476 1477/327/1477
f 1478/471/1478 1190/330/1190 1192/329/1192 243/472/243
f 243/472/243 1192/329/1192 1471/305/1471 1513/473/1513
f 548/307/548 545/405/545 1479/406/1479 219/308/219
f 237/484/237 236/486/236 1482/308/1482 216/406/216
f 236/486/236 1486/473/1486 1483/305/1483 1482/308/1482
f 238/282/238 237/484/237 216/406/216 1484/312/1484
f 1588/217/1588 1824/216/1824 2543/485/2543 2542/426/2542
f 1467/330/1467 1556/471/1556 1073/357/1073 1177/327/1177
f 1556/471/1556 1467/330/1467 217/329/217 1485/472/1485
f 1485/472/1485 217/329/217 1483/305/1483 1486/473/1486
f 1106/282/1106 242/484/242 1479/406/1479 218/312/218
f 242/484/242 1495/486/1495 219/308/219 1479/406/1479
f 1235/305/1235 219/308/219 1495/486/1495 246/473/246
f 1886/474/1886 1898/475/1898 2533/476/2533 552/477/552
f 241/471/241 220/330/220 221/329/221 1496/472/1496
f 1496/472/1496 221/329/221 1235/305/1235 246/473/246
f 220/330/220 241/471/241 1507/357/1507 1104/327/1104
f 1494/497/1494 1498/498/1498 1501/494/1501 1505/493/1505
f 1495/486/1495 242/484/242 1498/498/1498 1494/497/1494
f 1496/472/1496 1494/497/1494 1505/493/1505 241/471/241
f 246/473/246 1495/486/1495 1494/497/1494 1496/472/1496
f 1497/290/1497 1501/494/1501 1498/498/1498 1499/281/1499
f 1499/281/1499 1498/498/1498 242/484/242 1106/282/1106
f 2706/485/2706 1487/216/1487 117/244/117 651/499/651
f 1500/296/1500 1501/494/1501 1497/290/1497 222/297/222
f 573/298/573 1502/297/1502 2578/408/2578 610/425/610
f 1506/379/1506 1501/494/1501 1500/296/1500 1503/323/1503
f 1707/261/1707 1701/496/1701 1706/495/1706 656/402/656
f 1504/394/1504 1506/379/1506 2568/378/2568 2569/395/2569
f 1505/493/1505 1501/494/1501 1506/379/1506 1504/394/1504
f 241/471/241 1505/493/1505 1504/394/1504 1507/357/1507
f 2720/400/2720 1706/495/1706 1701/496/1701 154/106/154
f 1293/278/1293 1508/356/1508 2573/355/2573 2565/304/2565
f 1512/493/1512 1510/494/1510 1516/379/1516 225/394/225
f 1478/471/1478 1512/493/1512 225/394/225 1476/357/1476
f 1509/377/1509 575/378/575 1516/379/1516 226/323/226
f 2737/495/2737 2575/402/2575 1732/261/1732 1878/496/1878
f 1514/497/1514 223/498/223 1510/494/1510 1512/493/1512
f 1511/486/1511 1473/484/1473 223/498/223 1514/497/1514
f 243/472/243 1514/497/1514 1512/493/1512 1478/471/1478
f 1513/473/1513 1511/486/1511 1514/497/1514 243/472/243
f 224/290/224 1510/494/1510 223/498/223 1515/281/1515
f 1515/281/1515 223/498/223 1473/484/1473 244/282/244
f 1198/296/1198 1510/494/1510 224/290/224 1502/297/1502
f 1508/356/1508 1251/335/1251 574/457/574 2573/355/2573
f 1516/379/1516 1510/494/1510 1198/296/1198 226/323/226
f 582/349/582 1229/352/1229 1517/424/1517 612/442/612
f 227/489/227 1521/490/1521 1528/488/1528 1519/487/1519
f 239/483/239 1522/481/1522 1521/490/1521 227/489/227
f 1464/479/1464 227/489/227 1519/487/1519 1463/478/1463
f 1520/480/1520 239/483/239 227/489/227 1464/479/1464
f 1125/316/1125 1528/488/1528 1521/490/1521 1145/317/1145
f 128/500/128 1523/447/1523 2583/501/2583 581/502/581
f 1145/317/1145 1521/490/1521 1522/481/1522 1174/347/1174
f 1199/391/1199 1528/488/1528 1125/316/1125 1524/320/1524
f 2457/456/2457 515/457/515 125/335/125 2336/334/2336
f 2581/298/2581 1539/297/1539 2599/408/2599 2598/425/2598
f 1526/351/1526 1528/488/1528 1199/391/1199 1229/352/1229
f 1773/269/1773 1767/414/1767 2589/464/2589 2588/437/2588
f 1529/388/1529 1526/351/1526 2587/350/2587 1527/389/1527
f 1519/487/1519 1528/488/1528 1526/351/1526 1529/388/1529
f 1463/478/1463 1519/487/1519 1529/388/1529 1530/300/1530
f 2763/354/2763 2589/464/2589 1767/414/1767 1129/193/1129
f 1533/493/1533 1543/494/1543 1542/379/1542 1532/394/1532
f 240/471/240 1533/493/1533 1532/394/1532 1531/357/1531
f 1532/394/1532 1542/379/1542 585/378/585 2593/395/2593
f 2764/495/2764 2766/402/2766 1786/261/1786 1911/496/1911
f 229/497/229 1537/498/1537 1543/494/1543 1533/493/1533
f 1535/486/1535 1460/484/1460 1537/498/1537 229/497/229
f 1534/472/1534 229/497/229 1533/493/1533 240/471/240
f 1461/473/1461 1535/486/1535 229/497/229 1534/472/1534
f 228/290/228 1543/494/1543 1537/498/1537 1536/281/1536
f 1536/281/1536 1537/498/1537 1460/484/1460 1455/282/1455
f 1538/296/1538 1543/494/1543 228/290/228 1539/297/1539
f 131/278/131 1540/356/1540 1892/355/1892 583/304/583
f 588/457/588 589/355/589 137/356/137 1541/335/1541
f 1542/379/1542 1543/494/1543 1538/296/1538 1544/323/1544
f 592/377/592 1037/323/1037 1545/324/1545 2592/407/2592
f 232/497/232 230/498/230 1548/494/1548 1553/493/1553
f 236/486/236 237/484/237 230/498/230 232/497/232
f 1485/472/1485 232/497/232 1553/493/1553 1556/471/1556
f 1486/473/1486 236/486/236 232/497/232 1485/472/1485
f 1547/290/1547 1548/494/1548 230/498/230 233/281/233
f 1900/244/1900 141/236/141 2605/503/2605 675/499/675
f 233/281/233 230/498/230 237/484/237 238/282/238
f 231/296/231 1548/494/1548 1547/290/1547 1549/297/1549
f 1550/319/1550 1233/320/1233 1551/321/1551 2018/322/2018
f 1554/379/1554 1548/494/1548 231/296/231 1037/323/1037
f 1552/261/1552 1827/496/1827 2610/495/2610 2608/402/2608
f 1555/394/1555 1554/379/1554 593/378/593 2609/395/2609
f 1553/493/1553 1548/494/1548 1554/379/1554 1555/394/1555
f 1556/471/1556 1553/493/1553 1555/394/1555 1073/357/1073
f 606/400/606 2610/495/2610 1827/496/1827 1826/106/1826
f 1571/316/1571 1561/488/1561 234/490/234 1557/346/1557
f 1557/346/1557 234/490/234 1565/481/1565 1558/347/1558
f 1851/256/1851 1559/255/1559 2795/491/2795 2792/492/2792
f 1562/489/1562 234/490/234 1561/488/1561 1563/487/1563
f 245/479/245 1562/489/1562 1563/487/1563 1564/478/1564
f 1470/483/1470 1565/481/1565 234/490/234 1562/489/1562
f 247/480/247 1470/483/1470 1562/489/1562 245/479/245
f 1563/487/1563 1561/488/1561 1568/351/1568 1569/388/1569
f 1566/349/1566 1567/350/1567 1568/351/1568 1195/352/1195
f 1564/478/1564 1563/487/1563 1569/388/1569 1450/300/1450
f 2614/464/2614 2786/437/2786 147/269/147 1570/414/1570
f 1568/351/1568 1561/488/1561 235/391/235 1195/352/1195
f 2793/482/2793 153/152/153 1851/256/1851 2792/492/2792
f 235/391/235 1561/488/1561 1571/316/1571 1233/320/1233
f 1901/335/1901 1572/356/1572 1908/428/1908 594/336/594
f 1573/377/1573 1503/323/1503 2563/324/2563 609/407/609
f 67/461/67 68/339/68 2535/338/2535 2212/458/2212
f 298/108/298 1729/196/1729 1575/197/1575 1574/109/1574
f 725/159/725 1575/197/1575 1729/196/1729 1728/156/1728
f 1675/221/1675 2143/222/2143 1579/223/1579 1580/215/1580
f 2707/361/2707 2142/399/2142 2143/222/2143 1675/221/1675
f 1581/215/1581 880/214/880 1131/220/1131 1261/221/1261
f 1582/218/1582 2755/219/2755 1413/216/1413 75/217/75
f 880/214/880 1581/215/1581 1584/212/1584 1583/211/1583
f 1583/211/1583 1584/212/1584 1212/168/1212 309/167/309
f 1584/212/1584 1581/215/1581 2666/223/2666 617/228/617
f 1809/214/1809 1587/215/1587 1585/212/1585 1586/211/1586
f 1585/212/1585 1598/168/1598 1597/213/1597 1586/211/1586
f 1585/212/1585 1587/215/1587 2630/223/2630 351/228/351
f 1587/215/1587 1809/214/1809 1806/220/1806 1279/221/1279
f 1824/216/1824 1588/217/1588 623/218/623 2543/219/2543
f 1649/197/1649 1590/210/1590 408/111/408 1/109/1
f 1651/159/1651 2100/161/2100 1590/210/1590 1649/197/1649
f 1595/126/1595 1208/119/1208 300/194/300 301/504/301
f 1208/119/1208 1595/126/1595 1592/125/1592 2631/120/2631
f 1599/123/1599 1595/126/1595 301/504/301 1596/166/1596
f 1596/166/1596 1597/213/1597 1598/168/1598 1599/123/1599
f 1599/123/1599 1598/168/1598 2633/195/2633 2632/124/2632
f 3/136/3 399/133/399 400/134/400 1600/135/1600
f 629/285/629 2714/284/2714 399/133/399 3/136/3
f 64/109/64 1141/110/1141 1602/107/1602 289/108/289
f 1240/105/1240 156/106/156 692/103/692 2716/104/2716
f 62/197/62 64/109/64 289/108/289 1603/196/1603
f 1114/159/1114 62/197/62 1603/196/1603 1854/156/1854
f 1605/197/1605 1604/109/1604 1607/108/1607 1710/196/1710
f 1605/197/1605 1710/196/1710 1606/156/1606 1318/159/1318
f 1604/109/1604 1320/110/1320 1319/107/1319 1607/108/1607
f 2720/103/2720 2718/104/2718 87/105/87 154/106/154
f 1608/505/1608 1609/506/1609 426/507/426 1611/508/1611
f 1610/158/1610 1633/135/1633 2079/134/2079 2065/160/2065
f 60/135/60 288/154/288 1210/155/1210 1613/136/1613
f 288/154/288 60/135/60 1615/158/1615 1614/157/1614
f 1614/157/1614 1615/158/1615 1318/159/1318 1606/156/1606
f 1047/509/1047 1616/510/1616 2618/511/2618 1617/512/1617
f 33/126/33 32/119/32 293/194/293 1841/504/1841
f 1618/192/1618 1619/193/1619 1921/190/1921 1620/191/1620
f 1621/123/1621 33/126/33 1841/504/1841 1622/166/1622
f 814/168/814 1621/123/1621 1622/166/1622 1623/213/1623
f 25/123/25 26/126/26 1800/504/1800 294/166/294
f 25/123/25 294/166/294 1803/213/1803 1624/168/1624
f 26/126/26 24/119/24 1262/194/1262 1800/504/1800
f 1793/193/1793 534/190/534 2726/191/2726 1625/192/1625
f 1867/168/1867 283/212/283 2623/228/2623 2629/195/2629
f 1628/215/1628 1626/214/1626 1627/220/1627 1138/221/1138
f 1626/214/1626 1628/215/1628 1629/212/1629 839/211/839
f 839/211/839 1629/212/1629 1624/168/1624 1803/213/1803
f 1629/212/1629 2645/228/2645 633/195/633 1624/168/1624
f 1636/154/1636 1633/135/1633 1610/158/1610 1635/157/1635
f 1634/156/1634 1635/157/1635 1610/158/1610 1163/159/1163
f 1633/135/1633 1636/154/1636 1317/155/1317 1189/136/1189
f 20/109/20 1315/110/1315 1157/107/1157 1639/108/1639
f 2677/114/2677 1637/113/1637 1141/110/1141 1638/112/1638
f 1639/108/1639 1835/196/1835 1640/197/1640 20/109/20
f 1163/159/1163 1640/197/1640 1835/196/1835 1634/156/1634
f 2674/60/2674 631/81/631 1159/80/1159 1669/61/1669
f 1600/135/1600 299/154/299 1646/155/1646 3/136/3
f 299/154/299 1600/135/1600 2/158/2 1647/157/1647
f 1647/157/1647 2/158/2 1651/159/1651 1779/156/1779
f 1782/108/1782 1650/196/1650 1649/197/1649 1/109/1
f 1649/197/1649 1650/196/1650 1779/156/1779 1651/159/1651
f 1/109/1 1134/110/1134 1211/107/1211 1782/108/1782
f 1652/105/1652 1653/106/1653 2709/103/2709 2708/104/2708
f 1660/504/1660 1659/166/1659 1164/123/1164 1658/126/1658
f 1164/123/1164 1659/166/1659 1686/213/1686 1678/168/1678
f 1658/126/1658 1100/119/1100 1111/194/1111 1660/504/1660
f 1661/192/1661 1290/193/1290 529/190/529 2703/191/2703
f 1580/215/1580 1676/214/1676 296/220/296 1675/221/1675
f 1676/214/1676 1580/215/1580 1162/212/1162 1677/211/1677
f 1677/211/1677 1162/212/1162 1678/168/1678 1686/213/1686
f 1685/233/1685 1683/234/1683 1679/243/1679 1680/246/1680
f 1676/214/1676 1685/233/1685 1680/246/1680 296/220/296
f 2730/360/2730 296/220/296 1680/246/1680 1681/396/1681
f 651/245/651 652/237/652 1682/236/1682 117/244/117
f 248/230/248 1684/232/1684 1683/234/1683 1685/233/1685
f 1692/229/1692 1697/231/1697 1684/232/1684 248/230/248
f 1677/211/1677 248/230/248 1685/233/1685 1676/214/1676
f 1686/213/1686 1692/229/1692 248/230/248 1677/211/1677
f 1687/241/1687 1679/243/1679 1683/234/1683 1684/232/1684
f 1699/239/1699 2732/240/2732 1687/241/1687 1700/242/1700
f 1684/232/1684 1697/231/1697 1700/242/1700 1687/241/1687
f 1688/443/1688 151/257/151 159/258/159 654/423/654
f 1690/513/1690 1689/514/1689 1695/515/1695 1691/516/1691
f 1659/166/1659 1660/504/1660 1689/514/1689 1690/513/1690
f 1692/229/1692 1690/513/1690 1691/516/1691 1697/231/1697
f 1686/213/1686 1659/166/1659 1690/513/1690 1692/229/1692
f 1696/364/1696 1695/515/1695 1689/514/1689 1119/365/1119
f 1693/414/1693 1874/269/1874 506/268/506 2442/415/2442
f 1119/365/1119 1689/514/1689 1660/504/1660 1111/194/1111
f 1698/383/1698 1691/516/1691 1695/515/1695 1696/364/1696
f 1700/242/1700 1697/231/1697 1691/516/1691 1698/383/1698
f 1699/239/1699 1700/242/1700 1698/383/1698 2729/382/2729
f 1703/393/1703 1709/517/1709 1708/518/1708 1702/369/1702
f 1702/369/1702 1708/518/1708 1607/108/1607 1319/107/1319
f 1196/106/1196 1878/496/1878 2737/519/2737 2736/103/2736
f 249/421/249 1712/520/1712 1709/517/1709 1703/393/1703
f 303/263/303 1704/250/1704 1712/520/1712 249/421/249
f 695/445/695 303/263/303 249/421/249 1705/420/1705
f 1711/521/1711 1708/518/1708 1709/517/1709 1712/520/1712
f 1710/196/1710 1607/108/1607 1708/518/1708 1711/521/1711
f 304/247/304 1711/521/1711 1712/520/1712 1704/250/1704
f 1606/156/1606 1710/196/1710 1711/521/1711 304/247/304
f 1713/249/1713 1717/252/1717 1721/258/1721 1716/257/1716
f 1719/154/1719 1713/249/1713 1716/257/1716 1714/155/1714
f 1715/359/1715 1714/155/1714 1716/257/1716 657/443/657
f 1720/248/1720 250/251/250 1717/252/1717 1713/249/1713
f 1726/247/1726 1734/250/1734 250/251/250 1720/248/1720
f 1718/157/1718 1720/248/1720 1713/249/1713 1719/154/1719
f 1728/156/1728 1726/247/1726 1720/248/1720 1718/157/1718
f 1722/264/1722 1721/258/1721 1717/252/1717 250/251/250
f 1735/445/1735 2743/422/2743 1722/264/1722 1723/263/1723
f 1723/263/1723 1722/264/1722 250/251/250 1734/250/1734
f 659/396/659 1724/246/1724 930/243/930 2744/381/2744
f 251/521/251 1725/518/1725 1731/517/1731 1727/520/1727
f 1729/196/1729 298/108/298 1725/518/1725 251/521/251
f 1726/247/1726 251/521/251 1727/520/1727 1734/250/1734
f 1728/156/1728 1729/196/1729 251/521/251 1726/247/1726
f 1730/393/1730 1731/517/1731 1725/518/1725 252/369/252
f 252/369/252 1725/518/1725 298/108/298 297/107/297
f 1733/421/1733 1727/520/1727 1731/517/1731 1730/393/1730
f 1727/520/1727 1733/421/1733 1723/263/1723 1734/250/1734
f 1735/445/1735 1723/263/1723 1733/421/1733 2740/420/2740
f 1736/153/1736 658/253/658 1876/256/1876 1875/152/1875
f 253/364/253 1744/515/1744 1743/514/1743 254/365/254
f 254/365/254 1743/514/1743 1745/504/1745 1865/194/1865
f 1738/106/1738 1877/496/1877 661/519/661 2685/103/2685
f 1741/383/1741 1747/516/1747 1744/515/1744 253/364/253
f 1747/516/1747 1741/383/1741 1740/242/1740 1748/231/1748
f 1739/239/1739 1740/242/1740 1741/383/1741 1742/382/1742
f 1750/513/1750 1743/514/1743 1744/515/1744 1747/516/1747
f 1868/166/1868 1745/504/1745 1743/514/1743 1750/513/1750
f 1746/229/1746 1750/513/1750 1747/516/1747 1748/231/1748
f 1749/213/1749 1868/166/1868 1750/513/1750 1746/229/1746
f 1751/522/1751 255/252/255 1187/258/1187 1752/257/1752
f 731/162/731 1751/522/1751 1752/257/1752 285/155/285
f 2751/359/2751 285/155/285 1752/257/1752 1753/454/1753
f 256/248/256 1754/251/1754 255/252/255 1751/522/1751
f 1759/247/1759 1756/250/1756 1754/251/1754 256/248/256
f 732/157/732 256/248/256 1751/522/1751 731/162/731
f 1762/156/1762 1759/247/1759 256/248/256 732/157/732
f 1755/264/1755 1187/258/1187 255/252/255 1754/251/1754
f 2750/445/2750 2753/422/2753 1755/264/1755 305/263/305
f 305/263/305 1755/264/1755 1754/251/1754 1756/250/1756
f 2757/396/2757 1757/246/1757 150/243/150 2758/381/2758
f 1760/521/1760 1764/518/1764 1766/517/1766 1761/520/1761
f 1758/196/1758 286/108/286 1764/518/1764 1760/521/1760
f 1759/247/1759 1760/521/1760 1761/520/1761 1756/250/1756
f 1762/156/1762 1758/196/1758 1760/521/1760 1759/247/1759
f 257/393/257 1766/517/1766 1764/518/1764 1763/369/1763
f 1763/369/1763 1764/518/1764 286/108/286 1765/107/1765
f 258/421/258 1761/520/1761 1766/517/1766 257/393/257
f 305/263/305 1756/250/1756 1761/520/1761 258/421/258
f 2750/445/2750 305/263/305 258/421/258 2749/420/2749
f 2541/153/2541 581/523/581 128/500/128 1879/152/1879
f 259/364/259 1769/515/1769 1774/514/1774 260/365/260
f 260/365/260 1774/514/1774 1768/169/1768 287/194/287
f 1653/106/1653 1911/496/1911 2764/519/2764 2709/103/2709
f 261/383/261 1771/524/1771 1769/515/1769 259/364/259
f 1770/275/1770 1775/231/1775 1771/524/1771 261/383/261
f 2761/239/2761 1770/275/1770 261/383/261 1772/382/1772
f 262/513/262 1774/514/1774 1769/515/1769 1771/524/1771
f 736/166/736 1768/169/1768 1774/514/1774 262/513/262
f 878/229/878 262/513/262 1771/524/1771 1775/231/1775
f 309/167/309 736/166/736 262/513/262 878/229/878
f 263/249/263 1777/252/1777 1160/258/1160 265/257/265
f 299/154/299 263/249/263 265/257/265 1646/155/1646
f 690/359/690 1646/155/1646 265/257/265 1776/443/1776
f 1778/248/1778 264/251/264 1777/252/1777 263/249/263
f 1783/247/1783 1784/250/1784 264/251/264 1778/248/1778
f 1647/157/1647 1778/248/1778 263/249/263 299/154/299
f 1779/156/1779 1783/247/1783 1778/248/1778 1647/157/1647
f 1780/264/1780 1160/258/1160 1777/252/1777 264/251/264
f 698/445/698 671/422/671 1780/264/1780 1781/263/1781
f 264/251/264 1784/250/1784 1781/263/1781 1780/264/1780
f 2771/396/2771 842/246/842 1044/243/1044 672/381/672
f 269/521/269 267/518/267 266/517/266 1789/520/1789
f 1650/196/1650 1782/108/1782 267/518/267 269/521/269
f 1783/247/1783 269/521/269 1789/520/1789 1784/250/1784
f 1779/156/1779 1650/196/1650 269/521/269 1783/247/1783
f 268/393/268 266/517/266 267/518/267 1785/369/1785
f 1785/369/1785 267/518/267 1782/108/1782 1211/107/1211
f 1788/421/1788 1789/520/1789 266/517/266 268/393/268
f 1781/263/1781 1784/250/1784 1789/520/1789 1788/421/1788
f 698/445/698 1781/263/1781 1788/421/1788 669/420/669
f 530/153/530 670/253/670 1790/256/1790 1357/152/1357
f 1791/364/1791 1799/515/1799 1794/514/1794 1792/365/1792
f 1792/365/1792 1794/514/1794 1800/504/1800 1262/194/1262
f 1594/193/1594 139/414/139 523/415/523 2488/190/2488
f 1795/383/1795 1802/516/1802 1799/515/1799 1791/364/1791
f 1796/242/1796 306/231/306 1802/516/1802 1795/383/1795
f 2773/239/2773 1796/242/1796 1795/383/1795 1797/382/1797
f 1804/513/1804 1794/514/1794 1799/515/1799 1802/516/1802
f 294/166/294 1800/504/1800 1794/514/1794 1804/513/1804
f 1801/229/1801 1804/513/1804 1802/516/1802 306/231/306
f 1803/213/1803 294/166/294 1804/513/1804 1801/229/1801
f 1808/233/1808 270/234/270 1810/243/1810 1805/246/1805
f 1809/214/1809 1808/233/1808 1805/246/1805 1806/220/1806
f 2686/360/2686 1806/220/1806 1805/246/1805 674/396/674
f 271/230/271 1807/232/1807 270/234/270 1808/233/1808
f 307/229/307 1822/231/1822 1807/232/1807 271/230/271
f 1586/211/1586 271/230/271 1808/233/1808 1809/214/1809
f 1597/213/1597 307/229/307 271/230/271 1586/211/1586
f 272/241/272 1810/243/1810 270/234/270 1807/232/1807
f 2779/239/2779 2778/240/2778 272/241/272 1821/242/1821
f 1821/242/1821 272/241/272 1807/232/1807 1822/231/1822
f 1811/443/1811 838/257/838 108/258/108 1812/423/1812
f 1814/513/1814 1813/514/1813 273/515/273 1819/516/1819
f 1596/166/1596 301/504/301 1813/514/1813 1814/513/1814
f 307/229/307 1814/513/1814 1819/516/1819 1822/231/1822
f 1597/213/1597 1596/166/1596 1814/513/1814 307/229/307
f 274/364/274 273/515/273 1813/514/1813 1816/365/1816
f 1816/365/1816 1813/514/1813 301/504/301 300/194/300
f 1820/383/1820 1819/516/1819 273/515/273 274/364/274
f 1819/516/1819 1820/383/1820 1821/242/1821 1822/231/1822
f 2779/239/2779 1821/242/1821 1820/383/1820 1823/382/1823
f 2543/219/2543 675/245/675 1900/244/1900 1824/216/1824
f 1181/393/1181 275/517/275 1834/518/1834 1825/369/1825
f 1825/369/1825 1834/518/1834 1639/108/1639 1157/107/1157
f 678/240/678 679/381/679 1828/243/1828 1829/241/1829
f 1831/421/1831 1830/520/1830 275/517/275 1181/393/1181
f 1830/520/1830 1831/421/1831 1833/263/1833 1832/250/1832
f 2782/445/2782 1833/263/1833 1831/421/1831 2783/420/2783
f 276/521/276 1834/518/1834 275/517/275 1830/520/1830
f 1835/196/1835 1639/108/1639 1834/518/1834 276/521/276
f 831/247/831 276/521/276 1830/520/1830 1832/250/1832
f 1634/156/1634 1835/196/1835 276/521/276 831/247/831
f 1838/383/1838 1837/516/1837 277/515/277 1311/364/1311
f 700/239/700 1836/242/1836 1838/383/1838 2787/382/2787
f 1836/242/1836 308/231/308 1837/516/1837 1838/383/1838
f 1311/364/1311 277/515/277 1839/514/1839 1068/365/1068
f 1068/365/1068 1839/514/1839 1841/504/1841 293/194/293
f 1842/513/1842 1839/514/1839 277/515/277 1837/516/1837
f 1840/229/1840 1842/513/1842 1837/516/1837 308/231/308
f 1622/166/1622 1841/504/1841 1839/514/1839 1842/513/1842
f 1623/213/1623 1622/166/1622 1842/513/1842 1840/229/1840
f 1843/521/1843 1849/518/1849 278/517/278 1845/520/1845
f 1852/247/1852 1843/521/1843 1845/520/1845 1860/250/1860
f 1603/196/1603 289/108/289 1849/518/1849 1843/521/1843
f 1854/156/1854 1603/196/1603 1843/521/1843 1852/247/1852
f 1844/421/1844 1845/520/1845 278/517/278 1848/393/1848
f 2798/445/2798 1861/263/1861 1844/421/1844 680/420/680
f 1861/263/1861 1860/250/1860 1845/520/1845 1844/421/1844
f 1848/393/1848 278/517/278 1849/518/1849 1850/369/1850
f 1850/369/1850 1849/518/1849 289/108/289 1602/107/1602
f 281/248/281 1853/251/1853 279/252/279 1858/249/1858
f 1855/157/1855 281/248/281 1858/249/1858 1857/154/1857
f 1852/247/1852 1860/250/1860 1853/251/1853 281/248/281
f 1854/156/1854 1852/247/1852 281/248/281 1855/157/1855
f 1858/249/1858 279/252/279 280/258/280 1856/257/1856
f 2692/359/2692 290/155/290 1856/257/1856 683/443/683
f 1857/154/1857 1858/249/1858 1856/257/1856 290/155/290
f 1859/264/1859 280/258/280 279/252/279 1853/251/1853
f 1861/263/1861 1859/264/1859 1853/251/1853 1860/250/1860
f 2798/445/2798 684/422/684 1859/264/1859 1861/263/1861
f 1863/214/1863 282/215/282 283/212/283 291/211/291
f 1749/213/1749 291/211/291 283/212/283 1867/168/1867
f 282/215/282 1863/214/1863 292/220/292 1218/221/1218
f 1864/126/1864 284/119/284 1865/194/1865 1745/504/1745
f 1745/504/1745 1868/166/1868 1186/123/1186 1864/126/1864
f 1867/168/1867 1186/123/1186 1868/166/1868 1749/213/1749
f 988/40/988 748/39/748 1869/48/1869 1006/184/1006
f 2246/147/2246 795/139/795 984/140/984 2238/198/2238
f 2404/44/2404 489/45/489 1873/46/1873 1361/41/1361
f 437/63/437 1870/66/1870 1110/58/1110 811/56/811
f 2322/183/2322 1871/88/1871 1001/89/1001 2303/90/2303
f 2283/183/2283 891/88/891 894/89/894 2278/90/2278
f 2323/102/2323 165/101/165 1871/88/1871 2322/183/2322
f 571/457/571 1880/355/1880 1382/356/1382 116/335/116
f 2261/200/2261 435/173/435 1881/165/1881 99/164/99
f 137/356/137 138/278/138 1882/277/1882 522/428/522
f 1077/172/1077 1099/165/1099 2253/173/2253 1883/174/1883
f 951/172/951 83/165/83 2221/173/2221 2217/174/2217
f 539/416/539 676/417/676 1884/266/1884 2314/385/2314
f 2440/277/2440 2451/428/2451 1508/356/1508 1293/278/1293
f 2241/145/2241 979/146/979 1912/139/1912 2243/147/2243
f 1540/356/1540 132/335/132 1891/457/1891 1892/355/1892
f 1894/53/1894 110/2/110 860/6/860 454/11/454
f 2796/384/2796 2789/259/2789 148/262/148 1895/385/1895
f 1897/435/1897 2477/267/2477 135/270/135 2299/288/2299
f 2496/457/2496 2498/355/2498 1572/356/1572 1901/335/1901
f 848/65/848 1902/58/1902 2281/66/2281 2279/67/2279
f 1382/356/1382 983/278/983 2438/277/2438 1903/428/1903
f 699/384/699 2607/259/2607 143/262/143 2314/385/2314
f 1905/65/1905 898/58/898 461/66/461 460/67/460
f 2446/265/2446 1906/384/1906 1170/385/1170 118/266/118
f 535/416/535 2446/417/2446 118/266/118 1170/385/1170
f 2216/87/2216 1071/88/1071 1907/89/1907 2218/90/2218
f 2469/386/2469 665/387/665 129/235/129 474/288/474
f 1572/356/1572 1193/278/1193 595/277/595 1908/428/1908
f 1916/11/1916 959/6/959 948/12/948 467/13/467
f 589/355/589 1910/304/1910 138/278/138 137/356/137
f 2243/147/2243 1912/139/1912 910/140/910 2227/198/2227
f 2213/53/2213 753/2/753 752/6/752 2211/11/2211
f 2211/11/2211 752/6/752 1913/12/1913 2612/13/2612
f 470/11/470 1299/6/1299 986/12/986 2304/13/2304
f 1914/53/1914 1915/2/1915 959/6/959 1916/11/1916
f 2269/200/2269 445/173/445 1917/165/1917 981/164/981
f 857/40/857 854/39/854 1918/48/1918 453/184/453
f 697/435/697 1525/267/1525 130/270/130 474/288/474
f 578/277/578 1920/428/1920 1400/356/1400 124/278/124
f 2745/435/2745 2456/267/2456 1394/270/1394 472/288/472
f 1926/145/1926 1017/146/1017 778/139/778 2229/147/2229
f 2265/147/2265 950/139/950 802/140/802 2266/198/2266
f 2229/147/2229 778/139/778 1929/140/1929 2228/198/2228
f 2461/277/2461 2472/428/2472 1540/356/1540 131/278/131
f 2600/386/2600 1930/387/1930 1260/235/1260 2299/288/2299
f 320/33/320 2035/207/2035 2625/85/2625
f 2351/27/2351 687/16/687 1931/52/1931
f 2379/33/2379 2039/207/2039 2095/85/2095
f 2041/27/2041 2326/16/2326 330/52/330
f 332/27/332 2109/16/2109 333/52/333
f 2349/33/2349 2044/207/2044 336/85/336
f 2047/75/2047 2046/188/2046 338/83/338
f 1932/100/1932 2028/93/2028 2048/227/2048
f 1950/181/1950 342/186/342 2340/175/2340
f 343/100/343 1933/93/1933 344/227/344
f 1934/75/1934 345/188/345 2223/83/2223
f 2163/181/2163 2058/186/2058 2027/175/2027
f 2308/75/2308 2060/188/2060 2113/83/2113
f 2062/138/2062 642/143/642 2236/205/2236
f 2067/138/2067 357/143/357 1935/205/1935
f 2069/100/2069 2309/93/2309 1936/227/1936
f 2363/27/2363 359/16/359 1937/52/1937
f 361/75/361 2073/188/2073 2023/83/2023
f 1938/100/1938 640/93/640 1939/227/1939
f 1940/33/1940 2078/207/2078 2637/85/2637
f 1941/138/1941 2619/143/2619 2081/205/2081
f 1942/181/1942 2082/186/2082 2063/175/2063
f 1943/138/1943 2374/143/2374 368/205/368
f 2088/181/2088 2192/186/2192 2372/175/2372
f 2130/27/2130 2367/16/2367 2201/52/2201
f 2351/75/2351 2132/188/2132 1944/83/1944
f 2134/100/2134 1993/93/1993 1945/227/1945
f 2041/33/2041 391/207/391 1008/85/1008
f 2139/186/2139 1946/175/1946 395/181/395
f 2153/52/2153 2152/27/2152 502/16/502
f 397/138/397 1947/143/1947 398/205/398
f 1948/33/1948 1949/207/1949 2401/85/2401
f 1950/138/1950 2381/143/2381 401/205/401
f 2317/181/2317 1951/186/1951 2009/175/2009
f 1952/227/1952 1934/100/1934 2247/93/2247
f 2163/100/2163 2346/93/2346 1953/227/1953
f 2308/100/2308 2208/93/2208 2209/227/2209
f 1954/75/1954 2167/188/2167 2356/83/2356
f 1955/75/1955 406/188/406 2385/83/2385
f 1956/75/1956 1957/188/1957 2007/83/2007
f 2174/181/2174 2173/186/2173 1958/175/1958
f 2176/138/2176 2220/143/2220 1959/205/1959
f 1960/181/1960 2180/186/2180 2318/175/2318
f 2355/138/2355 2226/143/2226 2225/205/2225
f 1961/207/1961 567/85/567 1941/33/1941
f 411/52/411 2249/27/2249 412/16/412
f 1943/33/1943 2189/207/2189 2362/85/2362
f 1962/27/1962 565/16/565 1963/52/1963
f 2315/525/2315 957/526/957 431/527/431 1964/528/1964
f 1173/529/1173 2360/530/2360 855/531/855 2312/532/2312
f 2250/533/2250 2306/534/2306 1612/535/1612 1965/536/1965
f 432/537/432 2376/538/2376 1966/539/1966 433/540/433
f 1967/541/1967 1968/542/1968 438/543/438 1969/544/1969
f 1970/545/1970 439/546/439 2373/547/2373 2251/548/2251
f 1971/549/1971 1972/550/1972 2316/551/2316 1973/552/1973
f 1241/553/1241 2365/554/2365 2364/555/2364 2341/556/2341
f 441/557/441 896/558/896 2350/559/2350 440/560/440
f 1657/561/1657 1974/562/1974 1092/563/1092 442/564/442
f 2342/565/2342 1242/566/1242 1975/567/1975 2359/568/2359
f 771/569/771 2307/570/2307 443/571/443 444/572/444
f 2383/573/2383 2382/574/2382 1976/575/1976 893/576/893
f 446/577/446 447/578/447 2328/579/2328 2248/580/2248
f 449/581/449 448/582/448 1977/583/1977 1978/584/1978
f 2339/585/2339 450/586/450 451/587/451 452/588/452
f 455/589/455 2305/590/2305 1979/591/1979 456/592/456
f 2378/593/2378 781/594/781 2358/595/2358 2288/596/2288
f 2348/597/2348 2347/598/2347 1123/599/1123 1980/600/1980
f 1981/601/1981 457/602/457 2366/603/2366 2242/604/2242
f 1982/605/1982 1983/606/1983 2357/607/2357 464/608/464
f 1984/609/1984 1266/610/1266 2371/611/2371 2370/612/2370
f 2310/613/2310 465/614/465 2352/615/2352 466/616/466
f 1985/617/1985 787/618/787 2361/619/2361 1256/620/1256
f 2689/375/2689 2362/273/2362 1986/309/1986
f 499/398/499 1987/419/1987 412/621/412
f 2327/427/2327 2424/314/2424 2220/337/2220
f 1988/373/1988 1958/622/1958 500/325/500
f 1989/375/1989 2385/273/2385 1990/309/1990
f 1991/375/1991 2356/273/2356 2394/309/2394
f 1992/398/1992 2415/419/2415 2208/621/2208
f 2433/398/2433 501/419/501 2247/621/2247
f 2296/373/2296 2401/622/2401 2419/325/2419
f 2368/427/2368 2420/314/2420 502/337/502
f 2369/398/2369 2430/419/2430 1993/621/1993
f 526/375/526 1944/273/1944 527/309/527
f 2332/287/2332 1994/442/1994 2333/276/2333
f 2416/333/2416 1995/322/1995 535/416/535
f 1996/416/1996 2449/333/2449 2448/322/2448
f 2441/276/2441 536/287/536 1997/442/1997
f 1998/404/1998 2467/407/2467 2457/456/2457
f 1999/303/1999 537/425/537 2469/386/2469
f 2000/416/2000 2470/333/2470 2476/322/2476
f 2001/276/2001 2002/287/2002 2462/442/2462
f 538/287/538 2484/442/2484 2483/276/2483
f 2473/333/2473 2474/322/2474 539/416/539
f 2003/386/2003 540/303/540 2495/425/2495
f 2486/456/2486 2004/404/2004 2487/407/2487
f 2331/427/2331 2005/314/2005 565/337/565
f 566/373/566 567/622/567 2006/325/2006
f 568/398/568 2544/419/2544 2226/621/2226
f 2319/375/2319 2318/273/2318 569/309/569
f 2375/373/2375 2007/622/2007 2008/325/2008
f 2345/427/2345 2515/314/2515 2346/337/2346
f 2552/373/2552 2009/622/2009 570/325/570
f 646/427/646 2547/314/2547 2381/337/2381
f 2289/398/2289 2538/419/2538 1947/621/1947
f 2297/375/2297 1946/273/1946 2010/309/2010
f 598/373/598 1008/622/1008 2011/325/2011
f 2558/427/2558 599/314/599 2367/337/2367
f 607/386/607 2561/303/2561 2560/425/2560
f 2537/456/2537 608/404/608 609/407/609
f 2377/404/2377 2571/407/2571 2570/456/2570
f 2343/303/2343 610/425/610 2012/386/2012
f 2291/416/2291 2290/333/2290 2013/322/2013
f 611/276/611 2344/287/2344 612/442/612
f 2595/404/2595 2014/407/2014 2380/456/2380
f 2580/303/2580 2598/425/2598 2600/386/2600
f 2015/386/2015 2016/303/2016 2601/425/2601
f 2591/456/2591 2330/404/2330 2592/407/2592
f 2616/287/2616 2017/442/2017 2298/276/2298
f 2603/333/2603 2018/322/2018 2019/416/2019
f 2020/225/2020 2372/623/2372 634/399/634
f 2689/371/2689 635/121/635 2374/624/2374
f 636/284/636 637/132/637 2063/452/2063
f 566/380/566 2620/114/2620 2619/625/2619
f 2021/132/2021 2637/452/2637 2636/284/2636
f 639/371/639 2022/121/2022 640/624/640
f 2699/225/2699 2023/623/2023 2024/399/2024
f 2025/380/2025 2677/114/2677 359/625/359
f 641/380/641 2717/114/2717 2309/625/2309
f 2724/371/2724 2723/121/2723 357/624/357
f 2026/121/2026 642/624/642 2354/371/2354
f 1992/132/1992 2113/452/2113 643/284/643
f 2142/399/2142 2345/225/2345 2027/623/2027
f 2714/284/2714 2433/132/2433 2223/452/2223
f 644/114/644 1933/625/1933 645/380/645
f 646/225/646 2340/623/2340 2696/399/2696
f 647/380/647 648/114/648 2028/625/2028
f 649/132/649 338/452/338 2682/284/2682
f 650/225/650 336/623/336 2687/399/2687
f 2029/371/2029 2647/121/2647 2109/624/2109
f 598/380/598 2030/114/2030 2326/625/2326
f 2031/132/2031 2095/452/2095 685/284/685
f 526/371/526 686/121/686 687/624/687
f 2032/225/2032 2625/623/2625 2624/399/2624
f 319/36/319 2033/32/2033 2034/97/2034 1031/98/1031
f 1031/98/1031 2035/207/2035 320/33/320 319/36/319
f 2050/20/2050 768/28/768 2036/51/2036 1029/206/1029
f 2351/27/2351 1931/52/1931 2036/51/2036 768/28/768
f 873/36/873 2037/32/2037 1018/97/1018 2038/98/2038
f 2038/98/2038 2039/207/2039 2379/33/2379 873/36/873
f 316/20/316 2040/28/2040 1051/51/1051 2055/206/2055
f 2041/27/2041 330/52/330 1051/51/1051 2040/28/2040
f 315/20/315 2043/28/2043 2042/51/2042 2086/206/2086
f 332/27/332 333/52/333 2042/51/2042 2043/28/2043
f 921/97/921 334/98/334 335/36/335 738/32/738
f 334/98/334 2044/207/2044 2349/33/2349 335/36/335
f 2061/199/2061 2045/203/2045 337/78/337 973/73/973
f 2045/203/2045 2046/188/2046 2047/75/2047 337/78/337
f 1018/97/1018 2037/32/2037 716/31/716 2049/226/2049
f 1932/100/1932 2048/227/2048 2049/226/2049 716/31/716
f 2050/20/2050 1029/206/1029 341/185/341 2051/21/2051
f 341/185/341 342/186/342 1950/181/1950 2051/21/2051
f 921/97/921 738/32/738 867/31/867 2052/226/2052
f 343/100/343 344/227/344 2052/226/2052 867/31/867
f 929/73/929 314/199/314 2053/187/2053 2054/78/2054
f 2053/187/2053 345/188/345 1934/75/1934 2054/78/2054
f 2055/206/2055 2056/185/2056 2057/21/2057 316/20/316
f 2056/185/2056 2058/186/2058 2163/181/2163 2057/21/2057
f 2080/199/2080 2059/187/2059 826/78/826 825/73/825
f 2059/187/2059 2060/188/2060 2308/75/2308 826/78/826
f 346/72/346 347/204/347 2061/199/2061 973/73/973
f 2062/138/2062 2236/205/2236 347/204/347 346/72/346
f 385/133/385 636/284/636 2063/452/2063 2064/451/2064
f 2064/451/2064 1611/508/1611 2079/134/2079 385/133/385
f 638/161/638 2065/160/2065 426/507/426 2622/626/2622
f 2066/199/2066 936/73/936 356/72/356 970/204/970
f 2067/138/2067 1935/205/1935 970/204/970 356/72/356
f 1022/97/1022 313/32/313 358/31/358 2068/226/2068
f 2069/100/2069 1936/227/1936 2068/226/2068 358/31/358
f 2070/20/2070 741/28/741 2072/51/2072 2071/206/2071
f 2363/27/2363 1937/52/1937 2072/51/2072 741/28/741
f 2066/199/2066 968/203/968 360/78/360 936/73/936
f 968/203/968 2073/188/2073 361/75/361 360/78/360
f 2034/97/2034 2033/32/2033 2074/31/2074 2075/226/2075
f 1938/100/1938 1939/227/1939 2075/226/2075 2074/31/2074
f 1022/97/1022 2076/98/2076 2077/36/2077 313/32/313
f 2076/98/2076 2078/207/2078 1940/33/1940 2077/36/2077
f 2065/160/2065 2079/134/2079 1611/508/1611 426/507/426
f 825/73/825 362/72/362 1269/204/1269 2080/199/2080
f 1941/138/1941 2081/205/2081 1269/204/1269 362/72/362
f 364/21/364 2070/20/2070 2071/206/2071 363/185/363
f 363/185/363 2082/186/2082 1942/181/1942 364/21/364
f 929/73/929 2083/72/2083 2084/204/2084 314/199/314
f 1943/138/1943 368/205/368 2084/204/2084 2083/72/2083
f 2085/21/2085 315/20/315 2086/206/2086 2087/185/2087
f 2087/185/2087 2192/186/2192 2088/181/2088 2085/21/2085
f 2089/189/2089 2090/53/2090 2091/10/2091 2092/9/2092
f 382/18/382 2091/10/2091 2090/53/2090 2093/11/2093
f 381/13/381 330/52/330 2326/16/2326 2094/15/2094
f 2093/11/2093 381/13/381 2094/15/2094 382/18/382
f 2039/207/2039 1280/184/1280 325/43/325 2095/85/2095
f 1280/184/1280 327/48/327 328/44/328 325/43/325
f 2092/9/2092 702/45/702 326/47/326 2089/189/2089
f 702/45/702 328/44/328 327/48/327 326/47/326
f 2097/15/2097 2096/13/2096 1937/52/1937 359/16/359
f 704/18/704 2099/11/2099 2096/13/2096 2097/15/2097
f 2098/53/2098 329/10/329 331/9/331 928/189/928
f 2099/11/2099 704/18/704 329/10/329 2098/53/2098
f 1140/160/1140 2214/507/2214 1183/626/1183 2100/161/2100
f 2215/508/2215 2214/507/2214 1140/160/1140 400/134/400
f 399/133/399 2714/284/2714 2223/452/2223 2222/451/2222
f 400/134/400 399/133/399 2222/451/2222 2215/508/2215
f 2101/147/2101 2654/151/2654 1655/150/1655 370/145/370
f 2046/188/2046 371/67/371 2102/69/2102 338/83/338
f 371/67/371 2103/66/2103 2649/59/2649 2102/69/2102
f 2653/81/2653 2650/60/2650 2104/63/2104 1021/64/1021
f 2650/60/2650 2649/59/2649 2103/66/2103 2104/63/2104
f 372/53/372 2105/10/2105 2664/9/2664 2106/189/2106
f 2107/11/2107 2110/18/2110 2105/10/2105 372/53/372
f 2108/15/2108 2111/13/2111 333/52/333 2109/16/2109
f 2110/18/2110 2107/11/2107 2111/13/2111 2108/15/2108
f 2674/60/2674 1054/63/1054 2123/64/2123 631/81/631
f 1055/66/1055 1054/63/1054 2674/60/2674 2672/59/2672
f 2112/69/2112 2113/83/2113 2060/188/2060 339/67/339
f 2672/59/2672 2112/69/2112 339/67/339 1055/66/1055
f 1667/81/1667 1668/60/1668 340/63/340 2114/64/2114
f 1668/60/1668 2669/59/2669 2115/66/2115 340/63/340
f 2073/188/2073 938/67/938 707/69/707 2023/83/2023
f 938/67/938 2115/66/2115 2669/59/2669 707/69/707
f 2044/207/2044 353/184/353 354/43/354 336/85/336
f 353/184/353 925/48/925 2665/44/2665 354/43/354
f 2664/9/2664 355/45/355 2116/47/2116 2106/189/2106
f 355/45/355 2665/44/2665 925/48/925 2116/47/2116
f 365/102/365 2662/82/2662 2653/81/2653 1021/64/1021
f 1080/87/1080 615/95/615 2662/82/2662 365/102/365
f 616/92/616 2124/90/2124 2048/227/2048 2028/93/2028
f 2117/511/2117 1933/625/1933 644/114/644 407/112/407
f 408/111/408 2224/512/2224 2117/511/2117 407/112/407
f 2118/627/2118 1590/210/1590 2100/161/2100 1183/626/1183
f 2224/512/2224 408/111/408 1590/210/1590 2118/627/2118
f 321/201/321 2120/200/2120 2128/208/2128 2657/171/2657
f 2119/173/2119 2120/200/2120 321/201/321 1645/180/1645
f 323/176/323 2340/175/2340 342/186/342 2121/174/2121
f 1645/180/1645 323/176/323 2121/174/2121 2119/173/2119
f 2122/92/2122 373/90/373 1936/227/1936 2309/93/2309
f 2640/95/2640 2145/183/2145 373/90/373 2122/92/2122
f 1083/102/1083 2641/82/2641 631/81/631 2123/64/2123
f 615/95/615 1080/87/1080 2124/90/2124 616/92/616
f 2660/92/2660 2125/90/2125 1939/227/1939 640/93/640
f 613/95/613 2126/87/2126 2125/90/2125 2660/92/2660
f 369/102/369 1663/82/1663 1667/81/1667 2114/64/2114
f 2126/87/2126 613/95/613 1663/82/1663 369/102/369
f 2658/142/2658 2127/198/2127 1935/205/1935 357/143/357
f 2654/151/2654 2101/147/2101 2127/198/2127 2658/142/2658
f 370/145/370 1655/150/1655 2657/171/2657 2128/208/2128
f 2129/28/2129 2613/51/2613 2178/206/2178 952/20/952
f 2130/27/2130 2201/52/2201 2613/51/2613 2129/28/2129
f 2131/199/2131 390/187/390 967/78/967 966/73/966
f 390/187/390 2132/188/2132 2351/75/2351 967/78/967
f 388/97/388 953/32/953 2133/31/2133 2135/226/2135
f 2134/100/2134 1945/227/1945 2135/226/2135 2133/31/2133
f 387/97/387 987/98/987 2136/36/2136 386/32/386
f 987/98/987 391/207/391 2041/33/2041 2136/36/2136
f 2137/206/2137 945/185/945 394/21/394 2138/20/2138
f 945/185/945 2139/186/2139 395/181/395 394/21/394
f 1161/228/1161 2140/294/2140 2141/293/2141 2147/195/2147
f 2144/429/2144 2140/294/2140 1161/228/1161 1579/223/1579
f 2143/222/2143 2142/399/2142 2027/623/2027 1576/430/1576
f 1579/223/1579 2143/222/2143 1576/430/1576 2144/429/2144
f 2145/183/2145 2640/95/2640 2641/82/2641 1083/102/1083
f 331/9/331 2639/45/2639 1065/47/1065 928/189/928
f 2639/45/2639 2634/44/2634 375/48/375 1065/47/1065
f 2078/207/2078 374/184/374 1641/43/1641 2637/85/2637
f 374/184/374 375/48/375 2634/44/2634 1641/43/1641
f 2235/117/2235 642/624/642 2026/121/2026 2146/120/2146
f 417/125/417 2148/118/2148 2235/117/2235 2146/120/2146
f 2149/127/2149 416/124/416 2147/195/2147 2141/293/2141
f 2148/118/2148 417/125/417 416/124/416 2149/127/2149
f 2158/20/2158 2150/28/2150 2151/51/2151 2159/206/2159
f 2152/27/2152 2153/52/2153 2151/51/2151 2150/28/2150
f 2154/199/2154 389/73/389 396/72/396 2155/204/2155
f 397/138/397 398/205/398 2155/204/2155 396/72/396
f 388/97/388 956/98/956 2156/36/2156 953/32/953
f 956/98/956 1949/207/1949 1948/33/1948 2156/36/2156
f 2131/199/2131 966/73/966 965/72/965 2157/204/2157
f 1950/138/1950 401/205/401 2157/204/2157 965/72/965
f 402/21/402 2158/20/2158 2159/206/2159 2160/185/2160
f 2160/185/2160 1951/186/1951 2317/181/2317 402/21/402
f 2161/97/2161 924/32/924 923/31/923 2162/226/2162
f 1934/100/1934 1952/227/1952 2162/226/2162 923/31/923
f 387/97/387 386/32/386 403/31/403 954/226/954
f 2163/100/2163 1953/227/1953 954/226/954 403/31/403
f 2164/97/2164 2165/32/2165 797/31/797 2166/226/2166
f 2308/100/2308 2209/227/2209 2166/226/2166 797/31/797
f 405/78/405 389/73/389 2154/199/2154 404/203/404
f 404/203/404 2167/188/2167 1954/75/1954 405/78/405
f 2168/78/2168 2169/73/2169 1301/199/1301 2170/203/2170
f 2170/203/2170 406/188/406 1955/75/1955 2168/78/2168
f 1098/78/1098 383/73/383 1103/199/1103 410/187/410
f 410/187/410 1957/188/1957 1956/75/1956 1098/78/1098
f 2186/206/2186 2171/185/2171 2172/21/2172 384/20/384
f 2171/185/2171 2173/186/2173 2174/181/2174 2172/21/2172
f 2169/73/2169 2175/72/2175 2177/204/2177 1301/199/1301
f 2176/138/2176 1959/205/1959 2177/204/2177 2175/72/2175
f 2178/206/2178 2179/185/2179 2181/21/2181 952/20/952
f 2179/185/2179 2180/186/2180 1960/181/1960 2181/21/2181
f 383/73/383 2182/72/2182 912/204/912 1103/199/1103
f 2355/138/2355 2225/205/2225 912/204/912 2182/72/2182
f 2164/97/2164 2184/98/2184 2183/36/2183 2165/32/2165
f 2184/98/2184 1961/207/1961 1941/33/1941 2183/36/2183
f 2187/28/2187 2185/51/2185 2186/206/2186 384/20/384
f 2249/27/2249 411/52/411 2185/51/2185 2187/28/2187
f 2161/97/2161 2188/98/2188 863/36/863 924/32/924
f 2188/98/2188 2189/207/2189 1943/33/1943 863/36/863
f 2137/206/2137 2138/20/2138 413/28/413 2190/51/2190
f 1962/27/1962 1963/52/1963 2190/51/2190 413/28/413
f 2194/208/2194 1277/145/1277 2191/150/2191 2193/171/2193
f 377/151/377 2191/150/2191 1277/145/1277 1027/147/1027
f 376/198/376 368/205/368 2374/143/2374 348/142/348
f 1027/147/1027 376/198/376 348/142/348 377/151/377
f 2192/186/2192 379/174/379 1632/176/1632 2372/175/2372
f 379/174/379 942/173/942 1214/180/1214 1632/176/1632
f 2193/171/2193 350/201/350 380/200/380 2194/208/2194
f 350/201/350 1214/180/1214 942/173/942 380/200/380
f 318/189/318 2195/53/2195 2628/10/2628 317/9/317
f 352/18/352 2628/10/2628 2195/53/2195 2196/11/2196
f 2197/13/2197 1931/52/1931 687/16/687 2198/15/2198
f 2196/11/2196 2197/13/2197 2198/15/2198 352/18/352
f 2035/207/2035 423/184/423 2199/43/2199 2625/85/2625
f 423/184/423 1109/48/1109 2202/44/2202 2199/43/2199
f 418/45/418 2200/47/2200 769/189/769 564/9/564
f 1869/48/1869 2200/47/2200 418/45/418 555/44/555
f 2201/52/2201 2367/16/2367 2535/15/2535 2612/13/2612
f 317/9/317 366/45/366 424/47/424 318/189/318
f 366/45/366 2202/44/2202 1109/48/1109 424/47/424
f 2203/208/2203 2204/145/2204 378/150/378 2622/171/2622
f 1617/151/1617 378/150/378 2204/145/2204 939/147/939
f 555/44/555 1007/43/1007 1006/184/1006 1869/48/1869
f 2205/198/2205 2081/205/2081 2619/143/2619 2618/142/2618
f 939/147/939 2205/198/2205 2618/142/2618 1617/151/1617
f 2082/186/2082 2206/174/2206 2064/176/2064 2063/175/2063
f 2206/174/2206 2207/173/2207 1611/180/1611 2064/176/2064
f 2622/171/2622 426/201/426 1039/200/1039 2203/208/2203
f 426/201/426 1611/180/1611 2207/173/2207 1039/200/1039
f 2208/93/2208 420/92/420 2218/90/2218 2209/227/2209
f 2212/18/2212 2211/11/2211 2612/13/2612 2535/15/2535
f 2213/53/2213 2210/10/2210 564/9/564 769/189/769
f 2211/11/2211 2212/18/2212 2210/10/2210 2213/53/2213
f 2214/60/2214 427/63/427 1038/64/1038 1183/81/1183
f 429/66/429 427/63/427 2214/60/2214 2215/59/2215
f 2263/64/2263 419/102/419 977/82/977 415/81/415
f 421/95/421 977/82/977 419/102/419 2216/87/2216
f 553/176/553 2318/175/2318 2180/186/2180 2217/174/2217
f 2216/87/2216 2218/90/2218 420/92/420 421/95/421
f 1015/171/1015 2533/201/2533 2219/200/2219 978/208/978
f 2533/201/2533 552/180/552 2221/173/2221 2219/200/2219
f 1959/205/1959 2220/143/2220 2408/142/2408 2228/198/2228
f 2217/174/2217 2221/173/2221 552/180/552 553/176/553
f 2222/69/2222 2223/83/2223 345/188/345 428/67/428
f 2215/59/2215 2222/69/2222 428/67/428 429/66/429
f 2117/92/2117 430/90/430 344/227/344 1933/93/1933
f 2224/95/2224 918/183/918 430/90/430 2117/92/2117
f 2225/205/2225 2226/143/2226 2239/142/2239 2227/198/2227
f 2413/151/2413 2229/147/2229 2228/198/2228 2408/142/2408
f 1926/145/1926 776/150/776 796/171/796 392/208/392
f 2229/147/2229 2413/151/2413 776/150/776 1926/145/1926
f 2230/102/2230 2118/82/2118 1183/81/1183 1038/64/1038
f 918/183/918 2224/95/2224 2118/82/2118 2230/102/2230
f 2140/201/2140 2231/200/2231 2232/208/2232 2141/171/2141
f 2234/173/2234 2231/200/2231 2140/201/2140 2144/180/2144
f 1576/176/1576 2027/175/2027 2058/186/2058 2233/174/2233
f 2144/180/2144 1576/176/1576 2233/174/2233 2234/173/2234
f 2235/142/2235 1188/198/1188 2236/205/2236 642/143/642
f 2148/151/2148 2237/147/2237 1188/198/1188 2235/142/2235
f 398/205/398 1947/143/1947 425/142/425 2238/198/2238
f 422/151/422 2243/147/2243 2227/198/2227 2239/142/2239
f 446/84/446 2248/76/2248 1934/75/1934 2223/83/2223
f 2240/145/2240 2149/150/2149 2141/171/2141 2232/208/2232
f 2237/147/2237 2148/151/2148 2149/150/2149 2240/145/2240
f 2241/145/2241 2527/150/2527 1015/171/1015 978/208/978
f 343/100/343 448/99/448 449/94/449 1933/93/1933
f 2242/17/2242 2109/16/2109 332/27/332 1981/26/1981
f 361/75/361 2023/83/2023 1971/84/1971 1973/76/1973
f 2243/147/2243 422/151/422 2527/150/2527 2241/145/2241
f 1011/145/1011 2245/150/2245 2244/171/2244 980/208/980
f 2246/147/2246 2524/151/2524 2245/150/2245 1011/145/1011
f 2254/176/2254 1958/175/1958 2173/186/2173 1883/174/1883
f 2524/151/2524 2246/147/2246 2238/198/2238 425/142/425
f 2328/94/2328 2247/93/2247 1934/100/1934 2248/99/2248
f 444/94/444 2208/93/2208 2308/100/2308 771/99/771
f 2249/27/2249 2306/26/2306 2250/17/2250 412/16/412
f 432/86/432 433/34/433 1941/33/1941 567/85/567
f 457/178/457 1981/182/1981 395/181/395 1946/175/1946
f 2152/27/2152 2348/26/2348 1980/17/1980 502/16/502
f 1970/178/1970 2251/182/2251 1960/181/1960 2318/175/2318
f 796/171/796 1273/201/1273 2252/200/2252 392/208/392
f 1273/201/1273 1272/180/1272 2253/173/2253 2252/200/2252
f 2406/43/2406 2401/85/2401 1949/207/1949 1036/184/1036
f 1883/174/1883 2253/173/2253 1272/180/1272 2254/176/2254
f 2258/176/2258 2009/175/2009 1951/186/1951 434/174/434
f 1036/184/1036 2255/48/2255 2404/44/2404 2406/43/2406
f 1329/9/1329 489/45/489 2256/47/2256 393/189/393
f 489/45/489 2404/44/2404 2255/48/2255 2256/47/2256
f 436/69/436 2356/83/2356 2167/188/2167 2257/67/2257
f 434/174/434 435/173/435 2262/180/2262 2258/176/2258
f 2259/171/2259 2260/201/2260 2261/200/2261 1004/208/1004
f 2260/201/2260 2262/180/2262 435/173/435 2261/200/2261
f 2381/143/2381 2519/142/2519 2266/198/2266 401/205/401
f 2257/67/2257 1870/66/1870 2400/59/2400 436/69/436
f 415/81/415 2264/60/2264 437/63/437 2263/64/2263
f 2264/60/2264 2400/59/2400 1870/66/1870 437/63/437
f 1004/208/1004 1003/145/1003 2520/150/2520 2259/171/2259
f 1890/151/1890 2520/150/2520 1003/145/1003 2265/147/2265
f 1309/176/1309 1946/175/1946 2139/186/2139 2267/174/2267
f 2265/147/2265 2266/198/2266 2519/142/2519 1890/151/1890
f 2189/207/2189 453/184/453 2393/43/2393 2362/85/2362
f 2267/174/2267 445/173/445 2270/180/2270 1309/176/1309
f 2244/171/2244 2268/201/2268 2269/200/2269 980/208/980
f 2268/201/2268 2270/180/2270 445/173/445 2269/200/2269
f 2396/45/2396 935/47/935 414/189/414 2271/9/2271
f 1918/48/1918 935/47/935 2396/45/2396 2395/44/2395
f 411/52/411 412/16/412 1350/15/1350 2273/13/2273
f 2395/44/2395 2393/43/2393 453/184/453 1918/48/1918
f 2247/93/2247 2272/92/2272 459/90/459 1952/227/1952
f 1351/18/1351 454/11/454 2273/13/2273 1350/15/1350
f 1894/53/1894 1349/10/1349 2271/9/2271 414/189/414
f 454/11/454 1351/18/1351 1349/10/1349 1894/53/1894
f 2274/64/2274 976/102/976 458/82/458 409/81/409
f 2277/95/2277 458/82/458 976/102/976 2275/87/2275
f 2276/69/2276 2385/83/2385 406/188/406 2279/67/2279
f 2275/87/2275 459/90/459 2272/92/2272 2277/95/2277
f 2346/93/2346 546/92/546 2278/90/2278 1953/227/1953
f 2279/67/2279 2281/66/2281 1923/59/1923 2276/69/2276
f 409/81/409 1924/60/1924 2280/63/2280 2274/64/2274
f 1924/60/1924 1923/59/1923 2281/66/2281 2280/63/2280
f 2285/64/2285 2282/102/2282 549/82/549 2516/81/2516
f 1888/95/1888 549/82/549 2282/102/2282 2283/183/2283
f 2284/69/2284 2007/83/2007 1957/188/1957 460/67/460
f 2283/183/2283 2278/90/2278 546/92/546 1888/95/1888
f 1961/207/1961 2293/184/2293 463/43/463 567/85/567
f 460/67/460 461/66/461 544/59/544 2284/69/2284
f 2516/81/2516 2513/60/2513 2286/63/2286 2285/64/2285
f 2513/60/2513 544/59/544 461/66/461 2286/63/2286
f 462/45/462 961/47/961 2287/189/2287 2511/9/2511
f 2294/48/2294 961/47/961 462/45/462 2510/44/2510
f 2378/628/2378 2288/131/2288 2289/398/2289 1947/621/1947
f 2336/334/2336 2290/333/2290 2291/416/2291 2337/385/2337
f 1963/52/1963 565/16/565 2292/15/2292 467/13/467
f 2510/44/2510 463/43/463 2293/184/2293 2294/48/2294
f 2132/188/2132 1076/67/1076 2295/69/2295 1944/83/1944
f 1333/18/1333 1916/11/1916 467/13/467 2292/15/2292
f 2296/373/2296 455/372/455 456/629/456 2401/622/2401
f 432/629/432 567/622/567 566/373/566 2376/372/2376
f 457/274/457 1946/273/1946 2297/375/2297 2366/370/2366
f 476/279/476 1206/288/1206 2616/287/2616 2298/276/2298
f 475/279/475 2580/303/2580 2600/386/2600 2299/288/2299
f 1914/53/1914 2507/10/2507 2511/9/2511 2287/189/2287
f 1916/11/1916 1333/18/1333 2507/10/2507 1914/53/1914
f 484/60/484 468/63/468 1302/64/1302 2325/81/2325
f 2302/66/2302 468/63/468 484/60/484 2300/59/2300
f 2153/52/2153 502/16/502 2301/15/2301 2304/13/2304
f 2300/59/2300 2295/69/2295 1076/67/1076 2302/66/2302
f 1657/144/1657 357/143/357 2067/138/2067 1974/137/1974
f 2163/181/2163 2027/175/2027 2383/178/2383 893/182/893
f 1945/227/1945 1993/93/1993 989/92/989 2303/90/2303
f 2041/27/2041 1982/26/1982 464/17/464 2326/16/2326
f 469/18/469 470/11/470 2304/13/2304 2301/15/2301
f 1932/100/1932 1979/99/1979 2305/94/2305 2028/93/2028
f 1612/178/1612 2306/182/2306 1942/181/1942 2063/175/2063
f 2307/84/2307 771/76/771 2308/75/2308 2113/83/2113
f 2069/100/2069 896/99/896 441/94/441 2309/93/2309
f 526/375/526 2310/370/2310 466/274/466 1944/273/1944
f 2311/334/2311 2470/333/2470 2000/416/2000 1112/385/1112
f 2004/404/2004 2486/456/2486 477/334/477 1895/385/1895
f 538/287/538 2483/276/2483 1030/279/1030 2329/288/2329
f 2689/375/2689 1173/370/1173 2312/274/2312 2362/273/2362
f 2313/334/2313 2473/333/2473 539/416/539 2314/385/2314
f 1962/27/1962 957/26/957 2315/17/2315 565/16/565
f 2176/138/2176 1973/137/1973 2316/144/2316 2220/143/2220
f 2163/100/2163 893/99/893 1976/94/1976 2346/93/2346
f 2041/33/2041 1008/85/1008 1983/86/1983 1982/34/1982
f 1948/33/1948 2401/85/2401 456/86/456 1979/34/1979
f 1977/178/1977 448/182/448 2317/181/2317 2009/175/2009
f 1970/274/1970 2318/273/2318 2319/375/2319 439/370/439
f 2320/53/2320 2321/10/2321 1329/9/1329 393/189/393
f 470/11/470 469/18/469 2321/10/2321 2320/53/2320
f 2430/419/2430 479/418/479 989/467/989 1993/621/1993
f 999/95/999 2322/183/2322 2303/90/2303 989/92/989
f 2323/102/2323 2324/82/2324 2325/81/2325 1302/64/1302
f 2322/183/2322 999/95/999 2324/82/2324 2323/102/2323
f 526/371/526 687/624/687 465/630/465 2310/370/2310
f 650/225/650 1123/224/1123 2347/631/2347 336/623/336
f 464/632/464 2357/372/2357 598/380/598 2326/625/2326
f 2316/340/2316 1972/224/1972 2327/427/2327 2220/337/2220
f 2433/398/2433 2247/621/2247 2328/628/2328 447/131/447
f 1977/629/1977 2009/622/2009 2552/373/2552 1978/372/1978
f 1030/279/1030 2016/303/2016 2015/386/2015 2329/288/2329
f 2330/404/2330 2591/456/2591 2313/334/2313 2314/385/2314
f 2331/427/2331 565/337/565 2315/340/2315 1964/224/1964
f 2332/287/2332 2333/276/2333 2334/279/2334 2335/288/2335
f 2336/334/2336 2337/385/2337 1998/404/1998 2457/456/2457
f 2338/334/2338 2416/333/2416 535/416/535 1170/385/1170
f 1992/398/1992 2208/621/2208 444/628/444 443/131/443
f 476/279/476 540/303/540 2003/386/2003 1206/288/1206
f 637/132/637 1965/131/1965 1612/453/1612 2063/452/2063
f 441/632/441 440/372/440 641/380/641 2309/625/2309
f 646/225/646 2339/224/2339 452/631/452 2340/623/2340
f 2341/629/2341 1958/622/1958 1988/373/1988 1241/372/1241
f 2342/274/2342 2356/273/2356 1991/375/1991 1242/370/1242
f 2012/386/2012 472/288/472 473/279/473 2343/303/2343
f 2353/279/2353 474/288/474 2344/287/2344 611/276/611
f 2345/427/2345 2346/337/2346 1976/340/1976 2382/224/2382
f 2351/27/2351 2352/26/2352 465/17/465 687/16/687
f 2347/86/2347 2348/34/2348 2349/33/2349 336/85/336
f 1956/75/1956 2007/83/2007 2350/84/2350 896/76/896
f 2351/75/2351 1944/83/1944 466/84/466 2352/76/2352
f 1989/375/1989 442/370/442 1092/274/1092 2385/273/2385
f 2469/386/2469 474/288/474 2353/279/2353 1999/303/1999
f 475/279/475 2299/288/2299 2002/287/2002 2001/276/2001
f 2354/371/2354 642/624/642 1975/630/1975 1242/370/1242
f 2361/86/2361 787/34/787 320/33/320 2625/85/2625
f 1940/33/1940 2637/85/2637 1967/86/1967 1969/34/1969
f 1950/181/1950 2340/175/2340 452/178/452 451/182/451
f 2373/94/2373 640/93/640 1938/100/1938 2251/99/2251
f 2307/453/2307 2113/452/2113 1992/132/1992 443/131/443
f 2355/138/2355 1969/137/1969 438/144/438 2226/143/2226
f 1954/75/1954 2356/83/2356 2342/84/2342 2359/76/2359
f 598/373/598 2357/372/2357 1983/629/1983 1008/622/1008
f 2358/453/2358 338/452/338 649/132/649 2288/131/2288
f 1966/144/1966 2619/143/2619 1941/138/1941 433/137/433
f 1092/84/1092 1974/76/1974 1955/75/1955 2385/83/2385
f 2021/132/2021 1968/131/1968 1967/453/1967 2637/452/2637
f 431/178/431 957/182/957 2088/181/2088 2372/175/2372
f 1975/144/1975 642/143/642 2062/138/2062 2359/137/2359
f 1943/138/1943 855/137/855 2360/144/2360 2374/143/2374
f 2032/225/2032 1256/224/1256 2361/631/2361 2625/623/2625
f 1943/33/1943 2362/85/2362 2312/86/2312 855/34/855
f 499/398/499 412/621/412 2250/628/2250 1965/131/1965
f 2174/181/2174 1958/175/1958 2341/178/2341 2364/182/2364
f 2363/27/2363 2364/26/2364 2365/17/2365 359/16/359
f 2365/632/2365 1241/372/1241 2025/380/2025 359/625/359
f 2334/279/2334 2561/303/2561 607/386/607 2335/288/2335
f 608/404/608 2537/456/2537 2338/334/2338 1170/385/1170
f 2242/630/2242 2366/370/2366 2029/371/2029 2109/624/2109
f 446/453/446 2223/452/2223 2433/132/2433 447/131/447
f 1985/17/1985 2367/16/2367 2130/27/2130 787/26/787
f 2368/427/2368 502/337/502 1980/340/1980 1123/224/1123
f 2371/628/2371 1266/131/1266 2369/398/2369 1993/621/1993
f 450/144/450 2381/143/2381 1950/138/1950 451/137/451
f 2134/100/2134 2370/99/2370 2371/94/2371 1993/93/1993
f 431/631/431 2372/623/2372 2020/225/2020 1964/224/1964
f 2373/630/2373 439/370/439 639/371/639 640/624/640
f 2689/371/2689 2374/624/2374 2360/630/2360 1173/370/1173
f 2375/373/2375 440/372/440 2350/629/2350 2007/622/2007
f 471/334/471 2449/333/2449 1996/416/1996 1292/385/1292
f 536/287/536 2441/276/2441 473/279/473 472/288/472
f 2019/416/2019 1895/385/1895 477/334/477 2603/333/2603
f 568/398/568 2226/621/2226 438/628/438 1968/131/1968
f 2724/371/2724 357/624/357 1657/630/1657 442/370/442
f 1966/632/1966 2376/372/2376 566/380/566 2619/625/2619
f 645/380/645 1933/625/1933 449/632/449 1978/372/1978
f 2377/404/2377 2570/456/2570 471/334/471 1292/385/1292
f 397/138/397 781/137/781 2378/144/2378 1947/143/1947
f 2379/33/2379 2095/85/2095 1984/86/1984 2370/34/2370
f 2047/75/2047 338/83/338 2358/84/2358 781/76/781
f 1985/340/1985 1256/224/1256 2558/427/2558 2367/337/2367
f 2311/334/2311 1112/385/1112 2595/404/2595 2380/456/2380
f 2031/132/2031 1266/131/1266 1984/453/1984 2095/452/2095
f 647/380/647 2028/625/2028 2305/632/2305 455/372/455
f 450/340/450 2339/224/2339 646/427/646 2381/337/2381
f 2345/225/2345 2382/224/2382 2383/631/2383 2027/623/2027
f 2699/225/2699 1972/224/1972 1971/631/1971 2023/623/2023
f 999/468/999 478/448/478 2384/343/2384 2324/633/2324
f 2324/633/2324 2384/343/2384 1201/342/1201 2325/634/2325
f 478/448/478 999/468/999 989/467/989 479/418/479
f 2420/314/2420 482/313/482 2301/338/2301 502/337/502
f 469/458/469 480/411/480 481/307/481 2321/459/2321
f 2321/459/2321 481/307/481 1249/401/1249 1329/635/1329
f 480/411/480 469/458/469 2301/338/2301 482/313/482
f 1944/273/1944 2295/272/2295 483/310/483 527/309/527
f 1330/412/1330 483/310/483 2295/272/2295 2300/477/2300
f 2385/273/2385 2276/272/2276 2386/310/2386 1990/309/1990
f 2300/477/2300 484/476/484 1331/434/1331 1330/412/1330
f 1331/434/1331 484/476/484 2325/634/2325 1201/342/1201
f 2387/434/2387 485/412/485 1923/477/1923 1924/476/1924
f 2390/342/2390 2387/434/2387 1924/476/1924 409/634/409
f 2276/272/2276 1923/477/1923 485/412/485 2386/310/2386
f 501/419/501 486/418/486 2272/467/2272 2247/621/2247
f 2277/468/2277 2272/467/2272 486/418/486 2388/448/2388
f 1987/419/1987 1297/418/1297 1350/467/1350 412/621/412
f 2388/448/2388 2389/343/2389 458/633/458 2277/468/2277
f 409/634/409 458/633/458 2389/343/2389 2390/342/2390
f 1351/468/1351 2391/448/2391 487/343/487 1349/633/1349
f 1349/633/1349 487/343/487 2392/342/2392 2271/634/2271
f 2391/448/2391 1351/468/1351 1350/467/1350 1297/418/1297
f 2362/273/2362 2393/272/2393 1124/310/1124 1986/309/1986
f 2397/412/2397 1124/310/1124 2393/272/2393 2395/477/2395
f 2356/273/2356 436/272/436 1288/310/1288 2394/309/2394
f 2395/477/2395 2396/476/2396 2398/434/2398 2397/412/2397
f 2398/434/2398 2396/476/2396 2271/634/2271 2392/342/2392
f 2399/434/2399 488/412/488 2400/477/2400 2264/476/2264
f 2418/342/2418 2399/434/2399 2264/476/2264 415/634/415
f 436/272/436 2400/477/2400 488/412/488 1288/310/1288
f 2401/622/2401 2406/469/2406 2402/326/2402 2419/325/2419
f 2405/332/2405 2403/331/2403 2404/441/2404 489/440/489
f 1249/401/1249 2405/332/2405 489/440/489 1329/635/1329
f 2406/469/2406 2404/441/2404 2403/331/2403 2402/326/2402
f 1958/622/1958 2254/469/2254 2407/326/2407 500/325/500
f 2254/469/2254 1272/441/1272 2409/331/2409 2407/326/2407
f 2424/314/2424 2414/313/2414 2408/338/2408 2220/337/2220
f 2411/332/2411 2409/331/2409 1272/441/1272 1273/440/1273
f 2410/306/2410 2411/332/2411 1273/440/1273 796/463/796
f 2413/458/2413 490/405/490 2412/307/2412 776/459/776
f 776/459/776 2412/307/2412 2410/306/2410 796/463/796
f 490/405/490 2413/458/2413 2408/338/2408 2414/313/2414
f 2415/419/2415 492/418/492 420/467/420 2208/621/2208
f 421/468/421 420/467/420 492/418/492 491/448/491
f 2416/333/2416 503/336/503 1360/319/1360 1995/322/1995
f 491/448/491 2417/343/2417 977/633/977 421/468/421
f 415/634/415 977/633/977 2417/343/2417 2418/342/2418
f 2419/325/2419 1281/328/1281 493/374/493 2296/373/2296
f 2685/400/2685 493/374/493 1281/328/1281 2463/358/2463
f 1365/426/1365 494/311/494 2420/314/2420 2368/427/2368
f 494/311/494 1365/426/1365 2755/485/2755 2468/283/2468
f 1986/309/1986 2421/302/2421 2422/353/2422 2689/375/2689
f 2488/354/2488 2422/353/2422 2421/302/2421 1286/301/1286
f 1987/419/1987 499/398/499 495/397/495 2423/410/2423
f 2423/410/2423 495/397/495 2695/482/2695 532/348/532
f 2424/314/2424 2327/427/2327 1341/426/1341 496/311/496
f 496/311/496 1341/426/1341 2504/485/2504 2503/283/2503
f 2415/419/2415 1992/398/1992 2702/397/2702 2425/410/2425
f 2425/410/2425 2702/397/2702 694/482/694 2426/348/2426
f 2394/309/2394 2428/302/2428 2427/353/2427 1991/375/1991
f 529/354/529 2427/353/2427 2428/302/2428 528/301/528
f 2429/397/2429 497/410/497 2430/419/2430 2369/398/2369
f 497/410/497 2429/397/2429 1736/482/1736 2453/348/2453
f 527/309/527 2432/302/2432 1866/353/1866 526/375/526
f 2431/354/2431 1866/353/1866 2432/302/2432 533/301/533
f 501/419/501 2433/398/2433 2715/397/2715 2434/410/2434
f 2434/410/2434 2715/397/2715 530/482/530 531/348/531
f 500/325/500 2436/328/2436 2435/374/2435 1988/373/1988
f 692/400/692 2435/374/2435 2436/328/2436 1227/358/1227
f 1990/309/1990 2437/302/2437 498/353/498 1989/375/1989
f 534/354/534 498/353/498 2437/302/2437 1172/301/1172
f 2333/276/2333 1994/442/1994 2439/424/2439 2438/277/2438
f 503/336/503 1903/428/1903 504/390/504 1360/319/1360
f 1903/428/1903 2438/277/2438 2439/424/2439 504/390/504
f 2450/424/2450 2440/277/2440 2441/276/2441 1997/442/1997
f 2442/464/2442 529/354/529 528/301/528 1338/389/1338
f 506/437/506 2442/464/2442 1338/389/1338 505/350/505
f 508/286/508 506/437/506 505/350/505 507/349/507
f 508/286/508 507/349/507 1994/442/1994 2332/287/2332
f 2426/348/2426 694/482/694 2444/492/2444 2443/345/2443
f 2443/345/2443 2444/492/2444 1379/491/1379 1283/376/1283
f 1283/376/1283 1379/491/1379 2446/417/2446 2445/321/2445
f 1995/322/1995 2445/321/2445 2446/417/2446 535/416/535
f 2447/319/2447 2448/322/2448 2449/333/2449 1133/336/1133
f 2450/424/2450 2452/390/2452 2451/428/2451 2440/277/2440
f 2452/390/2452 2447/319/2447 1133/336/1133 2451/428/2451
f 1999/303/1999 1401/304/1401 1392/298/1392 537/425/537
f 2453/348/2453 1736/482/1736 658/492/658 2454/345/2454
f 2454/345/2454 658/492/658 509/491/509 1243/376/1243
f 1243/376/1243 509/491/509 2455/417/2455 510/321/510
f 2448/322/2448 510/321/510 2455/417/2455 1996/416/1996
f 536/287/536 2456/286/2456 1383/349/1383 1997/442/1997
f 512/350/512 1383/349/1383 2456/286/2456 511/437/511
f 514/389/514 512/350/512 511/437/511 513/464/513
f 533/301/533 514/389/514 513/464/513 2431/354/2431
f 2457/456/2457 2467/407/2467 1294/324/1294 515/457/515
f 1401/304/1401 2458/355/2458 2459/295/2459 1392/298/1392
f 2458/355/2458 515/457/515 1294/324/1294 2459/295/2459
f 2460/424/2460 2461/277/2461 2001/276/2001 2462/442/2462
f 661/495/661 2685/400/2685 2463/358/2463 2464/395/2464
f 663/402/663 661/495/661 2464/395/2464 2465/378/2465
f 1151/403/1151 663/402/663 2465/378/2465 2466/377/2466
f 1151/403/1151 2466/377/2466 2467/407/2467 1998/404/1998
f 2468/283/2468 2755/485/2755 2756/499/2756 516/280/516
f 516/280/516 2756/499/2756 2759/503/2759 1430/289/1430
f 1430/289/1430 2759/503/2759 665/387/665 517/408/517
f 537/425/537 517/408/517 665/387/665 2469/386/2469
f 518/319/518 2476/322/2476 2470/333/2470 1222/336/1222
f 2460/424/2460 2471/390/2471 2472/428/2472 2461/277/2461
f 2471/390/2471 518/319/518 1222/336/1222 2472/428/2472
f 2473/333/2473 521/336/521 1423/319/1423 2474/322/2474
f 531/348/531 530/482/530 670/492/670 2475/345/2475
f 2475/345/2475 670/492/670 2768/491/2768 519/376/519
f 519/376/519 2768/491/2768 2770/417/2770 520/321/520
f 2476/322/2476 520/321/520 2770/417/2770 2000/416/2000
f 2002/287/2002 2477/286/2477 2478/349/2478 2462/442/2462
f 2480/350/2480 2478/349/2478 2477/286/2477 2479/437/2479
f 2481/389/2481 2480/350/2480 2479/437/2479 2482/464/2482
f 1172/301/1172 2481/389/2481 2482/464/2482 534/354/534
f 2483/276/2483 2484/442/2484 1153/424/1153 1882/277/1882
f 521/336/521 522/428/522 2485/390/2485 1423/319/1423
f 522/428/522 1882/277/1882 1153/424/1153 2485/390/2485
f 524/324/524 2496/457/2496 2486/456/2486 2487/407/2487
f 523/464/523 2488/354/2488 1286/301/1286 2489/389/2489
f 1818/437/1818 523/464/523 2489/389/2489 2490/350/2490
f 1817/286/1817 1818/437/1818 2490/350/2490 2491/349/2491
f 1817/286/1817 2491/349/2491 2484/442/2484 538/287/538
f 532/348/532 2695/482/2695 835/492/835 2492/345/2492
f 2492/345/2492 835/492/835 2780/491/2780 2493/376/2493
f 2493/376/2493 2780/491/2780 676/417/676 2494/321/2494
f 2474/322/2474 2494/321/2494 676/417/676 539/416/539
f 1287/298/1287 2495/425/2495 540/303/540 1194/304/1194
f 524/324/524 2497/295/2497 2498/355/2498 2496/457/2496
f 2497/295/2497 1287/298/1287 1194/304/1194 2498/355/2498
f 2005/314/2005 1466/313/1466 2292/338/2292 565/337/565
f 2495/425/2495 1147/408/1147 2499/387/2499 2003/386/2003
f 2499/387/2499 1147/408/1147 2501/289/2501 2500/503/2500
f 2500/503/2500 2501/289/2501 914/280/914 2502/499/2502
f 2502/499/2502 914/280/914 2503/283/2503 2504/485/2504
f 2004/404/2004 2789/403/2789 525/377/525 2487/407/2487
f 2506/378/2506 525/377/525 2789/403/2789 2790/402/2790
f 2505/395/2505 2506/378/2506 2790/402/2790 2791/495/2791
f 1227/358/1227 2505/395/2505 2791/495/2791 692/400/692
f 1333/458/1333 1465/405/1465 2508/307/2508 2507/459/2507
f 2507/459/2507 2508/307/2508 2509/306/2509 2511/463/2511
f 1465/405/1465 1333/458/1333 2292/338/2292 1466/313/1466
f 567/622/567 463/469/463 542/326/542 2006/325/2006
f 541/331/541 542/326/542 463/469/463 2510/441/2510
f 2007/622/2007 2284/469/2284 1474/326/1474 2008/325/2008
f 2510/441/2510 462/440/462 543/332/543 541/331/541
f 543/332/543 462/440/462 2511/463/2511 2509/306/2509
f 1232/332/1232 2512/331/2512 544/441/544 2513/440/2513
f 2514/306/2514 1232/332/1232 2513/440/2513 2516/463/2516
f 2284/469/2284 544/441/544 2512/331/2512 1474/326/1474
f 2515/314/2515 547/313/547 546/338/546 2346/337/2346
f 1888/458/1888 546/338/546 547/313/547 545/405/545
f 1946/273/1946 1309/272/1309 1224/310/1224 2010/309/2010
f 545/405/545 548/307/548 549/459/549 1888/458/1888
f 2516/463/2516 549/459/549 548/307/548 2514/306/2514
f 2518/434/2518 2517/412/2517 2270/477/2270 2268/476/2268
f 2526/342/2526 2518/434/2518 2268/476/2268 2244/634/2244
f 1309/272/1309 2270/477/2270 2517/412/2517 1224/310/1224
f 2547/314/2547 1458/313/1458 2519/338/2519 2381/337/2381
f 1890/458/1890 2519/338/2519 1458/313/1458 1457/405/1457
f 2009/622/2009 2258/469/2258 2522/326/2522 570/325/570
f 1457/405/1457 1253/307/1253 2520/459/2520 1890/458/1890
f 2259/463/2259 2520/459/2520 1253/307/1253 560/306/560
f 2521/332/2521 1453/331/1453 2262/441/2262 2260/440/2260
f 560/306/560 2521/332/2521 2260/440/2260 2259/463/2259
f 2258/469/2258 2262/441/2262 1453/331/1453 2522/326/2522
f 2538/419/2538 2523/418/2523 425/467/425 1947/621/1947
f 550/448/550 2524/468/2524 425/467/425 2523/418/2523
f 2544/419/2544 2528/418/2528 2239/467/2239 2226/621/2226
f 2524/468/2524 550/448/550 2525/343/2525 2245/633/2245
f 2245/633/2245 2525/343/2525 2526/342/2526 2244/634/2244
f 422/468/422 551/448/551 1197/343/1197 2527/633/2527
f 2527/633/2527 1197/343/1197 2532/342/2532 1015/634/1015
f 551/448/551 422/468/422 2239/467/2239 2528/418/2528
f 2318/273/2318 553/272/553 2529/310/2529 569/309/569
f 553/272/553 552/477/552 1231/412/1231 2529/310/2529
f 599/314/599 2530/313/2530 2535/338/2535 2367/337/2367
f 2531/434/2531 1231/412/1231 552/477/552 2533/476/2533
f 2532/342/2532 2531/434/2531 2533/476/2533 1015/634/1015
f 2212/458/2212 554/405/554 2534/307/2534 2210/459/2210
f 2210/459/2210 2534/307/2534 1105/306/1105 564/463/564
f 554/405/554 2212/458/2212 2535/338/2535 2530/313/2530
f 1008/622/1008 1007/469/1007 1250/326/1250 2011/325/2011
f 2536/331/2536 1250/326/1250 1007/469/1007 555/441/555
f 2563/324/2563 571/457/571 2537/456/2537 609/407/609
f 555/441/555 418/440/418 1191/332/1191 2536/331/2536
f 1191/332/1191 418/440/418 564/463/564 1105/306/1105
f 2538/419/2538 2289/398/2289 2539/397/2539 2540/410/2540
f 2540/410/2540 2539/397/2539 2541/482/2541 2582/348/2582
f 2005/314/2005 2331/427/2331 2542/426/2542 556/311/556
f 556/311/556 2542/426/2542 2543/485/2543 1176/283/1176
f 2544/419/2544 568/398/568 2545/397/2545 557/410/557
f 557/410/557 2545/397/2545 2793/482/2793 601/348/601
f 569/309/569 558/302/558 2546/353/2546 2319/375/2319
f 1921/354/1921 2546/353/2546 558/302/558 2615/301/2615
f 2547/314/2547 646/427/646 626/426/626 2548/311/2548
f 2548/311/2548 626/426/626 2697/485/2697 603/283/603
f 2011/325/2011 2549/328/2549 2550/374/2550 598/373/598
f 2736/400/2736 2550/374/2550 2549/328/2549 604/358/604
f 2515/314/2515 2345/427/2345 1488/426/1488 2551/311/2551
f 2551/311/2551 1488/426/1488 2706/485/2706 2566/283/2566
f 570/325/570 1152/328/1152 559/374/559 2552/373/2552
f 2709/400/2709 559/374/559 1152/328/1152 600/358/600
f 2010/309/2010 561/302/561 2553/353/2553 2297/375/2297
f 2763/354/2763 2553/353/2553 561/302/561 1143/301/1143
f 2006/325/2006 2554/328/2554 2555/374/2555 566/373/566
f 2554/328/2554 605/358/605 606/400/606 2555/374/2555
f 2008/325/2008 2556/328/2556 2557/374/2557 2375/373/2375
f 2720/400/2720 2557/374/2557 2556/328/2556 602/358/602
f 599/314/599 2558/427/2558 562/426/562 563/311/563
f 563/311/563 562/426/562 2721/485/2721 2559/283/2559
f 1304/298/1304 2560/425/2560 2561/303/2561 2562/304/2562
f 2563/324/2563 2564/295/2564 1880/355/1880 571/457/571
f 2564/295/2564 1304/298/1304 2562/304/2562 1880/355/1880
f 2343/303/2343 2565/304/2565 573/298/573 610/425/610
f 2566/283/2566 2706/485/2706 651/499/651 572/280/572
f 572/280/572 651/499/651 652/503/652 1255/289/1255
f 1255/289/1255 652/503/652 653/387/653 2567/408/2567
f 2560/425/2560 2567/408/2567 653/387/653 607/386/607
f 608/404/608 2734/403/2734 1573/377/1573 609/407/609
f 2568/378/2568 1573/377/1573 2734/403/2734 656/402/656
f 2569/395/2569 2568/378/2568 656/402/656 1706/495/1706
f 602/358/602 2569/395/2569 1706/495/1706 2720/400/2720
f 2570/456/2570 2571/407/2571 2572/324/2572 574/457/574
f 2565/304/2565 2573/355/2573 2574/295/2574 573/298/573
f 2573/355/2573 574/457/574 2572/324/2572 2574/295/2574
f 1517/424/1517 578/277/578 611/276/611 612/442/612
f 2737/495/2737 2736/400/2736 604/358/604 2576/395/2576
f 2575/402/2575 2737/495/2737 2576/395/2576 575/378/575
f 2739/403/2739 2575/402/2575 575/378/575 1509/377/1509
f 2739/403/2739 1509/377/1509 2571/407/2571 2377/404/2377
f 2559/283/2559 2721/485/2721 576/499/576 1252/280/1252
f 1252/280/1252 576/499/576 577/503/577 2577/289/2577
f 2577/289/2577 577/503/577 2579/387/2579 2578/408/2578
f 610/425/610 2578/408/2578 2579/387/2579 2012/386/2012
f 1130/319/1130 2013/322/2013 2290/333/2290 580/336/580
f 1517/424/1517 579/390/579 1920/428/1920 578/277/578
f 579/390/579 1130/319/1130 580/336/580 1920/428/1920
f 2580/303/2580 583/304/583 2581/298/2581 2598/425/2598
f 2582/348/2582 2541/482/2541 581/502/581 1144/318/1144
f 1144/318/1144 581/502/581 2583/501/2583 2584/315/2584
f 2584/315/2584 2583/501/2583 2585/417/2585 2586/321/2586
f 2013/322/2013 2586/321/2586 2585/417/2585 2291/416/2291
f 2344/287/2344 1525/286/1525 582/349/582 612/442/612
f 2587/350/2587 582/349/582 1525/286/1525 2588/437/2588
f 1527/389/1527 2587/350/2587 2588/437/2588 2589/464/2589
f 1143/301/1143 1527/389/1527 2589/464/2589 2763/354/2763
f 2380/456/2380 2014/407/2014 2590/324/2590 1891/457/1891
f 583/304/583 1892/355/1892 584/295/584 2581/298/2581
f 1892/355/1892 1891/457/1891 2590/324/2590 584/295/584
f 1545/324/1545 588/457/588 2591/456/2591 2592/407/2592
f 2764/495/2764 2709/400/2709 600/358/600 2593/395/2593
f 2766/402/2766 2764/495/2764 2593/395/2593 585/378/585
f 668/403/668 2766/402/2766 585/378/585 2594/377/2594
f 668/403/668 2594/377/2594 2014/407/2014 2595/404/2595
f 603/283/603 2697/485/2697 586/499/586 2596/280/2596
f 2596/280/2596 586/499/586 2597/503/2597 587/289/587
f 587/289/587 2597/503/2597 1930/387/1930 2599/408/2599
f 2598/425/2598 2599/408/2599 1930/387/1930 2600/386/2600
f 1230/298/1230 2601/425/2601 2016/303/2016 1910/304/1910
f 1545/324/1545 2602/295/2602 589/355/589 588/457/588
f 2602/295/2602 1230/298/1230 1910/304/1910 589/355/589
f 2603/333/2603 594/336/594 1550/319/1550 2018/322/2018
f 1176/283/1176 2543/485/2543 675/499/675 2604/280/2604
f 2604/280/2604 675/499/675 2605/503/2605 590/289/590
f 590/289/590 2605/503/2605 591/387/591 2606/408/2606
f 2601/425/2601 2606/408/2606 591/387/591 2015/386/2015
f 2330/404/2330 2607/403/2607 592/377/592 2592/407/2592
f 593/378/593 592/377/592 2607/403/2607 2608/402/2608
f 2609/395/2609 593/378/593 2608/402/2608 2610/495/2610
f 605/358/605 2609/395/2609 2610/495/2610 606/400/606
f 2298/276/2298 2017/442/2017 596/424/596 595/277/595
f 594/336/594 1908/428/1908 2611/390/2611 1550/319/1550
f 1908/428/1908 595/277/595 596/424/596 2611/390/2611
f 2612/13/2612 1913/12/1913 2613/51/2613 2201/52/2201
f 2614/464/2614 1921/354/1921 2615/301/2615 1284/389/1284
f 2786/437/2786 2614/464/2614 1284/389/1284 1567/350/1567
f 597/286/597 2786/437/2786 1567/350/1567 1566/349/1566
f 597/286/597 1566/349/1566 2017/442/2017 2616/287/2616
f 601/348/601 2793/482/2793 2792/492/2792 2617/345/2617
f 2617/345/2617 2792/492/2792 2795/491/2795 1128/376/1128
f 1128/376/1128 2795/491/2795 2797/417/2797 1551/321/1551
f 2018/322/2018 1551/321/1551 2797/417/2797 2019/416/2019
f 1617/512/1617 2618/511/2618 1314/112/1314 1313/111/1313
f 2618/511/2618 2619/625/2619 2620/114/2620 1314/112/1314
f 1313/111/1313 2621/210/2621 378/627/378 1617/512/1617
f 2622/626/2622 378/627/378 2621/210/2621 638/161/638
f 2623/228/2623 367/223/367 2202/429/2202 366/294/366
f 2629/195/2629 2623/228/2623 366/294/366 317/293/317
f 2199/430/2199 2202/429/2202 367/223/367 1217/222/1217
f 1217/222/1217 2624/399/2624 2625/623/2625 2199/430/2199
f 352/118/352 2198/117/2198 1132/120/1132 2626/125/2626
f 2198/117/2198 687/624/687 686/121/686 1132/120/1132
f 2626/125/2626 2627/124/2627 2628/127/2628 352/118/352
f 317/293/317 2628/127/2628 2627/124/2627 2629/195/2629
f 351/228/351 2630/223/2630 1214/429/1214 350/294/350
f 2633/195/2633 351/228/351 350/294/350 2193/293/2193
f 1632/430/1632 1214/429/1214 2630/223/2630 349/222/349
f 349/222/349 634/399/634 2372/623/2372 1632/430/1632
f 377/118/377 348/117/348 2631/120/2631 1592/125/1592
f 348/117/348 2374/624/2374 635/121/635 2631/120/2631
f 1592/125/1592 2632/124/2632 2191/127/2191 377/118/377
f 2193/293/2193 2191/127/2191 2632/124/2632 2633/195/2633
f 1641/451/1641 2634/508/2634 2635/134/2635 1135/133/1135
f 1135/133/1135 2636/284/2636 2637/452/2637 1641/451/1641
f 2638/160/2638 2635/134/2635 2634/508/2634 2639/507/2639
f 2676/161/2676 2638/160/2638 2639/507/2639 331/626/331
f 2640/512/2640 2643/111/2643 2642/210/2642 2641/627/2641
f 2641/627/2641 2642/210/2642 630/161/630 631/626/631
f 2643/111/2643 2640/512/2640 2122/511/2122 2644/112/2644
f 2122/511/2122 2309/625/2309 2717/114/2717 2644/112/2644
f 324/223/324 322/222/322 323/430/323 1645/429/1645
f 322/222/322 2696/399/2696 2340/623/2340 323/430/323
f 1645/429/1645 321/294/321 2645/228/2645 324/223/324
f 2645/228/2645 321/294/321 2657/293/2657 633/195/633
f 756/125/756 2110/118/2110 2108/117/2108 2646/120/2646
f 2108/117/2108 2109/624/2109 2647/121/2647 2646/120/2646
f 2110/118/2110 756/125/756 2648/124/2648 2105/127/2105
f 2105/127/2105 2648/124/2648 2663/195/2663 2664/293/2664
f 2652/160/2652 312/134/312 2649/508/2649 2650/507/2650
f 2651/161/2651 2652/160/2652 2650/507/2650 2653/626/2653
f 2102/451/2102 2649/508/2649 312/134/312 311/133/311
f 311/133/311 2682/284/2682 338/452/338 2102/451/2102
f 2654/118/2654 2655/125/2655 2656/124/2656 1655/127/1655
f 1655/127/1655 2656/124/2656 633/195/633 2657/293/2657
f 2655/125/2655 2654/118/2654 2658/117/2658 310/120/310
f 2658/117/2658 357/624/357 2723/121/2723 310/120/310
f 613/118/613 2659/125/2659 614/124/614 1663/127/1663
f 1663/127/1663 614/124/614 2670/195/2670 1667/293/1667
f 2659/125/2659 613/118/613 2660/117/2660 1158/120/1158
f 2660/117/2660 640/624/640 2022/121/2022 1158/120/1158
f 784/209/784 615/636/615 616/511/616 783/112/783
f 616/511/616 2028/625/2028 648/114/648 783/112/783
f 615/636/615 784/209/784 2661/210/2661 2662/627/2662
f 2662/627/2662 2661/210/2661 2651/161/2651 2653/626/2653
f 617/228/617 2666/223/2666 2665/429/2665 355/294/355
f 2663/195/2663 617/228/617 355/294/355 2664/293/2664
f 354/430/354 2665/429/2665 2666/223/2666 2667/222/2667
f 2667/222/2667 2687/399/2687 336/623/336 354/430/354
f 707/430/707 2669/429/2669 2668/223/2668 618/222/618
f 618/222/618 2024/399/2024 2023/623/2023 707/430/707
f 817/228/817 2668/223/2668 2669/429/2669 1668/294/1668
f 2670/195/2670 817/228/817 1668/294/1668 1667/293/1667
f 2671/134/2671 2673/133/2673 2112/451/2112 2672/508/2672
f 2673/133/2673 643/284/643 2113/452/2113 2112/451/2112
f 2672/508/2672 2674/507/2674 619/160/619 2671/134/2671
f 619/160/619 2674/507/2674 631/626/631 630/161/630
f 704/512/704 1264/111/1264 2675/210/2675 329/627/329
f 329/627/329 2675/210/2675 2676/161/2676 331/626/331
f 1264/111/1264 704/512/704 2097/511/2097 1638/112/1638
f 2097/511/2097 359/625/359 2677/114/2677 1638/112/1638
f 2678/160/2678 2679/134/2679 328/508/328 702/507/702
f 2681/161/2681 2678/160/2678 702/507/702 2092/626/2092
f 325/451/325 328/508/328 2679/134/2679 2680/133/2680
f 2680/133/2680 685/284/685 2095/452/2095 325/451/325
f 382/512/382 2094/511/2094 719/112/719 620/111/620
f 2094/511/2094 2326/625/2326 2030/114/2030 719/112/719
f 620/111/620 1215/210/1215 2091/627/2091 382/512/382
f 2092/626/2092 2091/627/2091 1215/210/1215 2681/161/2681
f 2682/284/2682 2683/285/2683 734/129/734 649/132/649
f 2541/153/2541 734/129/734 2683/285/2683 2751/359/2751
f 648/114/648 647/380/647 2684/104/2684 621/113/621
f 621/113/621 2684/104/2684 2685/103/2685 2748/367/2748
f 634/399/634 622/361/622 623/218/623 2020/225/2020
f 2543/219/2543 623/218/623 622/361/622 2686/360/2686
f 2687/399/2687 2688/361/2688 1582/218/1582 650/225/650
f 2755/219/2755 1582/218/1582 2688/361/2688 2754/360/2754
f 2422/191/2422 2690/122/2690 635/121/635 2689/371/2689
f 2690/122/2690 2422/191/2422 2488/190/2488 689/366/689
f 2636/284/2636 2691/285/2691 624/129/624 2021/132/2021
f 2793/153/2793 624/129/624 2691/285/2691 2692/359/2692
f 1620/191/1620 2693/122/2693 2022/121/2022 639/371/639
f 2693/122/2693 1620/191/1620 1921/190/1921 1009/366/1009
f 636/284/636 625/285/625 2694/129/2694 637/132/637
f 2695/153/2695 2694/129/2694 625/285/625 1316/359/1316
f 2696/399/2696 1137/361/1137 626/218/626 646/225/646
f 2697/219/2697 626/218/626 1137/361/1137 2698/360/2698
f 2024/399/2024 627/361/627 2700/218/2700 2699/225/2699
f 2504/219/2504 2700/218/2700 627/361/627 1116/360/1116
f 2030/114/2030 598/380/598 2550/104/2550 1239/113/1239
f 1239/113/1239 2550/104/2550 2736/103/2736 1237/367/1237
f 643/284/643 2701/285/2701 2702/129/2702 1992/132/1992
f 694/153/694 2702/129/2702 2701/285/2701 1209/359/1209
f 2703/191/2703 2704/122/2704 2026/121/2026 2354/371/2354
f 2704/122/2704 2703/191/2703 529/190/529 2728/366/2728
f 685/284/685 2705/285/2705 628/129/628 2031/132/2031
f 2705/285/2705 1715/359/1715 1736/153/1736 628/129/628
f 2142/399/2142 2707/361/2707 1488/218/1488 2345/225/2345
f 2706/219/2706 1488/218/1488 2707/361/2707 2730/360/2730
f 644/114/644 645/380/645 2708/104/2708 1167/113/1167
f 1167/113/1167 2708/104/2708 2709/103/2709 688/367/688
f 686/121/686 526/371/526 1866/191/1866 2710/122/2710
f 2710/122/2710 1866/191/1866 2431/190/2431 2747/366/2747
f 2712/191/2712 2711/122/2711 2647/121/2647 2029/371/2029
f 2711/122/2711 2712/191/2712 2763/190/2763 2713/366/2713
f 2714/284/2714 629/285/629 2715/129/2715 2433/132/2433
f 530/153/530 2715/129/2715 629/285/629 690/359/690
f 2620/114/2620 566/380/566 2555/104/2555 1178/113/1178
f 1178/113/1178 2555/104/2555 606/103/606 1156/367/1156
f 2716/104/2716 1637/113/1637 2677/114/2677 2025/380/2025
f 1637/113/1637 2716/104/2716 692/103/692 693/367/693
f 2717/114/2717 641/380/641 2718/104/2718 2719/113/2719
f 2719/113/2719 2718/104/2718 2720/103/2720 691/367/691
f 2624/399/2624 2722/361/2722 632/218/632 2032/225/2032
f 2721/219/2721 632/218/632 2722/361/2722 1216/360/1216
f 2723/121/2723 2724/371/2724 2726/191/2726 2725/122/2725
f 2725/122/2725 2726/191/2726 534/190/534 2775/366/2775
f 529/190/529 2442/415/2442 2727/362/2727 2728/366/2728
f 1118/363/1118 2727/362/2727 2442/415/2442 506/268/506
f 1118/363/1118 506/268/506 508/267/508 2729/382/2729
f 2729/382/2729 508/267/508 1219/435/1219 1699/239/1699
f 2730/360/2730 1681/396/1681 651/245/651 2706/219/2706
f 651/245/651 1681/396/1681 2731/381/2731 652/237/652
f 653/238/653 652/237/652 2731/381/2731 2732/240/2732
f 1219/435/1219 653/238/653 2732/240/2732 1699/239/1699
f 1209/359/1209 1688/443/1688 2444/253/2444 694/153/694
f 2444/253/2444 1688/443/1688 654/423/654 1379/254/1379
f 2446/265/2446 1379/254/1379 654/423/654 2733/422/2733
f 1906/384/1906 2446/265/2446 2733/422/2733 695/445/695
f 1906/384/1906 695/445/695 1705/420/1705 2734/259/2734
f 2734/259/2734 1705/420/1705 655/392/655 656/260/656
f 1706/519/1706 656/260/656 655/392/655 2735/368/2735
f 2735/368/2735 691/367/691 2720/103/2720 1706/519/1706
f 2736/103/2736 2737/519/2737 2738/368/2738 1237/367/1237
f 1312/392/1312 2738/368/2738 2737/519/2737 2575/260/2575
f 1312/392/1312 2575/260/2575 2739/259/2739 2740/420/2740
f 2740/420/2740 2739/259/2739 2742/384/2742 1735/445/1735
f 1715/359/1715 657/443/657 658/253/658 1736/153/1736
f 658/253/658 657/443/657 2741/455/2741 509/254/509
f 2455/265/2455 509/254/509 2741/455/2741 2743/422/2743
f 2742/384/2742 2455/265/2455 2743/422/2743 1735/445/1735
f 1216/360/1216 659/396/659 576/245/576 2721/219/2721
f 576/245/576 659/396/659 2744/381/2744 577/237/577
f 2579/238/2579 577/237/577 2744/381/2744 660/240/660
f 2745/435/2745 2579/238/2579 660/240/660 1739/239/1739
f 2745/435/2745 1739/239/1739 1742/382/1742 2456/267/2456
f 2456/267/2456 1742/382/1742 2746/363/2746 511/268/511
f 513/415/513 511/268/511 2746/363/2746 1310/362/1310
f 1310/362/1310 2747/366/2747 2431/190/2431 513/415/513
f 2685/103/2685 661/519/661 662/368/662 2748/367/2748
f 664/392/664 662/368/662 661/519/661 663/260/663
f 664/392/664 663/260/663 1151/259/1151 2749/420/2749
f 2749/420/2749 1151/259/1151 696/384/696 2750/445/2750
f 2751/359/2751 1753/454/1753 581/523/581 2541/153/2541
f 581/523/581 1753/454/1753 2752/444/2752 2583/446/2583
f 2585/265/2585 2583/446/2583 2752/444/2752 2753/422/2753
f 696/384/696 2585/265/2585 2753/422/2753 2750/445/2750
f 2754/360/2754 2757/396/2757 2756/245/2756 2755/219/2755
f 2756/245/2756 2757/396/2757 2758/381/2758 2759/237/2759
f 665/238/665 2759/237/2759 2758/381/2758 2760/240/2760
f 697/435/697 665/238/665 2760/240/2760 2761/239/2761
f 697/435/697 2761/239/2761 1772/382/1772 1525/267/1525
f 1525/267/1525 1772/382/1772 666/363/666 2588/268/2588
f 2589/415/2589 2588/268/2588 666/363/666 2762/362/2762
f 2762/362/2762 2713/366/2713 2763/190/2763 2589/415/2589
f 2709/103/2709 2764/519/2764 667/368/667 688/367/688
f 2765/392/2765 667/368/667 2764/519/2764 2766/260/2766
f 2765/392/2765 2766/260/2766 668/259/668 669/420/669
f 669/420/669 668/259/668 2767/384/2767 698/445/698
f 690/359/690 1776/443/1776 670/253/670 530/153/530
f 670/253/670 1776/443/1776 2769/423/2769 2768/254/2768
f 2770/265/2770 2768/254/2768 2769/423/2769 671/422/671
f 2767/384/2767 2770/265/2770 671/422/671 698/445/698
f 2698/360/2698 2771/396/2771 586/245/586 2697/219/2697
f 586/245/586 2771/396/2771 672/381/672 2597/237/2597
f 1930/238/1930 2597/237/2597 672/381/672 2772/240/2772
f 1897/435/1897 1930/238/1930 2772/240/2772 2773/239/2773
f 1897/435/1897 2773/239/2773 1797/382/1797 2477/267/2477
f 2477/267/2477 1797/382/1797 1236/363/1236 2479/268/2479
f 2482/415/2482 2479/268/2479 1236/363/1236 2774/362/2774
f 2774/362/2774 2775/366/2775 534/190/534 2482/415/2482
f 2488/190/2488 523/415/523 1182/362/1182 689/366/689
f 673/363/673 1182/362/1182 523/415/523 1818/268/1818
f 673/363/673 1818/268/1818 1817/267/1817 1823/382/1823
f 1823/382/1823 1817/267/1817 2776/435/2776 2779/239/2779
f 2686/360/2686 674/396/674 675/245/675 2543/219/2543
f 675/245/675 674/396/674 2777/381/2777 2605/237/2605
f 591/238/591 2605/237/2605 2777/381/2777 2778/240/2778
f 2776/435/2776 591/238/591 2778/240/2778 2779/239/2779
f 1316/359/1316 1811/443/1811 835/253/835 2695/153/2695
f 835/253/835 1811/443/1811 1812/423/1812 2780/254/2780
f 676/265/676 2780/254/2780 1812/423/1812 2781/422/2781
f 699/384/699 676/265/676 2781/422/2781 2782/445/2782
f 699/384/699 2782/445/2782 2783/420/2783 2607/259/2607
f 2607/259/2607 2783/420/2783 677/392/677 2608/260/2608
f 2610/519/2610 2608/260/2608 677/392/677 1165/368/1165
f 1165/368/1165 1156/367/1156 606/103/606 2610/519/2610
f 678/240/678 700/239/700 2788/435/2788 2499/238/2499
f 679/381/679 678/240/678 2499/238/2499 2500/237/2500
f 679/381/679 2500/237/2500 2502/245/2502 2784/396/2784
f 2502/245/2502 2504/219/2504 1116/360/1116 2784/396/2784
f 1921/190/1921 2614/415/2614 1067/362/1067 1009/366/1009
f 2785/363/2785 1067/362/1067 2614/415/2614 2786/268/2786
f 2785/363/2785 2786/268/2786 597/267/597 2787/382/2787
f 2787/382/2787 597/267/597 2788/435/2788 700/239/700
f 2796/384/2796 2798/445/2798 680/420/680 2789/259/2789
f 2789/259/2789 680/420/680 681/392/681 2790/260/2790
f 2791/519/2791 2790/260/2790 681/392/681 682/368/682
f 682/368/682 693/367/693 692/103/692 2791/519/2791
f 2692/359/2692 683/443/683 2792/253/2792 2793/153/2793
f 2792/253/2792 683/443/683 2794/423/2794 2795/254/2795
f 2797/265/2797 2795/254/2795 2794/423/2794 684/422/684
f 2796/384/2796 2797/265/2797 684/422/684 2798/445/2798
